# Host: Localhost  (Version 5.5.5-10.4.32-MariaDB)
# Date: 2026-01-26 22:01:49
# Generator: MySQL-Front 6.0  (Build 2.20)


#
# Structure for table "akun"
#

CREATE TABLE `akun` (
  `id` bigint(20) unsigned NOT NULL AUTO_INCREMENT,
  `kode` varchar(10) NOT NULL,
  `uraian` varchar(255) NOT NULL,
  `created_at` timestamp NULL DEFAULT NULL,
  `updated_at` timestamp NULL DEFAULT NULL,
  PRIMARY KEY (`id`),
  UNIQUE KEY `akun_kode_unique` (`kode`)
) ENGINE=InnoDB AUTO_INCREMENT=2 DEFAULT CHARSET=utf8mb4 COLLATE=utf8mb4_unicode_ci;

#
# Data for table "akun"
#

INSERT INTO `akun` VALUES (1,'5','BELANJA DAERAH','2025-11-08 22:08:22','2025-11-08 22:08:22');

#
# Structure for table "dokumen_counter"
#

CREATE TABLE `dokumen_counter` (
  `id` bigint(20) unsigned NOT NULL AUTO_INCREMENT,
  `id_unit` bigint(20) unsigned NOT NULL,
  `tahun` year(4) NOT NULL,
  `jenis_dokumen` varchar(20) NOT NULL,
  `nomor_terakhir` int(11) NOT NULL DEFAULT 0,
  `created_at` timestamp NULL DEFAULT NULL,
  `updated_at` timestamp NULL DEFAULT NULL,
  PRIMARY KEY (`id`),
  UNIQUE KEY `dokumen_counter_id_unit_tahun_jenis_dokumen_unique` (`id_unit`,`tahun`,`jenis_dokumen`)
) ENGINE=InnoDB AUTO_INCREMENT=43 DEFAULT CHARSET=utf8mb4 COLLATE=utf8mb4_unicode_ci;

#
# Data for table "dokumen_counter"
#

INSERT INTO `dokumen_counter` VALUES (8,28,2025,'SPJ',32,'2025-11-10 15:31:08','2025-12-06 13:26:07'),(9,28,2025,'KW',32,'2025-11-10 15:31:08','2025-12-06 13:26:07'),(10,28,2025,'NP',32,'2025-11-10 15:31:08','2025-12-06 13:26:07'),(11,28,2025,'BAPP',32,'2025-11-10 15:31:08','2025-12-06 13:26:07'),(12,28,2025,'BAPB',32,'2025-11-10 15:31:08','2025-12-06 13:26:07'),(13,28,2025,'BAST',32,'2025-11-10 15:31:08','2025-12-06 13:26:07'),(14,28,2025,'BA-TRM',32,'2025-11-10 15:31:08','2025-12-06 13:26:07'),(15,23,2025,'SPJ',25,'2025-11-10 15:32:25','2025-11-26 13:14:42'),(16,23,2025,'KW',25,'2025-11-10 15:32:25','2025-11-26 13:14:42'),(17,23,2025,'NP',25,'2025-11-10 15:32:25','2025-11-26 13:14:42'),(18,23,2025,'BAPP',25,'2025-11-10 15:32:25','2025-11-26 13:14:42'),(19,23,2025,'BAPB',25,'2025-11-10 15:32:25','2025-11-26 13:14:42'),(20,23,2025,'BAST',25,'2025-11-10 15:32:25','2025-11-26 13:14:42'),(21,23,2025,'BA-TRM',25,'2025-11-10 15:32:25','2025-11-26 13:14:42'),(22,23,2026,'SPJ',0,'2025-11-10 15:59:26','2025-11-10 15:59:26'),(23,23,2026,'KW',0,'2025-11-10 15:59:26','2025-11-10 15:59:26'),(24,23,2026,'NP',0,'2025-11-10 15:59:26','2025-11-10 15:59:26'),(25,23,2026,'BAPP',0,'2025-11-10 15:59:26','2025-11-10 15:59:26'),(26,23,2026,'BAPB',0,'2025-11-10 15:59:26','2025-11-10 15:59:26'),(27,23,2026,'BAST',0,'2025-11-10 15:59:26','2025-11-10 15:59:26'),(28,23,2026,'BA-TRM',0,'2025-11-10 15:59:26','2025-11-10 15:59:26'),(29,28,2026,'SPJ',2,'2026-01-21 09:23:01','2026-01-21 09:24:55'),(30,28,2026,'KW',2,'2026-01-21 09:23:01','2026-01-21 09:24:55'),(31,28,2026,'NP',2,'2026-01-21 09:23:01','2026-01-21 09:24:55'),(32,28,2026,'BAPP',2,'2026-01-21 09:23:01','2026-01-21 09:24:55'),(33,28,2026,'BAPB',2,'2026-01-21 09:23:01','2026-01-21 09:24:55'),(34,28,2026,'BAST',2,'2026-01-21 09:23:01','2026-01-21 09:24:55'),(35,28,2026,'BA-TRM',2,'2026-01-21 09:23:01','2026-01-21 09:24:55'),(36,40,2026,'SPJ',1,'2026-01-21 10:14:36','2026-01-21 10:14:36'),(37,40,2026,'KW',1,'2026-01-21 10:14:36','2026-01-21 10:14:36'),(38,40,2026,'NP',1,'2026-01-21 10:14:36','2026-01-21 10:14:36'),(39,40,2026,'BAPP',1,'2026-01-21 10:14:36','2026-01-21 10:14:36'),(40,40,2026,'BAPB',1,'2026-01-21 10:14:36','2026-01-21 10:14:36'),(41,40,2026,'BAST',1,'2026-01-21 10:14:36','2026-01-21 10:14:36'),(42,40,2026,'BA-TRM',1,'2026-01-21 10:14:36','2026-01-21 10:14:36');

#
# Structure for table "failed_jobs"
#

CREATE TABLE `failed_jobs` (
  `id` bigint(20) unsigned NOT NULL AUTO_INCREMENT,
  `uuid` varchar(255) NOT NULL,
  `connection` text NOT NULL,
  `queue` text NOT NULL,
  `payload` longtext NOT NULL,
  `exception` longtext NOT NULL,
  `failed_at` timestamp NOT NULL DEFAULT current_timestamp(),
  PRIMARY KEY (`id`),
  UNIQUE KEY `failed_jobs_uuid_unique` (`uuid`)
) ENGINE=InnoDB DEFAULT CHARSET=utf8mb4 COLLATE=utf8mb4_unicode_ci;

#
# Data for table "failed_jobs"
#


#
# Structure for table "kelompok"
#

CREATE TABLE `kelompok` (
  `id` bigint(20) unsigned NOT NULL AUTO_INCREMENT,
  `id_akun` bigint(20) unsigned NOT NULL DEFAULT 0,
  `kode` varchar(10) NOT NULL,
  `uraian` varchar(255) NOT NULL,
  `created_at` timestamp NULL DEFAULT NULL,
  `updated_at` timestamp NULL DEFAULT NULL,
  PRIMARY KEY (`id`),
  UNIQUE KEY `kelompok_kode_unique` (`kode`),
  KEY `kelompok_akun_id_foreign` (`id_akun`),
  CONSTRAINT `kelompok_akun_id_foreign` FOREIGN KEY (`id_akun`) REFERENCES `akun` (`id`) ON DELETE CASCADE
) ENGINE=InnoDB AUTO_INCREMENT=8 DEFAULT CHARSET=utf8mb4 COLLATE=utf8mb4_unicode_ci;

#
# Data for table "kelompok"
#

INSERT INTO `kelompok` VALUES (5,1,'5.1','BELANJA OPERASI','2025-11-08 22:33:30','2025-11-08 22:33:30'),(6,1,'5.2','BELANJA MODAL','2025-11-08 22:33:30','2025-11-08 22:33:30'),(7,1,'5.3','BELANJA TIDAK TERDUGA','2025-11-08 22:33:30','2025-11-08 22:33:30');

#
# Structure for table "jenis"
#

CREATE TABLE `jenis` (
  `id` bigint(20) unsigned NOT NULL AUTO_INCREMENT,
  `id_kelompok` bigint(20) unsigned NOT NULL DEFAULT 0,
  `kode` varchar(15) NOT NULL,
  `uraian` varchar(255) NOT NULL,
  `created_at` timestamp NULL DEFAULT NULL,
  `updated_at` timestamp NULL DEFAULT NULL,
  PRIMARY KEY (`id`),
  UNIQUE KEY `jenis_kode_unique` (`kode`),
  KEY `jenis_kelompok_id_foreign` (`id_kelompok`),
  CONSTRAINT `jenis_kelompok_id_foreign` FOREIGN KEY (`id_kelompok`) REFERENCES `kelompok` (`id`) ON DELETE CASCADE
) ENGINE=InnoDB AUTO_INCREMENT=12 DEFAULT CHARSET=utf8mb4 COLLATE=utf8mb4_unicode_ci;

#
# Data for table "jenis"
#

INSERT INTO `jenis` VALUES (1,5,'5.1.01','Belanja Pegawai','2025-11-08 22:38:33','2025-11-08 22:38:33'),(2,5,'5.1.02','Belanja Barang dan Jasa','2025-11-08 22:38:33','2025-11-08 22:38:33'),(3,5,'5.1.05','Belanja Hibah','2025-11-08 22:38:33','2025-11-08 22:38:33'),(4,5,'5.1.06','Belanja Bantuan Sosial','2025-11-08 22:38:33','2025-11-08 22:38:33'),(5,6,'5.2.01','Belanja Modal Tanah','2025-11-08 22:38:33','2025-11-08 22:38:33'),(6,6,'5.2.02','Belanja Modal Peralatan dan Mesin','2025-11-08 22:38:33','2025-11-08 22:38:33'),(7,6,'5.2.03','Belanja Modal Gedung dan Bangunan','2025-11-08 22:38:33','2025-11-08 22:38:33'),(8,6,'5.2.04','Belanja Modal Jalan, Jaringan, dan Irigasi','2025-11-08 22:38:33','2025-11-08 22:38:33'),(9,6,'5.2.05','Belanja Modal Aset Tetap Lainnya','2025-11-08 22:38:33','2025-11-08 22:38:33'),(10,6,'5.2.06','Belanja Modal Aset Lainnya','2025-11-08 22:38:33','2025-11-08 22:38:33'),(11,7,'5.3.01','Belanja Tidak Terduga','2025-11-08 22:38:33','2025-11-08 22:38:33');

#
# Structure for table "migrations"
#

CREATE TABLE `migrations` (
  `id` int(10) unsigned NOT NULL AUTO_INCREMENT,
  `migration` varchar(255) NOT NULL,
  `batch` int(11) NOT NULL,
  PRIMARY KEY (`id`)
) ENGINE=InnoDB AUTO_INCREMENT=23 DEFAULT CHARSET=utf8mb4 COLLATE=utf8mb4_unicode_ci;

#
# Data for table "migrations"
#

INSERT INTO `migrations` VALUES (1,'2014_10_12_000000_create_users_table',1),(2,'2014_10_12_100000_create_password_reset_tokens_table',1),(3,'2019_08_19_000000_create_failed_jobs_table',1),(4,'2019_12_14_000001_create_personal_access_tokens_table',1),(5,'2025_10_19_190631_create_sp2d_logs_table',1),(6,'2025_11_02_000001_create_struktur_pemerintahan_tables',1),(7,'2025_11_02_000002_create_anggaran_tables',1),(8,'2025_11_02_000003_create_indikator_kinerja_table',1),(9,'2025_11_02_000004_create_master_rekening_pejabat_sumberdana',1),(10,'2025_11_02_125546_add_role_and_opd_to_users_table',1),(11,'2025_11_02_154434_create_rekening_tables',1),(12,'2025_11_02_154530_create_akuns_table',1),(13,'2025_11_09_182748_create_spj_table',2),(14,'2025_11_09_182835_create_spj_detail_table',3),(15,'2025_11_09_200959_add_nomor_dokumen_to_spj_table',4),(16,'2025_11_10_140555_create_dokumen_counter_table',5),(17,'2025_11_19_132758_create_pptk_table',6),(18,'2025_11_19_133205_add_pptk_to_sub_kegiatan',7),(19,'2025_11_19_134814_add_id_pptk_to_anggaran_table',8),(20,'2025_11_19_173532_add_id_rekanan_to_spj_table',9),(21,'2025_11_26_115650_create_daftar_penerima_honor_table',10),(22,'2025_11_30_152232_create_rka_lock_table',11);

#
# Structure for table "objek"
#

CREATE TABLE `objek` (
  `id` bigint(20) unsigned NOT NULL AUTO_INCREMENT,
  `id_jenis` bigint(20) unsigned NOT NULL DEFAULT 0,
  `kode` varchar(20) NOT NULL,
  `uraian` varchar(255) NOT NULL,
  `created_at` timestamp NULL DEFAULT NULL,
  `updated_at` timestamp NULL DEFAULT NULL,
  PRIMARY KEY (`id`),
  UNIQUE KEY `objek_kode_unique` (`kode`),
  KEY `objek_jenis_id_foreign` (`id_jenis`),
  CONSTRAINT `objek_jenis_id_foreign` FOREIGN KEY (`id_jenis`) REFERENCES `jenis` (`id`) ON DELETE CASCADE
) ENGINE=InnoDB AUTO_INCREMENT=48 DEFAULT CHARSET=utf8mb4 COLLATE=utf8mb4_unicode_ci;

#
# Data for table "objek"
#

INSERT INTO `objek` VALUES (1,1,'5.1.01.01','Belanja Gaji dan Tunjangan ASN','2025-11-08 22:41:23','2025-11-08 22:41:23'),(2,1,'5.1.01.02','Belanja Tambahan Penghasilan ASN','2025-11-08 22:41:23','2025-11-08 22:41:23'),(3,1,'5.1.01.04','Belanja Gaji dan Tunjangan DPRD','2025-11-08 22:41:23','2025-11-08 22:41:23'),(4,1,'5.1.01.05','Belanja Gaji dan Tunjangan KDH/WKDH','2025-11-08 22:41:23','2025-11-08 22:41:23'),(5,1,'5.1.01.06','Belanja Penerimaan Lainnya Pimpinan DPRD\nserta KDH/WKDH','2025-11-08 22:41:23','2025-11-08 22:41:23'),(6,1,'5.1.01.99','Belanja Pegawai BLUD','2025-11-08 22:41:23','2025-11-08 22:41:23'),(7,2,'5.1.02.01','Belanja Barang','2025-11-08 22:41:23','2025-11-08 22:41:23'),(8,2,'5.1.02.02','Belanja Jasa','2025-11-08 22:41:23','2025-11-08 22:41:23'),(9,2,'5.1.02.03','Belanja Pemeliharaan','2025-11-08 22:41:23','2025-11-08 22:41:23'),(10,2,'5.1.02.04','Belanja Perjalanan Dinas','2025-11-08 22:41:23','2025-11-08 22:41:23'),(11,2,'5.1.02.05','Belanja Uang dan/atau Jasa untuk Diberikan kepada Pihak Ketiga/Pihak Lain/Masyarakat','2025-11-08 22:41:23','2025-11-08 22:41:23'),(12,2,'5.1.02.89','Belanja Barang dan Jasa BOSP','2025-11-08 22:41:23','2025-11-08 22:41:23'),(13,2,'5.1.02.99','Belanja Barang dan Jasa BLUD','2025-11-08 22:41:23','2025-11-08 22:41:23'),(14,3,'5.1.05.05','Belanja Hibah kepada Badan, Lembaga, Organisasi Kemasyarakatan yang Berbadan Hukum Indonesia','2025-11-08 22:41:23','2025-11-08 22:41:23'),(15,3,'5.1.05.07','Belanja Hibah Bantuan Keuangan kepada Partai\nPolitik','2025-11-08 22:41:23','2025-11-08 22:41:23'),(16,3,'5.1.05.08','Belanja Hibah Dana BOSP','2025-11-08 22:41:23','2025-11-08 22:41:23'),(17,4,'5.1.06.01','Belanja Bantuan Sosial kepada Individu','2025-11-08 22:41:23','2025-11-08 22:41:23'),(18,4,'5.1.06.02','Belanja Bantuan Sosial kepada Keluarga','2025-11-08 22:41:23','2025-11-08 22:41:23'),(19,5,'5.2.01.01','Belanja Modal Tanah','2025-11-08 22:41:23','2025-11-08 22:41:23'),(20,6,'5.2.02.01','Belanja Modal Alat Besar','2025-11-08 22:41:23','2025-11-08 22:41:23'),(21,6,'5.2.02.02','Belanja Modal Alat Angkutan','2025-11-08 22:41:23','2025-11-08 22:41:23'),(22,6,'5.2.02.03','Belanja Modal Alat Bengkel dan Alat Ukur','2025-11-08 22:41:23','2025-11-08 22:41:23'),(23,6,'5.2.02.04','Belanja Modal Alat Pertanian','2025-11-08 22:41:23','2025-11-08 22:41:23'),(24,6,'5.2.02.05','Belanja Modal Alat Kantor dan Rumah Tangga','2025-11-08 22:41:23','2025-11-08 22:41:23'),(25,6,'5.2.02.06','Belanja Modal Alat Studio, Komunikasi, dan\nPemancar','2025-11-08 22:41:23','2025-11-08 22:41:23'),(26,6,'5.2.02.07','Belanja Modal Alat Kedokteran dan Kesehatan','2025-11-08 22:41:23','2025-11-08 22:41:23'),(27,6,'5.2.02.08','Belanja Modal Alat Laboratorium','2025-11-08 22:41:23','2025-11-08 22:41:23'),(28,6,'5.2.02.10','Belanja Modal Komputer','2025-11-08 22:41:23','2025-11-08 22:41:23'),(29,6,'5.2.02.15','Belanja Modal Alat Keselamatan Kerja','2025-11-08 22:41:23','2025-11-08 22:41:23'),(30,6,'5.2.02.18','Belanja Modal Rambu-Rambu','2025-11-08 22:41:23','2025-11-08 22:41:23'),(31,6,'5.2.02.19','Belanja Modal Peralatan Olahraga','2025-11-08 22:41:23','2025-11-08 22:41:23'),(32,6,'5.2.02.89','Belanja Modal Peralatan dan Mesin BOSP','2025-11-08 22:41:23','2025-11-08 22:41:23'),(33,6,'5.2.02.99','Belanja Modal Peralatan dan Mesin BLUD','2025-11-08 22:41:23','2025-11-08 22:41:23'),(34,7,'5.2.03.01','Belanja Modal Bangunan Gedung','2025-11-08 22:41:23','2025-11-08 22:41:23'),(35,7,'5.2.03.02','Belanja Modal Monumen','2025-11-08 22:41:23','2025-11-08 22:41:23'),(36,7,'5.2.03.03','Belanja Modal Bangunan Menara','2025-11-08 22:41:23','2025-11-08 22:41:23'),(37,7,'5.2.03.04','Belanja Modal Tugu Titik Kontrol/Pasti','2025-11-08 22:41:23','2025-11-08 22:41:23'),(38,7,'5.2.03.99','Belanja Modal Gedung dan Bangunan BLUD','2025-11-08 22:41:23','2025-11-08 22:41:23'),(39,8,'5.2.04.01','Belanja Modal Jalan dan Jembatan','2025-11-08 22:41:23','2025-11-08 22:41:23'),(40,8,'5.2.04.02','Belanja Modal Bangunan Air','2025-11-08 22:41:23','2025-11-08 22:41:23'),(41,8,'5.2.04.03','Belanja Modal Instalasi','2025-11-08 22:41:23','2025-11-08 22:41:23'),(42,8,'5.2.04.04','Belanja Modal Jaringan','2025-11-08 22:41:23','2025-11-08 22:41:23'),(43,8,'5.2.04.99','Belanja Modal Jalan, Jaringan, dan Irigasi BLUD','2025-11-08 22:41:23','2025-11-08 22:41:23'),(44,9,'5.2.05.01','Belanja Modal Bahan Perpustakaan','2025-11-08 22:41:23','2025-11-08 22:41:23'),(45,9,'5.2.05.02','Belanja Modal Barang Bercorak\nKesenian/Kebudayaan/Olahraga','2025-11-08 22:41:23','2025-11-08 22:41:23'),(46,10,'5.2.06.01','Belanja Modal Aset Lainnya-Aset Tidak Berwujud','2025-11-08 22:41:23','2025-11-08 22:41:23'),(47,11,'5.3.01.01','Belanja Tidak Terduga','2025-11-08 22:41:23','2025-11-08 22:41:23');

#
# Structure for table "opd"
#

CREATE TABLE `opd` (
  `id` int(20) unsigned NOT NULL AUTO_INCREMENT,
  `nama_opd` varchar(255) CHARACTER SET utf8mb4 COLLATE utf8mb4_general_ci NOT NULL,
  `nama_bendahara` varchar(255) NOT NULL,
  `alamat` varchar(255) NOT NULL,
  `created_at` timestamp NULL DEFAULT NULL,
  `updated_at` timestamp NULL DEFAULT NULL,
  PRIMARY KEY (`id`)
) ENGINE=InnoDB AUTO_INCREMENT=53 DEFAULT CHARSET=utf8mb4 COLLATE=utf8mb4_unicode_ci ROW_FORMAT=DYNAMIC;

#
# Data for table "opd"
#

INSERT INTO `opd` VALUES (1,'DINAS PENDIDIKAN DAN KEBUDAYAAN','Vonika','Jl. Bantilan No. 12',NULL,'2024-11-04 01:35:57'),(2,'Dinas Kesehatan','Kiki Ayu SAri','Jl. Balai Kota No. 5',NULL,'2024-10-08 02:33:53'),(3,'Dinas Pekerjaan Umum','Wati','Jl. Jabal Nur Hutan Kota','2024-03-12 03:24:07','2024-03-12 03:24:07'),(4,'Badan Pengelola Keuangan dan Aset Daerah','Admin','','2024-03-12 07:10:48','2024-03-12 07:10:48'),(5,'Dinas Penataan Ruang dan Pertanahan','Ningsih','Jl. Balaikota No. 3','2024-03-12 05:58:53','2025-03-10 20:09:04'),(13,'Dinas Perumahan','Bella','Jln. Palupi','2024-08-16 02:34:02','2024-08-16 02:34:02'),(14,'Dinas Sosial','Taufik','Jln. Bantilan','2024-08-16 02:35:26','2024-08-16 02:35:26'),(15,'Dinas Pariwisata','Asniyah','Jln. Balikota','2024-08-16 02:38:29','2025-03-12 20:42:32'),(16,'Dinas Kearsipan','Fatma Pato','Jl. Talise','2024-08-16 02:40:18','2024-10-08 02:34:12'),(17,'Kecamatan Palu Utara','Irawati','Jl. Mamboro','2025-02-05 23:45:18','2025-02-05 23:45:18'),(18,'Admin 2','Vahri Moh Vaisal','Jl. Jalur Gaza','2025-02-14 02:30:46','2025-02-14 02:30:46'),(19,'Kecamatan Palu Barat','Santy','Jl. Wr. Supratman','2025-02-20 04:21:28','2025-02-20 04:21:28'),(20,'Kecamatan Palu Selatan','Cici Megawati','Jl. Birobuli','2025-02-21 00:31:30','2025-02-21 00:31:30'),(21,'Kecamatan Palu Timur','Ilham','Jl. Poros Trans Sulawesi','2025-02-21 02:15:04','2025-02-21 02:15:04'),(23,'Kecamatan Mantikulore','Yuliana','Jl. Ramba','2025-03-03 21:01:25','2025-03-03 21:01:25'),(24,'Dinas Pertanian dan Ketahanan Pangan','Sri Wulandari','Jl. Undata No. 3','2025-03-06 20:03:50','2025-03-06 20:03:50'),(25,'Sekretariat Daerah','Didi Mulyadi','Jl. Balaikota Selatan','2025-03-06 21:18:18','2025-03-06 21:18:18'),(26,'Administrator Kawasan Ekonomi Khusus','Zia','Pantoloan','2025-03-10 00:38:39','2025-03-10 00:38:39'),(27,'Satuan Polisi Pamong Praja','Ismail','Jl. Balaikota Selatan','2025-03-10 00:45:06','2025-03-10 00:45:06'),(28,'Badan Kepegawaian dan Pengembangan Sumber Daya Manusia Daerah','Ekka','Jl. Balaikota','2025-03-11 20:43:05','2025-03-11 20:43:05'),(29,'Dinas Lingkungan Hidup','Irwansyah','Jl. Pipit','2025-03-13 02:00:30','2025-03-13 02:00:30'),(30,'Sekretariat DPRD','Salsabil','-','2025-03-17 23:32:31','2025-03-17 23:32:31'),(31,'Dinas Komunikasi, Informatika, Persandian, dan Statistik','Telly','Jl. Cendrawasih No. 38','2025-03-19 00:39:06','2025-03-19 00:39:06'),(32,'Kecamatan Tawaeli','Sisfani,A.Md','Jl.Djaelangkara','2025-03-26 00:16:14','2025-03-26 00:16:14'),(33,'Kecamatan Ulujadi','-','-','2025-04-08 20:24:15','2025-04-08 20:24:15'),(34,'Dinas Perdagangan dan Perindustrian','-','-','2025-04-08 20:24:28','2025-04-08 20:24:28'),(35,'Dinas Perumahan dan Kawasan Permukiman','-','-','2025-04-08 20:24:41','2025-04-08 20:24:41'),(36,'Dinas Kependudukan dan Pencatatan Sipil','Mery','-','2025-04-08 21:43:44','2025-04-08 21:43:44'),(37,'Badan Perencanaan Pembangunan daerah','-','-','2025-04-09 00:06:35','2025-04-09 00:06:35'),(38,'Dinas Kearsipan dan Perpustakaan','Fatma','-','2025-04-09 19:29:40','2025-04-09 19:29:40'),(39,'Dinas Pemuda dan Olahraga','Ratih','-','2025-04-09 20:02:29','2025-04-09 20:02:29'),(40,'Dinas Pemberdayaan Perempuan dan Perlindungan Anak','Lestari','-','2025-04-09 20:03:13','2025-04-09 20:03:13'),(41,'Dinas Pemadam Kebakaran dan Penyelamatan','Ayu Sulistianingsih','Jl. balaikota timur','2025-04-09 20:25:01','2025-04-09 20:25:01'),(42,'Badan Riset dan Inovasi Daerah','Herpandian','-','2025-04-10 19:15:54','2025-04-10 19:15:54'),(43,'Badan Pendapatan Daerah','-','-','2025-04-15 19:57:54','2025-04-15 19:57:54'),(44,'BADAN KESATUAN BANGSA DAN POLITIK','-','-','2025-04-16 22:28:49','2025-04-16 22:28:49'),(45,'Badan Penanggulangan Bencana Daerah','-','-','2025-04-17 00:13:38','2025-04-17 00:13:38'),(46,'Dinas Koperasi, UMKM dan Tenaga Kerja','-','-','2025-04-29 22:15:30','2025-04-29 22:15:30'),(47,'Dinas Pengendalian Penduduk dan Keluarga Berencana','Novi','-','2025-05-14 20:38:32','2025-05-14 20:38:32'),(48,'Kecamatan Tatanga','-','-','2025-05-31 21:49:11','2025-05-31 21:49:11'),(49,'Dinas Penanaman Modal dan Pelayanan Terpadu Satu Pintu','Taufik','-','2025-06-01 18:30:11','2025-06-01 18:30:11'),(50,'Dinas Perhubungan','-','-','2025-06-23 02:26:45','2025-06-23 02:26:45'),(51,'Inspektorat','Sarwoto','Jl. Balaikota Selatan','2025-07-11 03:16:23','2025-07-11 03:16:23'),(52,'Rumah Sakit Umum Daerah Anutapura Palu','Dewi','-','2025-08-11 13:20:31','2025-08-11 13:20:31');

#
# Structure for table "password_reset_tokens"
#

CREATE TABLE `password_reset_tokens` (
  `email` varchar(255) NOT NULL,
  `token` varchar(255) NOT NULL,
  `created_at` timestamp NULL DEFAULT NULL,
  PRIMARY KEY (`email`)
) ENGINE=InnoDB DEFAULT CHARSET=utf8mb4 COLLATE=utf8mb4_unicode_ci;

#
# Data for table "password_reset_tokens"
#


#
# Structure for table "pejabat"
#

CREATE TABLE `pejabat` (
  `id` bigint(20) unsigned NOT NULL AUTO_INCREMENT,
  `nama` varchar(255) NOT NULL,
  `nip` varchar(30) DEFAULT NULL,
  `jabatan` varchar(255) DEFAULT NULL,
  `created_at` timestamp NULL DEFAULT NULL,
  `updated_at` timestamp NULL DEFAULT NULL,
  PRIMARY KEY (`id`)
) ENGINE=InnoDB DEFAULT CHARSET=utf8mb4 COLLATE=utf8mb4_unicode_ci;

#
# Data for table "pejabat"
#


#
# Structure for table "pejabat_barang"
#

CREATE TABLE `pejabat_barang` (
  `id_barang` bigint(20) unsigned NOT NULL AUTO_INCREMENT,
  `id_unit` bigint(20) unsigned NOT NULL,
  `nama_pejabatbarang` varchar(255) NOT NULL DEFAULT '',
  `nip_pejabatbarang` varchar(255) DEFAULT NULL,
  `jabatanbarang` varchar(255) DEFAULT NULL,
  `created_at` timestamp NULL DEFAULT NULL,
  `updated_at` timestamp NULL DEFAULT NULL,
  PRIMARY KEY (`id_barang`)
) ENGINE=InnoDB DEFAULT CHARSET=utf8mb4 COLLATE=utf8mb4_unicode_ci ROW_FORMAT=DYNAMIC;

#
# Data for table "pejabat_barang"
#


#
# Structure for table "personal_access_tokens"
#

CREATE TABLE `personal_access_tokens` (
  `id` bigint(20) unsigned NOT NULL AUTO_INCREMENT,
  `tokenable_type` varchar(255) NOT NULL,
  `tokenable_id` bigint(20) unsigned NOT NULL,
  `name` varchar(255) NOT NULL,
  `token` varchar(64) NOT NULL,
  `abilities` text DEFAULT NULL,
  `last_used_at` timestamp NULL DEFAULT NULL,
  `expires_at` timestamp NULL DEFAULT NULL,
  `created_at` timestamp NULL DEFAULT NULL,
  `updated_at` timestamp NULL DEFAULT NULL,
  PRIMARY KEY (`id`),
  UNIQUE KEY `personal_access_tokens_token_unique` (`token`),
  KEY `personal_access_tokens_tokenable_type_tokenable_id_index` (`tokenable_type`,`tokenable_id`)
) ENGINE=InnoDB DEFAULT CHARSET=utf8mb4 COLLATE=utf8mb4_unicode_ci;

#
# Data for table "personal_access_tokens"
#


#
# Structure for table "pptk"
#

CREATE TABLE `pptk` (
  `id` bigint(20) unsigned NOT NULL AUTO_INCREMENT,
  `id_unit` bigint(20) unsigned NOT NULL,
  `nama` varchar(255) NOT NULL,
  `nip` varchar(255) DEFAULT NULL,
  `jabatan` varchar(255) DEFAULT NULL,
  `created_at` timestamp NULL DEFAULT NULL,
  `updated_at` timestamp NULL DEFAULT NULL,
  PRIMARY KEY (`id`)
) ENGINE=InnoDB AUTO_INCREMENT=5 DEFAULT CHARSET=utf8mb4 COLLATE=utf8mb4_unicode_ci;

#
# Data for table "pptk"
#

INSERT INTO `pptk` VALUES (1,28,'Lily','1978xxxx xxxxxxxx x xxx','Kepala Seksi Penatausahaan Belanja',NULL,NULL),(2,28,'Ipa','1978xxxx xxxxxxxx x xxx','Kasubag Kepegawaian',NULL,NULL),(4,40,'Eman','1993xxxx xxxxxxxx x xxx','Kepala xxxxx',NULL,NULL),(5,40,'Yojo','1989xxxx xxxxxx x xxx','Kepala seksi xxxxx','2026-01-26 20:30:33','2026-01-26 20:30:33'),(6,28,'Fadhila Yunus','1979xxxx xxxxxxxx x xxx','Kepala Seksi Penerimaan','2026-01-26 20:31:42','2026-01-26 20:31:42');

#
# Structure for table "rekanan"
#

CREATE TABLE `rekanan` (
  `id` int(11) NOT NULL AUTO_INCREMENT,
  `nama_rekanan` varchar(255) DEFAULT NULL,
  `alamat` varchar(255) DEFAULT NULL,
  `npwp` varchar(255) DEFAULT NULL,
  `jabatan` varchar(255) DEFAULT NULL,
  `nip` varchar(255) DEFAULT NULL,
  PRIMARY KEY (`id`)
) ENGINE=InnoDB AUTO_INCREMENT=4 DEFAULT CHARSET=utf8mb4 COLLATE=utf8mb4_general_ci;

#
# Data for table "rekanan"
#

INSERT INTO `rekanan` VALUES (1,'CV. Sana Sini','Jl. Nuri',NULL,'Pemilik Perusahaan','-'),(2,'CV. TOPAZ','Jl. Sana Sini',NULL,'Pemilik Toko',NULL),(3,'Yeni','Jl. Sana','-',NULL,NULL);

#
# Structure for table "rekening"
#

CREATE TABLE `rekening` (
  `id` bigint(20) unsigned NOT NULL AUTO_INCREMENT,
  `kode` varchar(50) NOT NULL,
  `nama` varchar(255) NOT NULL,
  `created_at` timestamp NULL DEFAULT NULL,
  `updated_at` timestamp NULL DEFAULT NULL,
  PRIMARY KEY (`id`)
) ENGINE=InnoDB DEFAULT CHARSET=utf8mb4 COLLATE=utf8mb4_unicode_ci;

#
# Data for table "rekening"
#


#
# Structure for table "rincian_objek"
#

CREATE TABLE `rincian_objek` (
  `id` bigint(20) unsigned NOT NULL AUTO_INCREMENT,
  `id_objek` bigint(20) unsigned NOT NULL DEFAULT 0,
  `kode` varchar(25) NOT NULL,
  `uraian` varchar(255) NOT NULL,
  `created_at` timestamp NULL DEFAULT NULL,
  `updated_at` timestamp NULL DEFAULT NULL,
  PRIMARY KEY (`id`),
  UNIQUE KEY `rincian_objek_kode_unique` (`kode`),
  KEY `rincian_objek_objek_id_foreign` (`id_objek`),
  CONSTRAINT `rincian_objek_objek_id_foreign` FOREIGN KEY (`id_objek`) REFERENCES `objek` (`id`) ON DELETE CASCADE
) ENGINE=InnoDB AUTO_INCREMENT=123 DEFAULT CHARSET=utf8mb4 COLLATE=utf8mb4_unicode_ci;

#
# Data for table "rincian_objek"
#

INSERT INTO `rincian_objek` VALUES (1,1,'5.1.01.01.01','Belanja Gaji Pokok ASN','2025-11-08 22:43:22','2025-11-08 22:43:22'),(2,1,'5.1.01.01.02','Belanja Tunjangan Keluarga ASN','2025-11-08 22:43:22','2025-11-08 22:43:22'),(3,1,'5.1.01.01.03','Belanja Tunjangan Jabatan ASN','2025-11-08 22:43:22','2025-11-08 22:43:22'),(4,1,'5.1.01.01.04','Belanja Tunjangan Fungsional ASN','2025-11-08 22:43:22','2025-11-08 22:43:22'),(5,1,'5.1.01.01.05','Belanja Tunjangan Fungsional Umum ASN','2025-11-08 22:43:22','2025-11-08 22:43:22'),(6,1,'5.1.01.01.06','Belanja Tunjangan Beras ASN','2025-11-08 22:43:22','2025-11-08 22:43:22'),(7,1,'5.1.01.01.07','Belanja Tunjangan PPh/Tunjangan Khusus ASN','2025-11-08 22:43:22','2025-11-08 22:43:22'),(8,1,'5.1.01.01.08','Belanja Pembulatan Gaji ASN','2025-11-08 22:43:22','2025-11-08 22:43:22'),(9,1,'5.1.01.01.09','Belanja Iuran Jaminan Kesehatan ASN','2025-11-08 22:43:22','2025-11-08 22:43:22'),(10,1,'5.1.01.01.10','Belanja Iuran Jaminan Kecelakaan Kerja ASN','2025-11-08 22:43:22','2025-11-08 22:43:22'),(11,1,'5.1.01.01.11','Belanja Iuran Jaminan Kematian ASN','2025-11-08 22:43:22','2025-11-08 22:43:22'),(12,2,'5.1.01.02.01','Tambahan Penghasilan berdasarkan Beban Kerja\nASN','2025-11-08 22:43:22','2025-11-08 22:43:22'),(13,2,'5.1.01.02.03','Tambahan Penghasilan berdasarkan Kondisi\nKerja ASN','2025-11-08 22:43:22','2025-11-08 22:43:22'),(14,2,'5.1.01.02.04','Tambahan Penghasilan berdasarkan Kelangkaan\nProfesi ASN','2025-11-08 22:43:22','2025-11-08 22:43:22'),(15,2,'5.1.01.02.05','Tambahan Penghasilan berdasarkan Prestasi\nKerja ASN','2025-11-08 22:43:22','2025-11-08 22:43:22'),(16,2,'5.1.01.02.06','Tambahan Penghasilan berdasarkan\nPertimbangan Objektif Lainnya ASN','2025-11-08 22:43:22','2025-11-08 22:43:22'),(17,3,'5.1.01.04.01','Belanja Uang Representasi DPRD','2025-11-08 22:43:22','2025-11-08 22:43:22'),(18,3,'5.1.01.04.02','Belanja Tunjangan Keluarga DPRD','2025-11-08 22:43:22','2025-11-08 22:43:22'),(19,3,'5.1.01.04.03','Belanja Tunjangan Beras DPRD','2025-11-08 22:43:22','2025-11-08 22:43:22'),(20,3,'5.1.01.04.04','Belanja Uang Paket DPRD','2025-11-08 22:43:22','2025-11-08 22:43:22'),(21,3,'5.1.01.04.05','Belanja Tunjangan Jabatan DPRD','2025-11-08 22:43:22','2025-11-08 22:43:22'),(22,3,'5.1.01.04.06','Belanja Tunjangan Alat Kelengkapan DPRD','2025-11-08 22:43:22','2025-11-08 22:43:22'),(23,3,'5.1.01.04.07','Belanja Tunjangan Alat Kelengkapan Lainnya\nDPRD','2025-11-08 22:43:22','2025-11-08 22:43:22'),(24,3,'5.1.01.04.08','Belanja Tunjangan Komunikasi Intensif Pimpinan dan Anggota DPRD','2025-11-08 22:43:22','2025-11-08 22:43:22'),(25,3,'5.1.01.04.09','Belanja Tunjangan Reses DPRD','2025-11-08 22:43:22','2025-11-08 22:43:22'),(26,3,'5.1.01.04.10','Belanja Pembebanan PPh kepada Pimpinan dan\nAnggota DPRD','2025-11-08 22:43:22','2025-11-08 22:43:22'),(27,3,'5.1.01.04.12','Belanja Tunjangan Kesejahteraan Pimpinan dan\nAnggota DPRD','2025-11-08 22:43:22','2025-11-08 22:43:22'),(28,3,'5.1.01.04.13','Belanja Tunjangan Transportasi DPRD','2025-11-08 22:43:22','2025-11-08 22:43:22'),(29,3,'5.1.01.04.14','Belanja Uang Jasa Pengabdian DPRD','2025-11-08 22:43:22','2025-11-08 22:43:22'),(30,4,'5.1.01.05.01','Belanja Gaji Pokok KDH/WKDH','2025-11-08 22:43:22','2025-11-08 22:43:22'),(31,4,'5.1.01.05.02','Belanja Tunjangan Keluarga KDH/WKDH','2025-11-08 22:43:22','2025-11-08 22:43:22'),(32,4,'5.1.01.05.03','Belanja Tunjangan Jabatan KDH/WKDH','2025-11-08 22:43:22','2025-11-08 22:43:22'),(33,4,'5.1.01.05.04','Belanja Tunjangan Beras KDH/WKDH','2025-11-08 22:43:22','2025-11-08 22:43:22'),(34,4,'5.1.01.05.05','Belanja Tunjangan PPh/Tunjangan Khusus\nKDH/WKDH','2025-11-08 22:43:22','2025-11-08 22:43:22'),(35,4,'5.1.01.05.06','Belanja Pembulatan Gaji KDH/WKDH','2025-11-08 22:43:22','2025-11-08 22:43:22'),(36,4,'5.1.01.05.07','Belanja Iuran Jaminan Kesehatan bagi\nKDH/WKDH','2025-11-08 22:43:22','2025-11-08 22:43:22'),(37,4,'5.1.01.05.08','Belanja Iuran Jaminan Kecelakaan Kerja\nKDH/WKDH','2025-11-08 22:43:22','2025-11-08 22:43:22'),(38,4,'5.1.01.05.09','Belanja Iuran Jaminan Kematian KDH/WKDH','2025-11-08 22:43:22','2025-11-08 22:43:22'),(39,5,'5.1.01.06.01','Belanja Dana Operasional Pimpinan DPRD','2025-11-08 22:43:22','2025-11-08 22:43:22'),(40,5,'5.1.01.06.02','Belanja Dana Operasional KDH/WKDH','2025-11-08 22:43:22','2025-11-08 22:43:22'),(41,6,'5.1.01.99.99','Belanja Pegawai BLUD','2025-11-08 22:43:22','2025-11-08 22:43:22'),(42,7,'5.1.02.01.01','Belanja Barang Pakai Habis','2025-11-08 22:43:22','2025-11-08 22:43:22'),(43,7,'5.1.02.01.02','Belanja Barang Tak Habis Pakai','2025-11-08 22:43:22','2025-11-08 22:43:22'),(44,7,'5.1.02.01.04','Belanja Aset Tetap yang Tidak Memenuhi Kriteria\nKapitalisasi','2025-11-08 22:43:22','2025-11-08 22:43:22'),(45,8,'5.1.02.02.01','Belanja Jasa Kantor','2025-11-08 22:43:22','2025-11-08 22:43:22'),(46,8,'5.1.02.02.02','Belanja Iuran Jaminan/Asuransi','2025-11-08 22:43:22','2025-11-08 22:43:22'),(47,8,'5.1.02.02.03','Belanja Sewa Tanah','2025-11-08 22:43:22','2025-11-08 22:43:22'),(48,8,'5.1.02.02.04','Belanja Sewa Peralatan dan Mesin','2025-11-08 22:43:22','2025-11-08 22:43:22'),(49,8,'5.1.02.02.05','Belanja Sewa Gedung dan Bangunan','2025-11-08 22:43:22','2025-11-08 22:43:22'),(50,8,'5.1.02.02.07','Belanja Sewa Aset Tetap Lainnya','2025-11-08 22:43:22','2025-11-08 22:43:22'),(51,8,'5.1.02.02.08','Belanja Jasa Konsultansi Konstruksi','2025-11-08 22:43:22','2025-11-08 22:43:22'),(52,8,'5.1.02.02.09','Belanja Jasa Konsultansi Non Konstruksi','2025-11-08 22:43:22','2025-11-08 22:43:22'),(53,8,'5.1.02.02.11','Belanja Beasiswa Pendidikan ASN','2025-11-08 22:43:22','2025-11-08 22:43:22'),(54,8,'5.1.02.02.12','Belanja Kursus/Pelatihan, Sosialisasi, Bimbingan\nTeknis serta Pendidikan dan Pelatihan','2025-11-08 22:43:22','2025-11-08 22:43:22'),(55,8,'5.1.02.02.13','Belanja Jasa Insentif bagi Pegawai Non ASN\natas Pemungutan Pajak Daerah','2025-11-08 22:43:22','2025-11-08 22:43:22'),(56,9,'5.1.02.03.01','Belanja Pemeliharaan Tanah','2025-11-08 22:43:22','2025-11-08 22:43:22'),(57,9,'5.1.02.03.02','Belanja Pemeliharaan Peralatan dan Mesin','2025-11-08 22:43:22','2025-11-08 22:43:22'),(58,9,'5.1.02.03.03','Belanja Pemeliharaan Gedung dan Bangunan','2025-11-08 22:43:22','2025-11-08 22:43:22'),(59,9,'5.1.02.03.04','Belanja Pemeliharaan Jalan, Jaringan, dan Irigasi','2025-11-08 22:43:22','2025-11-08 22:43:22'),(60,9,'5.1.02.03.06','Belanja Pemeliharaan Aset Tidak Berwujud','2025-11-08 22:43:22','2025-11-08 22:43:22'),(61,10,'5.1.02.04.01','Belanja Perjalanan Dinas Dalam Negeri','2025-11-08 22:43:22','2025-11-08 22:43:22'),(62,10,'5.1.02.04.02','Belanja Perjalanan Dinas Luar Negeri','2025-11-08 22:43:22','2025-11-08 22:43:22'),(63,11,'5.1.02.05.01','Belanja Uang yang Diberikan kepada Pihak\nKetiga/Pihak Lain/Masyarakat','2025-11-08 22:43:22','2025-11-08 22:43:22'),(64,11,'5.1.02.05.02','Belanja Jasa yang Diberikan kepada Pihak\nKetiga/Pihak Lain/Masyarakat','2025-11-08 22:43:22','2025-11-08 22:43:22'),(65,12,'5.1.02.89.01','Belanja Barang dan Jasa BOSP-BOS','2025-11-08 22:43:22','2025-11-08 22:43:22'),(66,12,'5.1.02.89.02','Belanja Barang dan Jasa BOSP-BOP PAUD','2025-11-08 22:43:22','2025-11-08 22:43:22'),(67,12,'5.1.02.89.03','Belanja Barang dan Jasa BOSP-BOP Kesetaraan','2025-11-08 22:43:22','2025-11-08 22:43:22'),(68,13,'5.1.02.99.99','Belanja Barang dan Jasa BLUD','2025-11-08 22:43:22','2025-11-08 22:43:22'),(69,14,'5.1.05.05.01','Belanja Hibah kepada Badan dan Lembaga yang Bersifat Nirlaba, Sukarela dan Sosial yang Dibentuk Berdasarkan Peraturan\nPerundang-Undangan','2025-11-08 22:43:22','2025-11-08 22:43:22'),(70,14,'5.1.05.05.02','Belanja Hibah kepada Badan dan Lembaga Nirlaba, Sukarela dan Sosial yang Telah Memiliki Surat Keterangan Terdaftar','2025-11-08 22:43:22','2025-11-08 22:43:22'),(71,14,'5.1.05.05.03','Belanja Hibah kepada Badan dan Lembaga Nirlaba, Sukarela Bersifat Sosial Kemasyarakatan','2025-11-08 22:43:22','2025-11-08 22:43:22'),(72,14,'5.1.05.05.06','Belanja Hibah kepada Organisasi Kemasyarakatan yang Berbadan Hukum Indonesia','2025-11-08 22:43:22','2025-11-08 22:43:22'),(73,15,'5.1.05.07.01','Belanja Hibah Bantuan Keuangan kepada Partai\nPolitik','2025-11-08 22:43:22','2025-11-08 22:43:22'),(74,16,'5.1.05.08.01','Belanja Hibah Dana BOSP-BOS','2025-11-08 22:43:22','2025-11-08 22:43:22'),(75,16,'5.1.05.08.02','Belanja Hibah Dana BOSP-BOP PAUD','2025-11-08 22:43:22','2025-11-08 22:43:22'),(76,16,'5.1.05.08.03','Belanja Hibah Dana BOSP-BOP Kesetaraan','2025-11-08 22:43:22','2025-11-08 22:43:22'),(77,17,'5.1.06.01.01','Belanja Bantuan Sosial Uang yang direncanakan kepada Individu','2025-11-08 22:43:22','2025-11-08 22:43:22'),(78,18,'5.1.06.02.01','Belanja Bantuan Sosial Uang yang direncanakan kepada Keluarga','2025-11-08 22:43:22','2025-11-08 22:43:22'),(79,19,'5.2.01.01.01','Belanja Modal Tanah Persil','2025-11-08 22:43:22','2025-11-08 22:43:22'),(80,19,'5.2.01.01.03','Belanja Modal Lapangan','2025-11-08 22:43:22','2025-11-08 22:43:22'),(81,20,'5.2.02.01.01','Belanja Modal Alat Besar Darat','2025-11-08 22:43:22','2025-11-08 22:43:22'),(82,20,'5.2.02.01.03','Belanja Modal Alat Bantu','2025-11-08 22:43:22','2025-11-08 22:43:22'),(83,21,'5.2.02.02.01','Belanja Modal Alat Angkutan Darat Bermotor','2025-11-08 22:43:22','2025-11-08 22:43:22'),(84,22,'5.2.02.03.02','Belanja Modal Alat Bengkel Tak Bermesin','2025-11-08 22:43:22','2025-11-08 22:43:22'),(85,22,'5.2.02.03.03','Belanja Modal Alat Ukur','2025-11-08 22:43:22','2025-11-08 22:43:22'),(86,23,'5.2.02.04.01','Belanja Modal Alat Pengolahan','2025-11-08 22:43:22','2025-11-08 22:43:22'),(87,24,'5.2.02.05.01','Belanja Modal Alat Kantor','2025-11-08 22:43:22','2025-11-08 22:43:22'),(88,24,'5.2.02.05.02','Belanja Modal Alat Rumah Tangga','2025-11-08 22:43:22','2025-11-08 22:43:22'),(89,24,'5.2.02.05.03','Belanja Modal Meja dan Kursi Kerja/Rapat\nPejabat','2025-11-08 22:43:22','2025-11-08 22:43:22'),(90,25,'5.2.02.06.01','Belanja Modal Alat Studio','2025-11-08 22:43:22','2025-11-08 22:43:22'),(91,25,'5.2.02.06.02','Belanja Modal Alat Komunikasi','2025-11-08 22:43:22','2025-11-08 22:43:22'),(92,26,'5.2.02.07.01','Belanja Modal Alat Kedokteran','2025-11-08 22:43:22','2025-11-08 22:43:22'),(93,26,'5.2.02.07.02','Belanja Modal Alat Kesehatan Umum','2025-11-08 22:43:22','2025-11-08 22:43:22'),(94,27,'5.2.02.08.01','Belanja Modal Unit Alat Laboratorium','2025-11-08 22:43:22','2025-11-08 22:43:22'),(95,27,'5.2.02.08.03','Belanja Modal Alat Peraga Praktek Sekolah','2025-11-08 22:43:22','2025-11-08 22:43:22'),(96,28,'5.2.02.10.01','Belanja Modal Komputer Unit','2025-11-08 22:43:22','2025-11-08 22:43:22'),(97,28,'5.2.02.10.02','Belanja Modal Peralatan Komputer','2025-11-08 22:43:22','2025-11-08 22:43:22'),(98,29,'5.2.02.15.03','Belanja Modal Alat SAR','2025-11-08 22:43:22','2025-11-08 22:43:22'),(99,30,'5.2.02.18.01','Belanja Modal Rambu-Rambu Lalu Lintas Darat','2025-11-08 22:43:22','2025-11-08 22:43:22'),(100,31,'5.2.02.19.01','Belanja Modal Peralatan Olahraga','2025-11-08 22:43:22','2025-11-08 22:43:22'),(101,32,'5.2.02.89.01','Belanja Modal Peralatan dan Mesin BOSP-BOS','2025-11-08 22:43:22','2025-11-08 22:43:22'),(102,32,'5.2.02.89.02','Belanja Modal Peralatan dan Mesin BOSP-BOP PAUD','2025-11-08 22:43:22','2025-11-08 22:43:22'),(103,33,'5.2.02.99.99','Belanja Modal Peralatan dan Mesin BLUD','2025-11-08 22:43:22','2025-11-08 22:43:22'),(104,34,'5.2.03.01.01','Belanja Modal Bangunan Gedung Tempat Kerja','2025-11-08 22:43:22','2025-11-08 22:43:22'),(105,34,'5.2.03.01.02','Belanja Modal Bangunan Gedung Tempat\nTinggal','2025-11-08 22:43:22','2025-11-08 22:43:22'),(106,35,'5.2.03.02.01','Belanja Modal Candi/Tugu Peringatan/Prasasti','2025-11-08 22:43:22','2025-11-08 22:43:22'),(107,36,'5.2.03.03.01','Belanja Modal Bangunan Menara Perambuan','2025-11-08 22:43:22','2025-11-08 22:43:22'),(108,37,'5.2.03.04.01','Belanja Modal Tugu/Tanda Batas','2025-11-08 22:43:22','2025-11-08 22:43:22'),(109,38,'5.2.03.99.99','Belanja Modal Gedung dan Bangunan BLUD','2025-11-08 22:43:22','2025-11-08 22:43:22'),(110,39,'5.2.04.01.01','Belanja Modal Jalan','2025-11-08 22:43:22','2025-11-08 22:43:22'),(111,40,'5.2.04.02.01','Belanja Modal Bangunan Air Irigasi','2025-11-08 22:43:22','2025-11-08 22:43:22'),(112,40,'5.2.04.02.04','Belanja Modal Bangunan Pengaman Sungai/Pantai dan Penanggulangan Bencana Alam','2025-11-08 22:43:22','2025-11-08 22:43:22'),(113,40,'5.2.04.02.06','Belanja Modal Bangunan Air Bersih/Air Baku','2025-11-08 22:43:22','2025-11-08 22:43:22'),(114,41,'5.2.04.03.02','Belanja Modal Instalasi Air Kotor','2025-11-08 22:43:22','2025-11-08 22:43:22'),(115,41,'5.2.04.03.05','Belanja Modal Instalasi Pembangkit Listrik','2025-11-08 22:43:22','2025-11-08 22:43:22'),(116,42,'5.2.04.04.02','Belanja Modal Jaringan Listrik','2025-11-08 22:43:22','2025-11-08 22:43:22'),(117,43,'5.2.04.99.99','Belanja Modal Jalan, Jaringan, dan Irigasi BLUD','2025-11-08 22:43:22','2025-11-08 22:43:22'),(118,44,'5.2.05.01.01','Belanja Modal Bahan Perpustakaan Tercetak','2025-11-08 22:43:22','2025-11-08 22:43:22'),(119,45,'5.2.05.02.01','Belanja Modal Barang Bercorak Kesenian','2025-11-08 22:43:22','2025-11-08 22:43:22'),(120,45,'5.2.05.02.02','Belanja Modal Alat Bercorak Kebudayaan','2025-11-08 22:43:22','2025-11-08 22:43:22'),(121,46,'5.2.06.01.01','Belanja Modal Aset Tidak Berwujud','2025-11-08 22:43:22','2025-11-08 22:43:22'),(122,47,'5.3.01.01.01','Belanja Tidak Terduga','2025-11-08 22:43:22','2025-11-08 22:43:22');

#
# Structure for table "rka_lock"
#

CREATE TABLE `rka_lock` (
  `id` bigint(20) unsigned NOT NULL AUTO_INCREMENT,
  `tahap` varchar(255) NOT NULL,
  `id_unit` bigint(20) DEFAULT NULL,
  `is_locked` tinyint(1) NOT NULL DEFAULT 0,
  `is_active` tinyint(1) NOT NULL DEFAULT 0,
  `created_at` timestamp NULL DEFAULT NULL,
  `updated_at` timestamp NULL DEFAULT NULL,
  PRIMARY KEY (`id`)
) ENGINE=InnoDB AUTO_INCREMENT=4 DEFAULT CHARSET=utf8mb4 COLLATE=utf8mb4_unicode_ci;

#
# Data for table "rka_lock"
#

INSERT INTO `rka_lock` VALUES (1,'murni',NULL,0,1,NULL,'2026-01-26 19:05:46'),(2,'pergeseran',NULL,1,0,NULL,'2026-01-21 10:28:07'),(3,'perubahan',NULL,0,0,NULL,'2026-01-21 10:28:07'),(4,'murni',28,0,1,'2026-01-26 19:17:51','2026-01-26 19:32:47'),(5,'murni',40,1,1,'2026-01-26 19:19:20','2026-01-26 19:30:47');

#
# Structure for table "sp2d_logs"
#

CREATE TABLE `sp2d_logs` (
  `id` bigint(20) unsigned NOT NULL AUTO_INCREMENT,
  `user_id` varchar(255) DEFAULT NULL,
  `user_name` varchar(255) DEFAULT NULL,
  `nomor_sp2d` varchar(255) DEFAULT NULL,
  `nama_skpd` varchar(255) DEFAULT NULL,
  `file_path` varchar(255) DEFAULT NULL,
  `uploaded_at` timestamp NOT NULL DEFAULT current_timestamp(),
  PRIMARY KEY (`id`)
) ENGINE=InnoDB DEFAULT CHARSET=utf8mb4 COLLATE=utf8mb4_unicode_ci;

#
# Data for table "sp2d_logs"
#


#
# Structure for table "spj"
#

CREATE TABLE `spj` (
  `id` bigint(20) unsigned NOT NULL AUTO_INCREMENT,
  `id_anggaran` bigint(20) unsigned NOT NULL,
  `id_rekanan` bigint(20) unsigned DEFAULT NULL,
  `nomor_spj` varchar(100) DEFAULT NULL,
  `kode_rekening` varchar(255) DEFAULT NULL,
  `tanggal` date DEFAULT NULL,
  `uraian` text DEFAULT NULL,
  `total` decimal(20,2) NOT NULL DEFAULT 0.00,
  `id_unit` bigint(20) unsigned DEFAULT NULL,
  `created_at` timestamp NULL DEFAULT NULL,
  `updated_at` timestamp NULL DEFAULT NULL,
  `nomor_kwitansi` varchar(255) DEFAULT NULL,
  `nomor_nota` varchar(255) DEFAULT NULL,
  `nomor_bapp` varchar(255) DEFAULT NULL,
  `nomor_bapb` varchar(255) DEFAULT NULL,
  `nomor_bast` varchar(255) DEFAULT NULL,
  `nomor_ba_penerimaan` varchar(255) DEFAULT NULL,
  `nama_penerima` varchar(255) DEFAULT NULL,
  `tanggal_nope` date DEFAULT NULL,
  `jenis_kwitansi` varchar(255) DEFAULT NULL,
  PRIMARY KEY (`id`)
) ENGINE=InnoDB AUTO_INCREMENT=101 DEFAULT CHARSET=utf8mb4 COLLATE=utf8mb4_unicode_ci;

#
# Data for table "spj"
#

INSERT INTO `spj` VALUES (88,9,3,'0024/SPJ/PERTANIAN/2025',NULL,'2025-11-27','asdsadsa',10000.00,23,'2025-11-26 13:03:04','2025-11-26 13:03:04','0024/KW/PERTANIAN/2025','0024/NP/PERTANIAN/2025','0024/BAPP/PERTANIAN/2025','0024/BAPB/PERTANIAN/2025','0024/BAST/PERTANIAN/2025','0024/BA-TRM/PERTANIAN/2025',NULL,'2025-11-26','honor_transport'),(89,9,2,'0025/SPJ/PERTANIAN/2025',NULL,'2025-11-26','asdsadasd',51230.00,23,'2025-11-26 13:14:42','2025-11-26 13:14:42','0025/KW/PERTANIAN/2025','0025/NP/PERTANIAN/2025','0025/BAPP/PERTANIAN/2025','0025/BAPB/PERTANIAN/2025','0025/BAST/PERTANIAN/2025','0025/BA-TRM/PERTANIAN/2025',NULL,'2025-11-10','pihak_ketiga'),(98,11,3,'0001/SPJ/BPKAD/2026',NULL,'2026-01-21','fdsfdsfdsf',1500000.00,28,'2026-01-21 09:23:01','2026-01-21 09:23:01','0001/KW/BPKAD/2026','0001/NP/BPKAD/2026','0001/BAPP/BPKAD/2026','0001/BAPB/BPKAD/2026','0001/BAST/BPKAD/2026','0001/BA-TRM/BPKAD/2026',NULL,NULL,'honor_transport'),(99,7,2,'0002/SPJ/BPKAD/2026',NULL,'2026-01-21','ATK',520000.00,28,'2026-01-21 09:24:55','2026-01-21 09:24:55','0002/KW/BPKAD/2026','0002/NP/BPKAD/2026','0002/BAPP/BPKAD/2026','0002/BAPB/BPKAD/2026','0002/BAST/BPKAD/2026','0002/BA-TRM/BPKAD/2026',NULL,'2026-01-19','pihak_ketiga'),(100,12,2,'0001/SPJ/ULUJADI/2026',NULL,'2026-01-21','ghghggjkj',10000000.00,40,'2026-01-21 10:14:36','2026-01-21 10:14:36','0001/KW/ULUJADI/2026','0001/NP/ULUJADI/2026','0001/BAPP/ULUJADI/2026','0001/BAPB/ULUJADI/2026','0001/BAST/ULUJADI/2026','0001/BA-TRM/ULUJADI/2026',NULL,'2026-01-19','pihak_ketiga');

#
# Structure for table "daftar_penerima_honor"
#

CREATE TABLE `daftar_penerima_honor` (
  `id` bigint(20) unsigned NOT NULL AUTO_INCREMENT,
  `id_spj` bigint(20) unsigned NOT NULL,
  `nama` varchar(255) NOT NULL,
  `jabatan` varchar(255) DEFAULT NULL,
  `jumlah` decimal(18,2) NOT NULL DEFAULT 0.00,
  `pajak` decimal(10,2) DEFAULT NULL,
  `nilai_pajak` decimal(18,2) DEFAULT NULL,
  `diterima` decimal(18,2) DEFAULT NULL,
  `created_at` timestamp NULL DEFAULT NULL,
  `updated_at` timestamp NULL DEFAULT NULL,
  PRIMARY KEY (`id`),
  KEY `daftar_penerima_honor_id_spj_foreign` (`id_spj`),
  CONSTRAINT `daftar_penerima_honor_id_spj_foreign` FOREIGN KEY (`id_spj`) REFERENCES `spj` (`id`) ON DELETE CASCADE
) ENGINE=InnoDB AUTO_INCREMENT=20 DEFAULT CHARSET=utf8mb4 COLLATE=utf8mb4_unicode_ci;

#
# Data for table "daftar_penerima_honor"
#

INSERT INTO `daftar_penerima_honor` VALUES (9,88,'Yeni','Operator Layanan Operasional',5000.00,2.00,100.00,4900.00,'2025-11-26 13:03:04','2025-11-26 13:03:04'),(10,88,'Adin','Pranata Komputer',5000.00,4.00,200.00,4800.00,'2025-11-26 13:03:04','2025-11-26 13:03:04'),(18,98,'desi','bendahara',750000.00,5.00,37500.00,712500.00,'2026-01-21 09:23:01','2026-01-21 09:23:01'),(19,98,'asdsa','adsdsadas',750000.00,2.00,15000.00,735000.00,'2026-01-21 09:23:01','2026-01-21 09:23:01');

#
# Structure for table "spj_detail"
#

CREATE TABLE `spj_detail` (
  `id` bigint(20) unsigned NOT NULL AUTO_INCREMENT,
  `id_spj` bigint(20) unsigned NOT NULL,
  `id_rincian_anggaran` bigint(20) unsigned DEFAULT NULL,
  `nama_barang` varchar(255) DEFAULT NULL,
  `volume` decimal(12,2) NOT NULL DEFAULT 0.00,
  `satuan` varchar(50) DEFAULT NULL,
  `harga` decimal(20,2) NOT NULL DEFAULT 0.00,
  `jumlah` decimal(20,2) NOT NULL DEFAULT 0.00,
  `created_at` timestamp NULL DEFAULT NULL,
  `updated_at` timestamp NULL DEFAULT NULL,
  PRIMARY KEY (`id`),
  KEY `spj_detail_id_spj_foreign` (`id_spj`),
  CONSTRAINT `spj_detail_id_spj_foreign` FOREIGN KEY (`id_spj`) REFERENCES `spj` (`id`) ON DELETE CASCADE
) ENGINE=InnoDB AUTO_INCREMENT=221 DEFAULT CHARSET=utf8mb4 COLLATE=utf8mb4_unicode_ci;

#
# Data for table "spj_detail"
#

INSERT INTO `spj_detail` VALUES (185,88,24,'a',2.00,'Buah',5000.00,10000.00,'2025-11-26 13:03:04','2025-11-26 13:03:04'),(186,89,25,'asdas',2.00,'Buah',5555.00,11110.00,'2025-11-26 13:14:42','2025-11-26 13:14:42'),(187,89,26,'asdasd',1.00,'Buah',4444.00,4444.00,'2025-11-26 13:14:42','2025-11-26 13:14:42'),(188,89,27,'asdas',1.00,'Buah',32444.00,32444.00,'2025-11-26 13:14:42','2025-11-26 13:14:42'),(189,89,28,'asdas',1.00,'Buah',3232.00,3232.00,'2025-11-26 13:14:42','2025-11-26 13:14:42'),(212,98,34,'Belanja Listrik',1.00,'Bulan',1500000.00,1500000.00,'2026-01-21 09:23:01','2026-01-21 09:23:01'),(213,99,17,'Kertas HVS F4',5.00,'Rim',66000.00,330000.00,'2026-01-21 09:24:55','2026-01-21 09:24:55'),(214,99,18,'Kertas HVS A4',2.00,'Rim',60000.00,120000.00,'2026-01-21 09:24:55','2026-01-21 09:24:55'),(215,99,19,'Hekter',1.00,'Buah',7500.00,7500.00,'2026-01-21 09:24:55','2026-01-21 09:24:55'),(216,99,20,'Peluru Hekter',1.00,'dos',10000.00,10000.00,'2026-01-21 09:24:55','2026-01-21 09:24:55'),(217,99,21,'Kalkulator',2.00,'Buah',15000.00,30000.00,'2026-01-21 09:24:55','2026-01-21 09:24:55'),(218,99,22,'Balpoint',1.00,'Dos',15000.00,15000.00,'2026-01-21 09:24:55','2026-01-21 09:24:55'),(219,99,23,'Map Snelhekter',1.00,'Buah',7500.00,7500.00,'2026-01-21 09:24:55','2026-01-21 09:24:55'),(220,100,36,'Belanja Makan Minum',2.00,'Paket',5000000.00,10000000.00,'2026-01-21 10:14:36','2026-01-21 10:14:36');

#
# Structure for table "sub_rincian_objek"
#

CREATE TABLE `sub_rincian_objek` (
  `id` bigint(20) unsigned NOT NULL AUTO_INCREMENT,
  `id_rincian_objek` bigint(20) unsigned NOT NULL DEFAULT 0,
  `kode` varchar(30) NOT NULL,
  `uraian` varchar(255) NOT NULL,
  `created_at` timestamp NULL DEFAULT NULL,
  `updated_at` timestamp NULL DEFAULT NULL,
  PRIMARY KEY (`id`),
  UNIQUE KEY `sub_rincian_objek_kode_unique` (`kode`),
  KEY `sub_rincian_objek_rincian_objek_id_foreign` (`id_rincian_objek`),
  CONSTRAINT `sub_rincian_objek_rincian_objek_id_foreign` FOREIGN KEY (`id_rincian_objek`) REFERENCES `rincian_objek` (`id`) ON DELETE CASCADE
) ENGINE=InnoDB AUTO_INCREMENT=446 DEFAULT CHARSET=utf8mb4 COLLATE=utf8mb4_unicode_ci;

#
# Data for table "sub_rincian_objek"
#

INSERT INTO `sub_rincian_objek` VALUES (1,1,'5.1.01.01.01.0001','Belanja Gaji Pokok PNS','2025-11-08 22:45:08','2025-11-08 22:45:08'),(2,1,'5.1.01.01.01.0002','Belanja Gaji Pokok PPPK','2025-11-08 22:45:09','2025-11-08 22:45:09'),(3,2,'5.1.01.01.02.0001','Belanja Tunjangan Keluarga PNS','2025-11-08 22:45:09','2025-11-08 22:45:09'),(4,2,'5.1.01.01.02.0002','Belanja Tunjangan Keluarga PPPK','2025-11-08 22:45:09','2025-11-08 22:45:09'),(5,3,'5.1.01.01.03.0001','Belanja Tunjangan Jabatan PNS','2025-11-08 22:45:09','2025-11-08 22:45:09'),(6,4,'5.1.01.01.04.0001','Belanja Tunjangan Fungsional PNS','2025-11-08 22:45:09','2025-11-08 22:45:09'),(7,4,'5.1.01.01.04.0002','Belanja Tunjangan Fungsional PPPK','2025-11-08 22:45:09','2025-11-08 22:45:09'),(8,5,'5.1.01.01.05.0001','Belanja Tunjangan Fungsional Umum PNS','2025-11-08 22:45:09','2025-11-08 22:45:09'),(9,5,'5.1.01.01.05.0002','Belanja Tunjangan Fungsional Umum PPPK','2025-11-08 22:45:09','2025-11-08 22:45:09'),(10,6,'5.1.01.01.06.0001','Belanja Tunjangan Beras PNS','2025-11-08 22:45:09','2025-11-08 22:45:09'),(11,6,'5.1.01.01.06.0002','Belanja Tunjangan Beras PPPK','2025-11-08 22:45:09','2025-11-08 22:45:09'),(12,7,'5.1.01.01.07.0001','Belanja Tunjangan PPh/Tunjangan Khusus PNS','2025-11-08 22:45:09','2025-11-08 22:45:09'),(13,8,'5.1.01.01.08.0001','Belanja Pembulatan Gaji PNS','2025-11-08 22:45:09','2025-11-08 22:45:09'),(14,8,'5.1.01.01.08.0002','Belanja Pembulatan Gaji PPPK','2025-11-08 22:45:09','2025-11-08 22:45:09'),(15,9,'5.1.01.01.09.0001','Belanja Iuran Jaminan Kesehatan PNS','2025-11-08 22:45:09','2025-11-08 22:45:09'),(16,9,'5.1.01.01.09.0002','Belanja Iuran Jaminan Kesehatan PPPK','2025-11-08 22:45:09','2025-11-08 22:45:09'),(17,10,'5.1.01.01.10.0001','Belanja Iuran Jaminan Kecelakaan Kerja PNS','2025-11-08 22:45:09','2025-11-08 22:45:09'),(18,10,'5.1.01.01.10.0002','Belanja Iuran Jaminan Kecelakaan Kerja PPPK','2025-11-08 22:45:09','2025-11-08 22:45:09'),(19,11,'5.1.01.01.11.0001','Belanja Iuran Jaminan Kematian PNS','2025-11-08 22:45:09','2025-11-08 22:45:09'),(20,11,'5.1.01.01.11.0002','Belanja Iuran Jaminan Kematian PPPK','2025-11-08 22:45:09','2025-11-08 22:45:09'),(21,12,'5.1.01.02.01.0001','Tambahan Penghasilan berdasarkan Beban Kerja\nPNS','2025-11-08 22:45:09','2025-11-08 22:45:09'),(22,12,'5.1.01.02.01.0002','Tambahan Penghasilan berdasarkan Beban Kerja\nPPPK','2025-11-08 22:45:09','2025-11-08 22:45:09'),(23,13,'5.1.01.02.03.0001','Tambahan Penghasilan berdasarkan Kondisi\nKerja PNS','2025-11-08 22:45:09','2025-11-08 22:45:09'),(24,14,'5.1.01.02.04.0001','Tambahan Penghasilan berdasarkan Kelangkaan\nProfesi PNS','2025-11-08 22:45:09','2025-11-08 22:45:09'),(25,15,'5.1.01.02.05.0001','Tambahan Penghasilan berdasarkan Prestasi\nKerja PNS','2025-11-08 22:45:09','2025-11-08 22:45:09'),(26,15,'5.1.01.02.05.0002','Tambahan Penghasilan berdasarkan Prestasi\nKerja PPPK','2025-11-08 22:45:09','2025-11-08 22:45:09'),(27,16,'5.1.01.02.06.0006','Belanja Insentif bagi ASN atas Pemungutan\nPajak Daerah-Pajak Hotel','2025-11-08 22:45:09','2025-11-08 22:45:09'),(28,16,'5.1.01.02.06.0007','Belanja Insentif bagi ASN atas Pemungutan\nPajak Daerah-Pajak Restoran','2025-11-08 22:45:09','2025-11-08 22:45:09'),(29,16,'5.1.01.02.06.0008','Belanja Insentif bagi ASN atas Pemungutan\nPajak Daerah-Pajak Hiburan','2025-11-08 22:45:09','2025-11-08 22:45:09'),(30,16,'5.1.01.02.06.0009','Belanja Insentif bagi ASN atas Pemungutan\nPajak Daerah-Pajak Reklame','2025-11-08 22:45:09','2025-11-08 22:45:09'),(31,16,'5.1.01.02.06.0010','Belanja Insentif bagi ASN atas Pemungutan\nPajak Daerah-Pajak Penerangan Jalan','2025-11-08 22:45:09','2025-11-08 22:45:09'),(32,16,'5.1.01.02.06.0011','Belanja Insentif bagi ASN atas Pemungutan\nPajak Daerah-Pajak Parkir','2025-11-08 22:45:09','2025-11-08 22:45:09'),(33,16,'5.1.01.02.06.0012','Belanja Insentif bagi ASN atas Pemungutan\nPajak Daerah-Pajak Air Tanah','2025-11-08 22:45:09','2025-11-08 22:45:09'),(34,16,'5.1.01.02.06.0013','Belanja Insentif bagi ASN atas Pemungutan\nPajak Daerah-Pajak Sarang Burung Walet','2025-11-08 22:45:09','2025-11-08 22:45:09'),(35,16,'5.1.01.02.06.0014','Belanja Insentif bagi ASN atas Pemungutan Pajak Daerah-Pajak Mineral Bukan Logam dan Batuan','2025-11-08 22:45:09','2025-11-08 22:45:09'),(36,16,'5.1.01.02.06.0015','Belanja Insentif bagi ASN atas Pemungutan Pajak Daerah-Pajak Bumi Dan Bangunan Pedesaan dan Perkotaan','2025-11-08 22:45:09','2025-11-08 22:45:09'),(37,16,'5.1.01.02.06.0016','Belanja Insentif bagi ASN atas Pemungutan Pajak Daerah-Bea Perolehan Hak atas Tanah dan Bangunan','2025-11-08 22:45:09','2025-11-08 22:45:09'),(38,16,'5.1.01.02.06.0020','Belanja Insentif bagi ASN atas Pemungutan Pajak Daerah-Opsen Pajak Kendaraan Bermotor (PKB)','2025-11-08 22:45:09','2025-11-08 22:45:09'),(39,16,'5.1.01.02.06.0023','Belanja Insentif bagi ASN atas Pemungutan\nRetribusi Daerah-Retribusi Jasa\nUmum-Pelayanan Persampahan/Kebersihan','2025-11-08 22:45:09','2025-11-08 22:45:09'),(40,16,'5.1.01.02.06.0025','Belanja Insentif bagi ASN atas Pemungutan\nRetribusi Daerah-Retribusi Jasa\nUmum-Pelayanan Parkir di Tepi Jalan Umum','2025-11-08 22:45:09','2025-11-08 22:45:09'),(41,16,'5.1.01.02.06.0026','Belanja Insentif bagi ASN atas Pemungutan\nRetribusi Daerah-Retribusi Jasa\nUmum-Pelayanan Pasar','2025-11-08 22:45:09','2025-11-08 22:45:09'),(42,16,'5.1.01.02.06.0030','Belanja Insentif bagi ASN atas Pemungutan\nRetribusi Daerah-Retribusi Jasa\nUmum-Penyediaan dan/atau Penyedotan Kakus yang Dilakukan oleh Pemerintah Daerah','2025-11-08 22:45:09','2025-11-08 22:45:09'),(43,16,'5.1.01.02.06.0035','Belanja Insentif bagi ASN atas Pemungutan\nRetribusi Daerah-Retribusi Jasa\nUsaha-Pemakaian Kekayaan Daerah','2025-11-08 22:45:09','2025-11-08 22:45:09'),(44,16,'5.1.01.02.06.0038','Belanja Insentif bagi ASN atas Pemungutan\nRetribusi Daerah-Retribusi Jasa Usaha-Terminal','2025-11-08 22:45:09','2025-11-08 22:45:09'),(45,16,'5.1.01.02.06.0041','Belanja Insentif bagi ASN atas Pemungutan Retribusi Daerah-Retribusi Jasa Usaha-Rumah Potong Hewan','2025-11-08 22:45:09','2025-11-08 22:45:09'),(46,16,'5.1.01.02.06.0043','Belanja Insentif bagi ASN atas Pemungutan Retribusi Daerah-Retribusi Jasa Usaha-Tempat Rekreasi dan Olahraga','2025-11-08 22:45:09','2025-11-08 22:45:09'),(47,16,'5.1.01.02.06.0045','Belanja Insentif bagi ASN atas Pemungutan\nRetribusi Daerah-Retribusi Jasa\nUsaha-Penjualan Produksi Usaha Daerah','2025-11-08 22:45:09','2025-11-08 22:45:09'),(48,16,'5.1.01.02.06.0048','Belanja Insentif bagi ASN atas Pemungutan Retribusi Daerah-Retribusi Perizinan Tertentu-Izin Usaha Perikanan','2025-11-08 22:45:09','2025-11-08 22:45:09'),(49,16,'5.1.01.02.06.0050','Belanja Insentif bagi ASN atas Pemungutan Retribusi Daerah-Retribusi Perizinan Tertentu-Persetujuan Bangunan Gedung','2025-11-08 22:45:09','2025-11-08 22:45:09'),(50,16,'5.1.01.02.06.0051','Belanja Insentif bagi ASN atas Pemungutan\nRetribusi Daerah-Retribusi Perizinan\nTertentu-Penggunaan Tenaga Kerja Asing (TKA)','2025-11-08 22:45:09','2025-11-08 22:45:09'),(51,16,'5.1.01.02.06.0064','Belanja Tunjangan Profesi Guru (TPG) PNSD','2025-11-08 22:45:09','2025-11-08 22:45:09'),(52,16,'5.1.01.02.06.0066','Belanja Tambahan Penghasilan (Tamsil) Guru\nPNSD','2025-11-08 22:45:09','2025-11-08 22:45:09'),(53,16,'5.1.01.02.06.0068','Belanja Jasa Pengelolaan BMD yang\nMenghasilkan Pendapatan','2025-11-08 22:45:09','2025-11-08 22:45:09'),(54,17,'5.1.01.04.01.0001','Belanja Uang Representasi DPRD','2025-11-08 22:45:09','2025-11-08 22:45:09'),(55,18,'5.1.01.04.02.0001','Belanja Tunjangan Keluarga DPRD','2025-11-08 22:45:09','2025-11-08 22:45:09'),(56,19,'5.1.01.04.03.0001','Belanja Tunjangan Beras DPRD','2025-11-08 22:45:09','2025-11-08 22:45:09'),(57,20,'5.1.01.04.04.0001','Belanja Uang Paket DPRD','2025-11-08 22:45:09','2025-11-08 22:45:09'),(58,21,'5.1.01.04.05.0001','Belanja Tunjangan Jabatan DPRD','2025-11-08 22:45:09','2025-11-08 22:45:09'),(59,22,'5.1.01.04.06.0001','Belanja Tunjangan Alat Kelengkapan DPRD','2025-11-08 22:45:09','2025-11-08 22:45:09'),(60,23,'5.1.01.04.07.0001','Belanja Tunjangan Alat Kelengkapan Lainnya\nDPRD','2025-11-08 22:45:09','2025-11-08 22:45:09'),(61,24,'5.1.01.04.08.0001','Belanja Tunjangan Komunikasi Intensif Pimpinan dan Anggota DPRD','2025-11-08 22:45:09','2025-11-08 22:45:09'),(62,25,'5.1.01.04.09.0001','Belanja Tunjangan Reses DPRD','2025-11-08 22:45:09','2025-11-08 22:45:09'),(63,26,'5.1.01.04.10.0001','Belanja Pembebanan PPh kepada Pimpinan dan\nAnggota DPRD','2025-11-08 22:45:09','2025-11-08 22:45:09'),(64,27,'5.1.01.04.12.0001','Belanja Iuran Jaminan Kesehatan bagi DPRD','2025-11-08 22:45:09','2025-11-08 22:45:09'),(65,27,'5.1.01.04.12.0002','Belanja Jaminan Kecelakaan Kerja DPRD','2025-11-08 22:45:09','2025-11-08 22:45:09'),(66,27,'5.1.01.04.12.0003','Belanja Jaminan Kematian DPRD','2025-11-08 22:45:09','2025-11-08 22:45:09'),(67,27,'5.1.01.04.12.0004','Belanja Tunjangan Perumahan DPRD','2025-11-08 22:45:09','2025-11-08 22:45:09'),(68,28,'5.1.01.04.13.0001','Belanja Tunjangan Transportasi DPRD','2025-11-08 22:45:09','2025-11-08 22:45:09'),(69,29,'5.1.01.04.14.0001','Belanja Uang Jasa Pengabdian DPRD','2025-11-08 22:45:09','2025-11-08 22:45:09'),(70,30,'5.1.01.05.01.0001','Belanja Gaji Pokok KDH/WKDH','2025-11-08 22:45:09','2025-11-08 22:45:09'),(71,31,'5.1.01.05.02.0001','Belanja Tunjangan Keluarga KDH/WKDH','2025-11-08 22:45:09','2025-11-08 22:45:09'),(72,32,'5.1.01.05.03.0001','Belanja Tunjangan Jabatan KDH/WKDH','2025-11-08 22:45:09','2025-11-08 22:45:09'),(73,33,'5.1.01.05.04.0001','Belanja Tunjangan Beras KDH/WKDH','2025-11-08 22:45:09','2025-11-08 22:45:09'),(74,34,'5.1.01.05.05.0001','Belanja Tunjangan PPh/Tunjangan Khusus\nKDH/WKDH','2025-11-08 22:45:09','2025-11-08 22:45:09'),(75,35,'5.1.01.05.06.0001','Belanja Pembulatan Gaji KDH/WKDH','2025-11-08 22:45:09','2025-11-08 22:45:09'),(76,36,'5.1.01.05.07.0001','Belanja Iuran Jaminan Kesehatan bagi\nKDH/WKDH','2025-11-08 22:45:09','2025-11-08 22:45:09'),(77,37,'5.1.01.05.08.0001','Belanja Iuran Jaminan Kecelakaan Kerja\nKDH/WKDH','2025-11-08 22:45:09','2025-11-08 22:45:09'),(78,38,'5.1.01.05.09.0001','Belanja Iuran Jaminan Kematian KDH/WKDH','2025-11-08 22:45:09','2025-11-08 22:45:09'),(79,39,'5.1.01.06.01.0001','Belanja Dana Operasional Pimpinan DPRD','2025-11-08 22:45:09','2025-11-08 22:45:09'),(80,40,'5.1.01.06.02.0001','Belanja Dana Operasional KDH/WKDH','2025-11-08 22:45:09','2025-11-08 22:45:09'),(81,41,'5.1.01.99.99.9999','Belanja Pegawai BLUD','2025-11-08 22:45:09','2025-11-08 22:45:09'),(82,42,'5.1.02.01.01.0001','Belanja Bahan-Bahan Bangunan dan Konstruksi','2025-11-08 22:45:09','2025-11-08 22:45:09'),(83,42,'5.1.02.01.01.0002','Belanja Bahan-Bahan Kimia','2025-11-08 22:45:09','2025-11-08 22:45:09'),(84,42,'5.1.02.01.01.0004','Belanja Bahan-Bahan Bakar dan Pelumas','2025-11-08 22:45:09','2025-11-08 22:45:09'),(85,42,'5.1.02.01.01.0005','Belanja Bahan-Bahan Baku','2025-11-08 22:45:09','2025-11-08 22:45:09'),(86,42,'5.1.02.01.01.0008','Belanja Bahan-Bahan/Bibit Tanaman','2025-11-08 22:45:09','2025-11-08 22:45:09'),(87,42,'5.1.02.01.01.0009','Belanja Bahan-Isi Tabung Pemadam Kebakaran','2025-11-08 22:45:09','2025-11-08 22:45:09'),(88,42,'5.1.02.01.01.0011','Belanja Bahan-Bahan/Bibit Ternak/Bibit Ikan','2025-11-08 22:45:09','2025-11-08 22:45:09'),(89,42,'5.1.02.01.01.0012','Belanja Bahan-Bahan Lainnya','2025-11-08 22:45:09','2025-11-08 22:45:09'),(90,42,'5.1.02.01.01.0013','Belanja Suku Cadang-Suku Cadang Alat\nAngkutan','2025-11-08 22:45:09','2025-11-08 22:45:09'),(91,42,'5.1.02.01.01.0014','Belanja Suku Cadang-Suku Cadang Alat Besar','2025-11-08 22:45:09','2025-11-08 22:45:09'),(92,42,'5.1.02.01.01.0016','Belanja Suku Cadang-Suku Cadang Alat\nLaboratorium','2025-11-08 22:45:09','2025-11-08 22:45:09'),(93,42,'5.1.02.01.01.0019','Belanja Suku Cadang-Suku Cadang Alat\nPertanian','2025-11-08 22:45:09','2025-11-08 22:45:09'),(94,42,'5.1.02.01.01.0020','Belanja Suku Cadang-Suku Cadang Alat Bengkel','2025-11-08 22:45:09','2025-11-08 22:45:09'),(95,42,'5.1.02.01.01.0023','Belanja Suku Cadang-Suku Cadang Lainnya','2025-11-08 22:45:09','2025-11-08 22:45:09'),(96,42,'5.1.02.01.01.0024','Belanja Alat/Bahan untuk Kegiatan Kantor-Alat\nTulis Kantor','2025-11-08 22:45:09','2025-11-08 22:45:09'),(97,42,'5.1.02.01.01.0025','Belanja Alat/Bahan untuk Kegiatan Kantor- Kertas dan Cover','2025-11-08 22:45:09','2025-11-08 22:45:09'),(98,42,'5.1.02.01.01.0026','Belanja Alat/Bahan untuk Kegiatan Kantor- Bahan Cetak','2025-11-08 22:45:09','2025-11-08 22:45:09'),(99,42,'5.1.02.01.01.0027','Belanja Alat/Bahan untuk Kegiatan Kantor-Benda\nPos','2025-11-08 22:45:09','2025-11-08 22:45:09'),(100,42,'5.1.02.01.01.0029','Belanja Alat/Bahan untuk Kegiatan Kantor-Bahan\nKomputer','2025-11-08 22:45:09','2025-11-08 22:45:09'),(101,42,'5.1.02.01.01.0030','Belanja Alat/Bahan untuk Kegiatan\nKantor-Perabot Kantor','2025-11-08 22:45:09','2025-11-08 22:45:09'),(102,42,'5.1.02.01.01.0031','Belanja Alat/Bahan untuk Kegiatan Kantor-Alat\nListrik','2025-11-08 22:45:09','2025-11-08 22:45:09'),(103,42,'5.1.02.01.01.0034','Belanja Alat/Bahan untuk Kegiatan Kantor- Perlengkapan Pendukung Olahraga','2025-11-08 22:45:09','2025-11-08 22:45:09'),(104,42,'5.1.02.01.01.0035','Belanja Alat/Bahan untuk Kegiatan Kantor- Suvenir/Cendera Mata','2025-11-08 22:45:09','2025-11-08 22:45:09'),(105,42,'5.1.02.01.01.0036','Belanja Alat/Bahan untuk Kegiatan\nKantor-Alat/Bahan untuk Kegiatan Kantor\nLainnya','2025-11-08 22:45:09','2025-11-08 22:45:09'),(106,42,'5.1.02.01.01.0037','Belanja Obat-Obatan-Obat','2025-11-08 22:45:09','2025-11-08 22:45:09'),(107,42,'5.1.02.01.01.0038','Belanja Obat-Obatan-Obat-Obatan Lainnya','2025-11-08 22:45:09','2025-11-08 22:45:09'),(108,42,'5.1.02.01.01.0039','Belanja Barang untuk Dijual/Diserahkan kepada\nMasyarakat','2025-11-08 22:45:09','2025-11-08 22:45:09'),(109,42,'5.1.02.01.01.0040','Belanja Barang untuk Dijual/Diserahkan kepada\nPihak Ketiga/Pihak Lain','2025-11-08 22:45:09','2025-11-08 22:45:09'),(110,42,'5.1.02.01.01.0041','Belanja Persediaan untuk Tujuan Strategis/Berjaga-jaga-Persediaan untuk Tujuan Strategis/Berjaga-jaga','2025-11-08 22:45:09','2025-11-08 22:45:09'),(111,42,'5.1.02.01.01.0043','Belanja Natura dan Pakan-Natura','2025-11-08 22:45:09','2025-11-08 22:45:09'),(112,42,'5.1.02.01.01.0044','Belanja Natura dan Pakan-Pakan','2025-11-08 22:45:09','2025-11-08 22:45:09'),(113,42,'5.1.02.01.01.0045','Belanja Natura dan Pakan-Natura dan Pakan\nLainnya','2025-11-08 22:45:09','2025-11-08 22:45:09'),(114,42,'5.1.02.01.01.0052','Belanja Makanan dan Minuman Rapat','2025-11-08 22:45:09','2025-11-08 22:45:09'),(115,42,'5.1.02.01.01.0053','Belanja Makanan dan Minuman Jamuan Tamu','2025-11-08 22:45:09','2025-11-08 22:45:09'),(116,42,'5.1.02.01.01.0055','Belanja Makanan dan Minuman pada Fasilitas\nPelayanan Urusan Pendidikan','2025-11-08 22:45:09','2025-11-08 22:45:09'),(117,42,'5.1.02.01.01.0056','Belanja Makanan dan Minuman pada Fasilitas\nPelayanan Urusan Kesehatan','2025-11-08 22:45:09','2025-11-08 22:45:09'),(118,42,'5.1.02.01.01.0057','Belanja Makanan dan Minuman pada Fasilitas\nPelayanan Urusan Sosial','2025-11-08 22:45:09','2025-11-08 22:45:09'),(119,42,'5.1.02.01.01.0058','Belanja Makanan dan Minuman Aktivitas\nLapangan','2025-11-08 22:45:09','2025-11-08 22:45:09'),(120,42,'5.1.02.01.01.0060','Belanja Pakaian Dinas dan Atribut Pimpinan dan\nAnggota DPRD','2025-11-08 22:45:09','2025-11-08 22:45:09'),(121,42,'5.1.02.01.01.0061','Belanja Pakaian Sipil Harian (PSH)','2025-11-08 22:45:09','2025-11-08 22:45:09'),(122,42,'5.1.02.01.01.0062','Belanja Pakaian Sipil Lengkap (PSL)','2025-11-08 22:45:09','2025-11-08 22:45:09'),(123,42,'5.1.02.01.01.0063','Belanja Pakaian Dinas Harian (PDH)','2025-11-08 22:45:09','2025-11-08 22:45:09'),(124,42,'5.1.02.01.01.0064','Belanja Pakaian Dinas Lapangan (PDL)','2025-11-08 22:45:09','2025-11-08 22:45:09'),(125,42,'5.1.02.01.01.0065','Belanja Pakaian Sipil Resmi (PSR)','2025-11-08 22:45:09','2025-11-08 22:45:09'),(126,42,'5.1.02.01.01.0066','Belanja Pakaian Dinas Upacara (PDU)','2025-11-08 22:45:09','2025-11-08 22:45:09'),(127,42,'5.1.02.01.01.0068','Belanja Pakaian Siaga','2025-11-08 22:45:09','2025-11-08 22:45:09'),(128,42,'5.1.02.01.01.0070','Belanja Pakaian Pelatihan Kerja','2025-11-08 22:45:09','2025-11-08 22:45:09'),(129,42,'5.1.02.01.01.0072','Belanja Pakaian Kerja Bengkel','2025-11-08 22:45:09','2025-11-08 22:45:09'),(130,42,'5.1.02.01.01.0073','Belanja Pakaian KORPRI','2025-11-08 22:45:09','2025-11-08 22:45:09'),(131,42,'5.1.02.01.01.0074','Belanja Pakaian Adat Daerah','2025-11-08 22:45:09','2025-11-08 22:45:09'),(132,42,'5.1.02.01.01.0075','Belanja Pakaian Batik Tradisional','2025-11-08 22:45:09','2025-11-08 22:45:09'),(133,42,'5.1.02.01.01.0076','Belanja Pakaian Olahraga','2025-11-08 22:45:09','2025-11-08 22:45:09'),(134,42,'5.1.02.01.01.0077','Belanja Pakaian Paskibraka','2025-11-08 22:45:09','2025-11-08 22:45:09'),(135,43,'5.1.02.01.02.0006','Belanja Komponen-Komponen Lainnya','2025-11-08 22:45:09','2025-11-08 22:45:09'),(136,44,'5.1.02.01.04.0406','Belanja Peralatan dan\nMesin-Komputer-Komputer Unit-Komputer Unit\nLainnya','2025-11-08 22:45:09','2025-11-08 22:45:09'),(137,44,'5.1.02.01.04.0494','Belanja Peralatan dan\nMesin-Rambu-rambu-Rambu-rambu Lalu Lintas\nDarat-Rambu-Rambu Lalu Lintas Darat Lainnya','2025-11-08 22:45:09','2025-11-08 22:45:09'),(138,44,'5.1.02.01.04.0710','Belanja Aset Tetap Lainnya-Bahan Perpustakaan-Bahan Perpustakaan Tercetak-Buku Umum','2025-11-08 22:45:09','2025-11-08 22:45:09'),(139,45,'5.1.02.02.01.0003','Honorarium Narasumber atau Pembahas, Moderator, Pembawa Acara, dan Panitia','2025-11-08 22:45:09','2025-11-08 22:45:09'),(140,45,'5.1.02.02.01.0004','Honorarium Tim Pelaksana Kegiatan dan\nSekretariat Tim Pelaksana Kegiatan','2025-11-08 22:45:09','2025-11-08 22:45:09'),(141,45,'5.1.02.02.01.0005','Honorarium Pemberi Keterangan Ahli, Saksi Ahli, dan Beracara','2025-11-08 22:45:09','2025-11-08 22:45:09'),(142,45,'5.1.02.02.01.0006','Honorarium Penyuluhan atau Pendampingan','2025-11-08 22:45:09','2025-11-08 22:45:09'),(143,45,'5.1.02.02.01.0007','Honorarium Rohaniwan','2025-11-08 22:45:09','2025-11-08 22:45:09'),(144,45,'5.1.02.02.01.0008','Honorarium Tim Penyusunan Jurnal, Buletin, Majalah, Pengelola Teknologi Informasi dan Pengelola Website','2025-11-08 22:45:09','2025-11-08 22:45:09'),(145,45,'5.1.02.02.01.0010','Honorarium Penulisan Butir Soal Tingkat\nProvinsi, Kabupaten atau Kota','2025-11-08 22:45:09','2025-11-08 22:45:09'),(146,45,'5.1.02.02.01.0011','Honorarium Penyelenggaraan Kegiatan\nPendidikan dan Pelatihan','2025-11-08 22:45:09','2025-11-08 22:45:09'),(147,45,'5.1.02.02.01.0012','Honorarium Tim Anggaran Pemerintah Daerah','2025-11-08 22:45:09','2025-11-08 22:45:09'),(148,45,'5.1.02.02.01.0013','Belanja Jasa Tenaga Pendidikan','2025-11-08 22:45:09','2025-11-08 22:45:09'),(149,45,'5.1.02.02.01.0014','Belanja Jasa Tenaga Kesehatan','2025-11-08 22:45:09','2025-11-08 22:45:09'),(150,45,'5.1.02.02.01.0015','Belanja Jasa Tenaga Laboratorium','2025-11-08 22:45:09','2025-11-08 22:45:09'),(151,45,'5.1.02.02.01.0016','Belanja Jasa Tenaga Penanganan Prasarana dan\nSarana Umum','2025-11-08 22:45:09','2025-11-08 22:45:09'),(152,45,'5.1.02.02.01.0017','Belanja Jasa Tenaga Ketenteraman, Ketertiban\nUmum, dan Perlindungan Masyarakat','2025-11-08 22:45:09','2025-11-08 22:45:09'),(153,45,'5.1.02.02.01.0018','Belanja Jasa Tenaga Pemadam Kebakaran dan\nPenyelamatan','2025-11-08 22:45:09','2025-11-08 22:45:09'),(154,45,'5.1.02.02.01.0019','Belanja Jasa Tenaga Penanganan Bencana','2025-11-08 22:45:09','2025-11-08 22:45:09'),(155,45,'5.1.02.02.01.0020','Belanja Jasa Tenaga Penanganan Sosial','2025-11-08 22:45:09','2025-11-08 22:45:09'),(156,45,'5.1.02.02.01.0022','Belanja Jasa Tenaga Perhubungan','2025-11-08 22:45:09','2025-11-08 22:45:09'),(157,45,'5.1.02.02.01.0023','Belanja Jasa Tenaga Teknis Pertanian dan\nPangan','2025-11-08 22:45:09','2025-11-08 22:45:09'),(158,45,'5.1.02.02.01.0024','Belanja Jasa Tenaga Arsip dan Perpustakaan','2025-11-08 22:45:09','2025-11-08 22:45:09'),(159,45,'5.1.02.02.01.0025','Belanja Jasa Tenaga Kesenian dan Kebudayaan','2025-11-08 22:45:09','2025-11-08 22:45:09'),(160,45,'5.1.02.02.01.0026','Belanja Jasa Tenaga Administrasi','2025-11-08 22:45:09','2025-11-08 22:45:09'),(161,45,'5.1.02.02.01.0027','Belanja Jasa Tenaga Operator Komputer','2025-11-08 22:45:09','2025-11-08 22:45:09'),(162,45,'5.1.02.02.01.0028','Belanja Jasa Tenaga Pelayanan Umum','2025-11-08 22:45:09','2025-11-08 22:45:09'),(163,45,'5.1.02.02.01.0029','Belanja Jasa Tenaga Ahli','2025-11-08 22:45:09','2025-11-08 22:45:09'),(164,45,'5.1.02.02.01.0030','Belanja Jasa Tenaga Kebersihan','2025-11-08 22:45:09','2025-11-08 22:45:09'),(165,45,'5.1.02.02.01.0031','Belanja Jasa Tenaga Keamanan','2025-11-08 22:45:09','2025-11-08 22:45:09'),(166,45,'5.1.02.02.01.0032','Belanja Jasa Tenaga Caraka','2025-11-08 22:45:09','2025-11-08 22:45:09'),(167,45,'5.1.02.02.01.0033','Belanja Jasa Tenaga Supir','2025-11-08 22:45:09','2025-11-08 22:45:09'),(168,45,'5.1.02.02.01.0035','Belanja Jasa Tenaga Teknisi Mekanik dan Listrik','2025-11-08 22:45:09','2025-11-08 22:45:09'),(169,45,'5.1.02.02.01.0036','Belanja Jasa Audit/Surveillance ISO','2025-11-08 22:45:09','2025-11-08 22:45:09'),(170,45,'5.1.02.02.01.0037','Belanja Jasa Juri Perlombaan/Pertandingan','2025-11-08 22:45:09','2025-11-08 22:45:09'),(171,45,'5.1.02.02.01.0038','Belanja Jasa Tata Rias','2025-11-08 22:45:09','2025-11-08 22:45:09'),(172,45,'5.1.02.02.01.0039','Belanja Jasa Tenaga Informasi dan Teknologi','2025-11-08 22:45:09','2025-11-08 22:45:09'),(173,45,'5.1.02.02.01.0041','Belanja Jasa Pemasangan Instalasi Telepon, Air, dan Listrik','2025-11-08 22:45:09','2025-11-08 22:45:09'),(174,45,'5.1.02.02.01.0042','Belanja Jasa Pelaksanaan Transaksi Keuangan','2025-11-08 22:45:09','2025-11-08 22:45:09'),(175,45,'5.1.02.02.01.0046','Belanja Jasa Konversi Aplikasi/Sistem Informasi','2025-11-08 22:45:09','2025-11-08 22:45:09'),(176,45,'5.1.02.02.01.0047','Belanja Jasa Penyelenggaraan Acara','2025-11-08 22:45:09','2025-11-08 22:45:09'),(177,45,'5.1.02.02.01.0048','Belanja Jasa Kontribusi Asosiasi','2025-11-08 22:45:09','2025-11-08 22:45:09'),(178,45,'5.1.02.02.01.0050','Belanja Jasa Kalibrasi','2025-11-08 22:45:09','2025-11-08 22:45:09'),(179,45,'5.1.02.02.01.0051','Belanja Jasa Pengolahan Sampah','2025-11-08 22:45:09','2025-11-08 22:45:09'),(180,45,'5.1.02.02.01.0053','Belanja Jasa Pengukuran Tanah','2025-11-08 22:45:09','2025-11-08 22:45:09'),(181,45,'5.1.02.02.01.0054','Belanja Jasa Jalan/Tol','2025-11-08 22:45:09','2025-11-08 22:45:09'),(182,45,'5.1.02.02.01.0055','Belanja Jasa Iklan/Reklame, Film, dan\nPemotretan','2025-11-08 22:45:09','2025-11-08 22:45:09'),(183,45,'5.1.02.02.01.0059','Belanja Tagihan Telepon','2025-11-08 22:45:09','2025-11-08 22:45:09'),(184,45,'5.1.02.02.01.0060','Belanja Tagihan Air','2025-11-08 22:45:09','2025-11-08 22:45:09'),(185,45,'5.1.02.02.01.0061','Belanja Tagihan Listrik','2025-11-08 22:45:09','2025-11-08 22:45:09'),(186,45,'5.1.02.02.01.0062','Belanja Langganan Jurnal/Surat Kabar/Majalah','2025-11-08 22:45:09','2025-11-08 22:45:09'),(187,45,'5.1.02.02.01.0063','Belanja Kawat/Faksimili/Internet/TV Berlangganan','2025-11-08 22:45:09','2025-11-08 22:45:09'),(188,45,'5.1.02.02.01.0064','Belanja Paket/Pengiriman','2025-11-08 22:45:09','2025-11-08 22:45:09'),(189,45,'5.1.02.02.01.0065','Belanja Penambahan Daya','2025-11-08 22:45:09','2025-11-08 22:45:09'),(190,45,'5.1.02.02.01.0067','Belanja Pembayaran Pajak, Bea, dan Perizinan','2025-11-08 22:45:09','2025-11-08 22:45:09'),(191,45,'5.1.02.02.01.0069','Belanja Pengolahan Air Limbah','2025-11-08 22:45:09','2025-11-08 22:45:09'),(192,45,'5.1.02.02.01.0071','Belanja Lembur','2025-11-08 22:45:09','2025-11-08 22:45:09'),(193,45,'5.1.02.02.01.0073','Belanja Medical Check Up','2025-11-08 22:45:09','2025-11-08 22:45:09'),(194,45,'5.1.02.02.01.0080','Belanja Honorarium Penanggungjawaban\nPengelola Keuangan','2025-11-08 22:45:09','2025-11-08 22:45:09'),(195,45,'5.1.02.02.01.0081','Belanja Honorarium Pengadaan Barang/Jasa','2025-11-08 22:45:09','2025-11-08 22:45:09'),(196,45,'5.1.02.02.01.0082','Belanja Honorarium Perangkat Unit Kerja\nPengadaan Barang dan Jasa (UKPBJ)','2025-11-08 22:45:09','2025-11-08 22:45:09'),(197,46,'5.1.02.02.02.0003','Belanja Iuran Jaminan Kesehatan bagi Peserta\nPBPU dan BP Kelas 3','2025-11-08 22:45:09','2025-11-08 22:45:09'),(198,46,'5.1.02.02.02.0006','Belanja Iuran Jaminan Kecelakaan Kerja bagi\nNon ASN','2025-11-08 22:45:09','2025-11-08 22:45:09'),(199,46,'5.1.02.02.02.0007','Belanja Iuran Jaminan Kematian bagi Non ASN','2025-11-08 22:45:09','2025-11-08 22:45:09'),(200,46,'5.1.02.02.02.0008','Belanja Asuransi Barang Milik Daerah','2025-11-08 22:45:09','2025-11-08 22:45:09'),(201,46,'5.1.02.02.02.0012','Belanja Iuran Jaminan Kecelakaan Kerja bagi\nPekerja Rentan','2025-11-08 22:45:09','2025-11-08 22:45:09'),(202,46,'5.1.02.02.02.0013','Belanja Iuran Jaminan Kematian bagi Pekerja\nRentan','2025-11-08 22:45:09','2025-11-08 22:45:09'),(203,47,'5.1.02.02.03.0018','Belanja Sewa Tanah Lapangan Parkir','2025-11-08 22:45:09','2025-11-08 22:45:09'),(204,47,'5.1.02.02.03.0035','Belanja Sewa Lapangan Lainnya','2025-11-08 22:45:09','2025-11-08 22:45:09'),(205,48,'5.1.02.02.04.0012','Belanja Sewa Alat Besar Darat Lainnya','2025-11-08 22:45:09','2025-11-08 22:45:09'),(206,48,'5.1.02.02.04.0034','Belanja Sewa Alat Bantu Lainnya','2025-11-08 22:45:09','2025-11-08 22:45:09'),(207,48,'5.1.02.02.04.0035','Belanja Sewa Kendaraan Dinas Bermotor\nPerorangan','2025-11-08 22:45:09','2025-11-08 22:45:09'),(208,48,'5.1.02.02.04.0036','Belanja Sewa Kendaraan Bermotor Penumpang','2025-11-08 22:45:09','2025-11-08 22:45:09'),(209,48,'5.1.02.02.04.0038','Belanja Sewa Kendaraan Bermotor Beroda Dua','2025-11-08 22:45:09','2025-11-08 22:45:09'),(210,48,'5.1.02.02.04.0082','Belanja Sewa Alat Ukur Universal','2025-11-08 22:45:09','2025-11-08 22:45:09'),(211,48,'5.1.02.02.04.0090','Belanja Sewa Alat Ukur Lain-Lain','2025-11-08 22:45:09','2025-11-08 22:45:09'),(212,48,'5.1.02.02.04.0117','Belanja Sewa Alat Kantor Lainnya','2025-11-08 22:45:09','2025-11-08 22:45:09'),(213,48,'5.1.02.02.04.0121','Belanja Sewa Alat Pendingin','2025-11-08 22:45:09','2025-11-08 22:45:09'),(214,48,'5.1.02.02.04.0123','Belanja Sewa Alat Rumah Tangga Lainnya\n(Home Use)','2025-11-08 22:45:09','2025-11-08 22:45:09'),(215,48,'5.1.02.02.04.0137','Belanja Sewa Alat Studio Lainnya','2025-11-08 22:45:09','2025-11-08 22:45:09'),(216,48,'5.1.02.02.04.0139','Belanja Sewa Alat Komunikasi Radio SSB','2025-11-08 22:45:09','2025-11-08 22:45:09'),(217,48,'5.1.02.02.04.0149','Belanja Sewa Peralatan Pemancar MF/MW','2025-11-08 22:45:09','2025-11-08 22:45:09'),(218,48,'5.1.02.02.04.0410','Belanja Sewa Peralatan Jaringan','2025-11-08 22:45:09','2025-11-08 22:45:09'),(219,48,'5.1.02.02.04.0411','Belanja Sewa Peralatan Komputer Lainnya','2025-11-08 22:45:09','2025-11-08 22:45:09'),(220,48,'5.1.02.02.04.0509','Belanja Sewa Peralatan Olahraga Lainnya','2025-11-08 22:45:09','2025-11-08 22:45:09'),(221,49,'5.1.02.02.05.0001','Belanja Sewa Bangunan Gedung Kantor','2025-11-08 22:45:09','2025-11-08 22:45:09'),(222,49,'5.1.02.02.05.0002','Belanja Sewa Bangunan Gudang','2025-11-08 22:45:09','2025-11-08 22:45:09'),(223,49,'5.1.02.02.05.0009','Belanja Sewa Bangunan Gedung Tempat\nPertemuan','2025-11-08 22:45:09','2025-11-08 22:45:09'),(224,49,'5.1.02.02.05.0011','Belanja Sewa Bangunan Gedung Tempat\nOlahraga','2025-11-08 22:45:09','2025-11-08 22:45:09'),(225,49,'5.1.02.02.05.0025','Belanja Sewa Bangunan Terbuka','2025-11-08 22:45:09','2025-11-08 22:45:09'),(226,49,'5.1.02.02.05.0042','Belanja Sewa Asrama','2025-11-08 22:45:09','2025-11-08 22:45:09'),(227,49,'5.1.02.02.05.0043','Belanja Sewa Hotel','2025-11-08 22:45:09','2025-11-08 22:45:09'),(228,49,'5.1.02.02.05.0045','Belanja Sewa Flat/Rumah Susun','2025-11-08 22:45:09','2025-11-08 22:45:09'),(229,49,'5.1.02.02.05.0050','Belanja Sewa Bangunan Gedung Tempat Tinggal\nLainnya','2025-11-08 22:45:09','2025-11-08 22:45:09'),(230,49,'5.1.02.02.05.0062','Belanja Sewa Pilar/Tugu/Tanda Lainnya','2025-11-08 22:45:09','2025-11-08 22:45:09'),(231,50,'5.1.02.02.07.0035','Belanja Sewa Alat Bercorak Kebudayaan Lainnya','2025-11-08 22:45:09','2025-11-08 22:45:09'),(232,51,'5.1.02.02.08.0001','Belanja Jasa Konsultansi Perencanaan Arsitektur-Jasa Nasihat dan Pra Desain Arsitektural','2025-11-08 22:45:09','2025-11-08 22:45:09'),(233,51,'5.1.02.02.08.0002','Belanja Jasa Konsultansi Perencanaan\nArsitektur-Jasa Desain Arsitektural','2025-11-08 22:45:09','2025-11-08 22:45:09'),(234,51,'5.1.02.02.08.0004','Belanja Jasa Konsultansi Perencanaan\nArsitektur-Jasa Desain Interior','2025-11-08 22:45:09','2025-11-08 22:45:09'),(235,51,'5.1.02.02.08.0005','Belanja Jasa Konsultansi Perencanaan\nArsitektur-Jasa Arsitektur Lainnya','2025-11-08 22:45:09','2025-11-08 22:45:09'),(236,51,'5.1.02.02.08.0008','Belanja Jasa Konsultansi Perencanaan Rekayasa-Jasa Desain Rekayasa untuk Pekerjaan Teknik Sipil Air','2025-11-08 22:45:09','2025-11-08 22:45:09'),(237,51,'5.1.02.02.08.0009','Belanja Jasa Konsultansi Perencanaan Rekayasa-Jasa Desain Rekayasa untuk Pekerjaan Teknik Sipil Transportasi','2025-11-08 22:45:09','2025-11-08 22:45:09'),(238,51,'5.1.02.02.08.0016','Belanja Jasa Konsultansi Perencanaan Penataan Ruang-Jasa Perencanaan dan Perancangan Lingkungan Bangunan dan Landscape','2025-11-08 22:45:09','2025-11-08 22:45:09'),(239,51,'5.1.02.02.08.0017','Belanja Jasa Konsultansi Perencanaan Penataan\nRuang-Pengembangan Pemanfaatan Ruang','2025-11-08 22:45:09','2025-11-08 22:45:09'),(240,51,'5.1.02.02.08.0018','Belanja Jasa Konsultansi Pengawasan Arsitektur','2025-11-08 22:45:09','2025-11-08 22:45:09'),(241,51,'5.1.02.02.08.0019','Belanja Jasa Konsultansi Pengawasan\nRekayasa-Jasa Pengawas Pekerjaan Konstruksi\nBangunan Gedung','2025-11-08 22:45:09','2025-11-08 22:45:09'),(242,51,'5.1.02.02.08.0020','Belanja Jasa Konsultansi Pengawasan\nRekayasa-Jasa Pengawas Pekerjaan Konstruksi\nTeknik Sipil Transportasi','2025-11-08 22:45:09','2025-11-08 22:45:09'),(243,51,'5.1.02.02.08.0021','Belanja Jasa Konsultansi Pengawasan\nRekayasa-Jasa Pengawas Pekerjaan Konstruksi\nTeknik Sipil Air','2025-11-08 22:45:09','2025-11-08 22:45:09'),(244,51,'5.1.02.02.08.0022','Belanja Jasa Konsultansi Pengawasan\nRekayasa-Jasa Pengawas Pekerjaan Konstruksi dan Instalasi Proses dan Fasilitas Industri','2025-11-08 22:45:09','2025-11-08 22:45:09'),(245,51,'5.1.02.02.08.0023','Belanja Jasa Konsultansi Pengawasan Penataan\nRuang','2025-11-08 22:45:09','2025-11-08 22:45:09'),(246,51,'5.1.02.02.08.0033','Belanja Jasa Konsultansi Lainnya-Jasa\nKonsultansi Estimasi Nilai Lahan dan Bangunan','2025-11-08 22:45:09','2025-11-08 22:45:09'),(247,52,'5.1.02.02.09.0002','Belanja Jasa Konsultansi Berorientasi\nBidang-Transportasi','2025-11-08 22:45:09','2025-11-08 22:45:09'),(248,52,'5.1.02.02.09.0003','Belanja Jasa Konsultansi Berorientasi\nBidang-Telematika','2025-11-08 22:45:09','2025-11-08 22:45:09'),(249,52,'5.1.02.02.09.0011','Belanja Jasa Konsultansi Berorientasi\nLayanan-Jasa Survei','2025-11-08 22:45:09','2025-11-08 22:45:09'),(250,52,'5.1.02.02.09.0012','Belanja Jasa Konsultansi Berorientasi Layanan-Jasa Studi Penelitian dan Bantuan Teknik','2025-11-08 22:45:09','2025-11-08 22:45:09'),(251,52,'5.1.02.02.09.0014','Belanja Jasa Konsultansi Berorientasi\nLayanan-Jasa Khusus','2025-11-08 22:45:09','2025-11-08 22:45:09'),(252,52,'5.1.02.02.09.0020','Belanja Jasa Konsultansi Layanan Kepariwisataan-Jasa Konsultansi Perencanaan Kepariwisataan','2025-11-08 22:45:09','2025-11-08 22:45:09'),(253,53,'5.1.02.02.11.0001','Belanja Beasiswa Tugas Belajar S1','2025-11-08 22:45:09','2025-11-08 22:45:09'),(254,53,'5.1.02.02.11.0002','Belanja Beasiswa Tugas Belajar S2','2025-11-08 22:45:09','2025-11-08 22:45:09'),(255,54,'5.1.02.02.12.0001','Belanja Kursus Singkat/Pelatihan','2025-11-08 22:45:09','2025-11-08 22:45:09'),(256,54,'5.1.02.02.12.0003','Belanja Bimbingan Teknis','2025-11-08 22:45:09','2025-11-08 22:45:09'),(257,54,'5.1.02.02.12.0004','Belanja Diklat Kepemimpinan','2025-11-08 22:45:09','2025-11-08 22:45:09'),(258,55,'5.1.02.02.13.0006','Belanja Insentif Pegawai Non ASN atas\nPemungutan Pajak Hotel','2025-11-08 22:45:09','2025-11-08 22:45:09'),(259,55,'5.1.02.02.13.0007','Belanja Insentif Pegawai Non ASN atas\nPemungutan Pajak Restoran','2025-11-08 22:45:09','2025-11-08 22:45:09'),(260,55,'5.1.02.02.13.0008','Belanja Insentif Pegawai Non ASN atas\nPemungutan Pajak Hiburan','2025-11-08 22:45:09','2025-11-08 22:45:09'),(261,55,'5.1.02.02.13.0009','Belanja Insentif Pegawai Non ASN atas\nPemungutan Pajak Reklame','2025-11-08 22:45:09','2025-11-08 22:45:09'),(262,55,'5.1.02.02.13.0011','Belanja Insentif Pegawai Non ASN atas\nPemungutan Pajak Parkir','2025-11-08 22:45:09','2025-11-08 22:45:09'),(263,55,'5.1.02.02.13.0012','Belanja Insentif Pegawai Non ASN atas\nPemungutan Pajak Air Tanah','2025-11-08 22:45:09','2025-11-08 22:45:09'),(264,55,'5.1.02.02.13.0013','Belanja Insentif Pegawai Non ASN atas\nPemungutan Pajak Sarang Burung Walet','2025-11-08 22:45:09','2025-11-08 22:45:09'),(265,55,'5.1.02.02.13.0014','Belanja Insentif Pegawai Non ASN atas Pemungutan Pajak Mineral Bukan Logam dan Batuan','2025-11-08 22:45:09','2025-11-08 22:45:09'),(266,55,'5.1.02.02.13.0015','Belanja Insentif Pegawai Non ASN atas Pemungutan Pajak Pajak Bumi dan Bangunan Perdesaan dan Perkotaan','2025-11-08 22:45:09','2025-11-08 22:45:09'),(267,56,'5.1.02.03.01.0016','Belanja Pemeliharaan Tanah-Tanah Non\nPersil-Tanah Non Persil Lainnya','2025-11-08 22:45:09','2025-11-08 22:45:09'),(268,56,'5.1.02.03.01.0023','Belanja Pemeliharaan Tanah-Lapangan-Tanah untuk Jalan','2025-11-08 22:45:09','2025-11-08 22:45:09'),(269,56,'5.1.02.03.01.0035','Belanja Pemeliharaan\nTanah-Lapangan-Lapangan Lainnya','2025-11-08 22:45:09','2025-11-08 22:45:09'),(270,57,'5.1.02.03.02.0002','Belanja Pemeliharaan Alat Besar-Alat Besar\nDarat-Grader','2025-11-08 22:45:09','2025-11-08 22:45:09'),(271,57,'5.1.02.03.02.0003','Belanja Pemeliharaan Alat Besar-Alat Besar\nDarat-Excavator','2025-11-08 22:45:09','2025-11-08 22:45:09'),(272,57,'5.1.02.03.02.0007','Belanja Pemeliharaan Alat Besar-Alat Besar\nDarat-Compacting Equipment','2025-11-08 22:45:09','2025-11-08 22:45:09'),(273,57,'5.1.02.03.02.0009','Belanja Pemeliharaan Alat Besar-Alat Besar\nDarat-Loader','2025-11-08 22:45:09','2025-11-08 22:45:09'),(274,57,'5.1.02.03.02.0010','Belanja Pemeliharaan Alat Besar-Alat Besar\nDarat-Alat Pengangkat','2025-11-08 22:45:09','2025-11-08 22:45:09'),(275,57,'5.1.02.03.02.0012','Belanja Pemeliharaan Alat Besar-Alat Besar\nDarat-Alat Besar Darat Lainnya','2025-11-08 22:45:09','2025-11-08 22:45:09'),(276,57,'5.1.02.03.02.0022','Belanja Pemeliharaan Alat Besar-Alat\nBantu-Electric Generating Set','2025-11-08 22:45:09','2025-11-08 22:45:09'),(277,57,'5.1.02.03.02.0023','Belanja Pemeliharaan Alat Besar-Alat\nBantu-Pompa','2025-11-08 22:45:09','2025-11-08 22:45:09'),(278,57,'5.1.02.03.02.0025','Belanja Pemeliharaan Alat Besar-Alat Bantu-Unit\nPemeliharaan Lapangan','2025-11-08 22:45:09','2025-11-08 22:45:09'),(279,57,'5.1.02.03.02.0034','Belanja Pemeliharaan Alat Besar-Alat Bantu-Alat\nBantu Lainnya','2025-11-08 22:45:09','2025-11-08 22:45:09'),(280,57,'5.1.02.03.02.0035','Belanja Pemeliharaan Alat Angkutan-Alat Angkutan Darat Bermotor-Kendaraan Dinas Bermotor Perorangan','2025-11-08 22:45:09','2025-11-08 22:45:09'),(281,57,'5.1.02.03.02.0036','Belanja Pemeliharaan Alat Angkutan-Alat Angkutan Darat Bermotor-Kendaraan Bermotor Penumpang','2025-11-08 22:45:09','2025-11-08 22:45:09'),(282,57,'5.1.02.03.02.0037','Belanja Pemeliharaan Alat Angkutan-Alat Angkutan Darat Bermotor-Kendaraan Bermotor Angkutan Barang','2025-11-08 22:45:09','2025-11-08 22:45:09'),(283,57,'5.1.02.03.02.0038','Belanja Pemeliharaan Alat Angkutan-Alat Angkutan Darat Bermotor-Kendaraan Bermotor Beroda Dua','2025-11-08 22:45:09','2025-11-08 22:45:09'),(284,57,'5.1.02.03.02.0039','Belanja Pemeliharaan Alat Angkutan-Alat Angkutan Darat Bermotor-Kendaraan Bermotor Beroda Tiga','2025-11-08 22:45:09','2025-11-08 22:45:09'),(285,57,'5.1.02.03.02.0040','Belanja Pemeliharaan Alat Angkutan-Alat Angkutan Darat Bermotor-Kendaraan Bermotor Khusus','2025-11-08 22:45:09','2025-11-08 22:45:09'),(286,57,'5.1.02.03.02.0066','Belanja Pemeliharaan Alat Bengkel dan Alat\nUkur-Alat Bengkel Bermesin-Peralatan Las','2025-11-08 22:45:09','2025-11-08 22:45:09'),(287,57,'5.1.02.03.02.0068','Belanja Pemeliharaan Alat Bengkel dan Alat Ukur-Alat Bengkel Bermesin-Alat Bengkel Bermesin Lainnya','2025-11-08 22:45:09','2025-11-08 22:45:09'),(288,57,'5.1.02.03.02.0086','Belanja Pemeliharaan Alat Bengkel dan Alat\nUkur-Alat Ukur-Alat Kalibrasi','2025-11-08 22:45:09','2025-11-08 22:45:09'),(289,57,'5.1.02.03.02.0091','Belanja Pemeliharaan Alat Bengkel dan Alat\nUkur-Alat Ukur-Alat Timbangan/Biara','2025-11-08 22:45:09','2025-11-08 22:45:09'),(290,57,'5.1.02.03.02.0103','Belanja Pemeliharaan Alat Pertanian-Alat Pengolahan-Alat Pengolahan Tanah dan Tanaman','2025-11-08 22:45:09','2025-11-08 22:45:09'),(291,57,'5.1.02.03.02.0117','Belanja Pemeliharaan Alat Kantor dan Rumah\nTangga-Alat Kantor-Alat Kantor Lainnya','2025-11-08 22:45:09','2025-11-08 22:45:09'),(292,57,'5.1.02.03.02.0121','Belanja Pemeliharaan Alat Kantor dan Rumah\nTangga-Alat Rumah Tangga-Alat Pendingin','2025-11-08 22:45:09','2025-11-08 22:45:09'),(293,57,'5.1.02.03.02.0123','Belanja Pemeliharaan Alat Kantor dan Rumah Tangga-Alat Rumah Tangga-Alat Rumah Tangga Lainnya (Home Use)','2025-11-08 22:45:09','2025-11-08 22:45:09'),(294,57,'5.1.02.03.02.0132','Belanja Pemeliharaan Alat Studio, Komunikasi, dan Pemancar-Alat Studio-Peralatan Studio Audio','2025-11-08 22:45:09','2025-11-08 22:45:09'),(295,57,'5.1.02.03.02.0137','Belanja Pemeliharaan Alat Studio, Komunikasi, dan Pemancar-Alat Studio-Alat Studio Lainnya','2025-11-08 22:45:09','2025-11-08 22:45:09'),(296,57,'5.1.02.03.02.0142','Belanja Pemeliharaan Alat Studio, Komunikasi, dan Pemancar-Alat Komunikasi-Alat Komunikasi Radio UHF','2025-11-08 22:45:09','2025-11-08 22:45:09'),(297,57,'5.1.02.03.02.0148','Belanja Pemeliharaan Alat Studio, Komunikasi, dan Pemancar-Alat Komunikasi-Alat Komunikasi Lainnya','2025-11-08 22:45:09','2025-11-08 22:45:09'),(298,57,'5.1.02.03.02.0371','Belanja Pemeliharaan Alat Laboratorium-Alat Laboratorium Standarisasi Kalibrasi dan Instrumentasi-Alat Laboratorium Standarisasi Kalibrasi dan Instrumentasi Lain','2025-11-08 22:45:09','2025-11-08 22:45:09'),(299,57,'5.1.02.03.02.0404','Belanja Pemeliharaan Komputer-Komputer\nUnit-Komputer Jaringan','2025-11-08 22:45:09','2025-11-08 22:45:09'),(300,57,'5.1.02.03.02.0405','Belanja Pemeliharaan Komputer-Komputer\nUnit-Personal Computer','2025-11-08 22:45:09','2025-11-08 22:45:09'),(301,57,'5.1.02.03.02.0409','Belanja Pemeliharaan Komputer-Peralatan\nKomputer-Peralatan Personal Computer','2025-11-08 22:45:09','2025-11-08 22:45:09'),(302,57,'5.1.02.03.02.0410','Belanja Pemeliharaan Komputer-Peralatan\nKomputer-Peralatan Jaringan','2025-11-08 22:45:09','2025-11-08 22:45:09'),(303,57,'5.1.02.03.02.0494','Belanja Pemeliharaan\nRambu-Rambu-Rambu-Rambu Lalu Lintas\nDarat-Rambu-Rambu Lalu Lintas Darat Lainnya','2025-11-08 22:45:09','2025-11-08 22:45:09'),(304,58,'5.1.02.03.03.0001','Belanja Pemeliharaan Bangunan Gedung-Bangunan Gedung Tempat Kerja-Bangunan Gedung Kantor','2025-11-08 22:45:09','2025-11-08 22:45:09'),(305,58,'5.1.02.03.03.0011','Belanja Pemeliharaan Bangunan\nGedung-Bangunan Gedung Tempat\nKerja-Bangunan Gedung Tempat Olahraga','2025-11-08 22:45:09','2025-11-08 22:45:09'),(306,58,'5.1.02.03.03.0018','Belanja Pemeliharaan Bangunan Gedung-Bangunan Gedung Tempat Kerja-Bangunan Gedung Terminal/Pelabuhan/Bandara','2025-11-08 22:45:09','2025-11-08 22:45:09'),(307,58,'5.1.02.03.03.0032','Belanja Pemeliharaan Bangunan Gedung-Bangunan Gedung Tempat Kerja-Bangunan Fasilitas Umum','2025-11-08 22:45:09','2025-11-08 22:45:09'),(308,58,'5.1.02.03.03.0033','Belanja Pemeliharaan Bangunan Gedung-Bangunan Gedung Tempat Kerja-Bangunan Parkir','2025-11-08 22:45:09','2025-11-08 22:45:09'),(309,58,'5.1.02.03.03.0036','Belanja Pemeliharaan Bangunan\nGedung-Bangunan Gedung Tempat Kerja-Taman','2025-11-08 22:45:09','2025-11-08 22:45:09'),(310,59,'5.1.02.03.04.0004','Belanja Pemeliharaan Jalan dan\nJembatan-Jalan-Jalan Kota','2025-11-08 22:45:09','2025-11-08 22:45:09'),(311,59,'5.1.02.03.04.0014','Belanja Pemeliharaan Jalan dan\nJembatan-Jembatan-Jembatan pada Jalan Kota','2025-11-08 22:45:09','2025-11-08 22:45:09'),(312,59,'5.1.02.03.04.0026','Belanja Pemeliharaan Bangunan Air-Bangunan\nAir Irigasi-Bangunan Pembawa Irigasi','2025-11-08 22:45:09','2025-11-08 22:45:09'),(313,59,'5.1.02.03.04.0048','Belanja Pemeliharaan Bangunan Air-Bangunan Pengaman Sungai/Pantai dan Penanggulangan Bencana Alam-Bangunan Pengaman Sungai/Pantai dan Penanggulangan Bencana Alam','2025-11-08 22:45:09','2025-11-08 22:45:09'),(314,59,'5.1.02.03.04.0054','Belanja Pemeliharaan Bangunan Air-Bangunan Pengaman Sungai/Pantai dan Penanggulangan Bencana Alam-Bangunan Pengaman Sungai/Pantai dan Penanggulangan Bencana Alam Lainnya','2025-11-08 22:45:09','2025-11-08 22:45:09'),(315,59,'5.1.02.03.04.0065','Belanja Pemeliharaan Bangunan Air-Bangunan Air Bersih/Air Baku Lainnya-Bangunan Pembawa Air Bersih/Air Baku','2025-11-08 22:45:09','2025-11-08 22:45:09'),(316,59,'5.1.02.03.04.0126','Belanja Pemeliharaan Jaringan-Jaringan\nListrik-Jaringan Listrik Lainnya','2025-11-08 22:45:09','2025-11-08 22:45:09'),(317,60,'5.1.02.03.06.0005','Belanja Pemeliharaan Aset Tidak\nBerwujud-Software','2025-11-08 22:45:09','2025-11-08 22:45:09'),(318,61,'5.1.02.04.01.0001','Belanja Perjalanan Dinas Biasa','2025-11-08 22:45:09','2025-11-08 22:45:09'),(319,61,'5.1.02.04.01.0003','Belanja Perjalanan Dinas Dalam Kota','2025-11-08 22:45:09','2025-11-08 22:45:09'),(320,61,'5.1.02.04.01.0004','Belanja Perjalanan Dinas Paket Meeting Dalam\nKota','2025-11-08 22:45:09','2025-11-08 22:45:09'),(321,61,'5.1.02.04.01.0005','Belanja Perjalanan Dinas Paket Meeting Luar\nKota','2025-11-08 22:45:09','2025-11-08 22:45:09'),(322,62,'5.1.02.04.02.0001','Belanja Perjalanan Dinas Biasa Luar Negeri','2025-11-08 22:45:09','2025-11-08 22:45:09'),(323,63,'5.1.02.05.01.0001','Belanja Hadiah yang Bersifat Perlombaan','2025-11-08 22:45:09','2025-11-08 22:45:09'),(324,63,'5.1.02.05.01.0002','Belanja Penghargaan atas Suatu Prestasi','2025-11-08 22:45:09','2025-11-08 22:45:09'),(325,63,'5.1.02.05.01.0003','Belanja Beasiswa','2025-11-08 22:45:09','2025-11-08 22:45:09'),(326,63,'5.1.02.05.01.0004','Belanja Penanganan Dampak Sosial\nKemasyarakatan','2025-11-08 22:45:09','2025-11-08 22:45:09'),(327,63,'5.1.02.05.01.0005','Belanja Transfer Keuangan Daerah dan Desa\n(TKDD)','2025-11-08 22:45:09','2025-11-08 22:45:09'),(328,64,'5.1.02.05.02.0001','Belanja Jasa yang Diberikan kepada Pihak\nKetiga/Pihak Lain','2025-11-08 22:45:09','2025-11-08 22:45:09'),(329,64,'5.1.02.05.02.0002','Belanja Jasa yang Diberikan kepada Masyarakat','2025-11-08 22:45:09','2025-11-08 22:45:09'),(330,65,'5.1.02.89.01.0001','Belanja Barang dan Jasa BOSP-BOS Reguler','2025-11-08 22:45:09','2025-11-08 22:45:09'),(331,66,'5.1.02.89.02.0001','Belanja Barang dan Jasa BOSP-BOP PAUD Reguler','2025-11-08 22:45:09','2025-11-08 22:45:09'),(332,67,'5.1.02.89.03.0001','Belanja Barang dan Jasa BOSP-BOP Kesetaraan\nReguler','2025-11-08 22:45:09','2025-11-08 22:45:09'),(333,68,'5.1.02.99.99.9999','Belanja Barang dan Jasa BLUD','2025-11-08 22:45:09','2025-11-08 22:45:09'),(334,69,'5.1.05.05.01.0001','Belanja Hibah Uang kepada Badan dan Lembaga yang Bersifat Nirlaba, Sukarela dan Sosial yang Dibentuk Berdasarkan Peraturan\nPerundang-Undangan','2025-11-08 22:45:09','2025-11-08 22:45:09'),(335,70,'5.1.05.05.02.0001','Belanja Hibah Uang kepada Badan dan Lembaga Nirlaba, Sukarela dan Sosial yang Telah Memiliki Surat Keterangan Terdaftar','2025-11-08 22:45:09','2025-11-08 22:45:09'),(336,72,'5.1.05.05.06.0001','Belanja Hibah Uang kepada Organisasi Kemasyarakatan yang Berbadan Hukum Indonesia','2025-11-08 22:45:09','2025-11-08 22:45:09'),(337,73,'5.1.05.07.01.0001','Belanja Hibah berupa Bantuan Keuangan kepada\nPartai Politik','2025-11-08 22:45:09','2025-11-08 22:45:09'),(338,74,'5.1.05.08.01.0001','Belanja Hibah Dana BOSP-BOS','2025-11-08 22:45:09','2025-11-08 22:45:09'),(339,75,'5.1.05.08.02.0001','Belanja Hibah Dana BOSP-BOP PAUD','2025-11-08 22:45:09','2025-11-08 22:45:09'),(340,76,'5.1.05.08.03.0001','Belanja Hibah Dana BOSP-BOP Kesetaraan','2025-11-08 22:45:09','2025-11-08 22:45:09'),(341,77,'5.1.06.01.01.0001','Belanja Bantuan Sosial Uang yang Direncanakan kepada Individu','2025-11-08 22:45:09','2025-11-08 22:45:09'),(342,78,'5.1.06.02.01.0001','Belanja Bantuan Sosial Uang yang Direncanakan kepada Keluarga','2025-11-08 22:45:09','2025-11-08 22:45:09'),(343,79,'5.2.01.01.01.0004','Belanja Modal Tanah untuk Bangunan Tempat\nKerja','2025-11-08 22:45:09','2025-11-08 22:45:09'),(344,79,'5.2.01.01.01.0007','Belanja Modal Tanah Persil Lainnya','2025-11-08 22:45:09','2025-11-08 22:45:09'),(345,80,'5.2.01.01.03.0007','Belanja Modal Tanah untuk Jalan','2025-11-08 22:45:09','2025-11-08 22:45:09'),(346,81,'5.2.02.01.01.0003','Belanja Modal Excavator','2025-11-08 22:45:09','2025-11-08 22:45:09'),(347,81,'5.2.02.01.01.0004','Belanja Modal Pile Driver','2025-11-08 22:45:09','2025-11-08 22:45:09'),(348,82,'5.2.02.01.03.0005','Belanja Modal Pompa','2025-11-08 22:45:09','2025-11-08 22:45:09'),(349,82,'5.2.02.01.03.0014','Belanja Modal Peralatan SAR Mountenering','2025-11-08 22:45:09','2025-11-08 22:45:09'),(350,82,'5.2.02.01.03.0016','Belanja Modal Alat Bantu Lainnya','2025-11-08 22:45:09','2025-11-08 22:45:09'),(351,83,'5.2.02.02.01.0002','Belanja Modal Kendaraan Bermotor Penumpang','2025-11-08 22:45:09','2025-11-08 22:45:09'),(352,83,'5.2.02.02.01.0003','Belanja Modal Kendaraan Bermotor Angkutan\nBarang','2025-11-08 22:45:09','2025-11-08 22:45:09'),(353,83,'5.2.02.02.01.0004','Belanja Modal Kendaraan Bermotor Beroda Dua','2025-11-08 22:45:09','2025-11-08 22:45:09'),(354,83,'5.2.02.02.01.0005','Belanja Modal Kendaraan Bermotor Beroda Tiga','2025-11-08 22:45:09','2025-11-08 22:45:09'),(355,83,'5.2.02.02.01.0006','Belanja Modal Kendaraan Bermotor Khusus','2025-11-08 22:45:09','2025-11-08 22:45:09'),(356,84,'5.2.02.03.02.0005','Belanja Modal Perkakas Standard (Standard\nTools)','2025-11-08 22:45:09','2025-11-08 22:45:09'),(357,84,'5.2.02.03.02.0013','Belanja Modal Alat Bengkel Tak Bermesin\nLainnya','2025-11-08 22:45:09','2025-11-08 22:45:09'),(358,85,'5.2.02.03.03.0001','Belanja Modal Alat Ukur Universal','2025-11-08 22:45:09','2025-11-08 22:45:09'),(359,85,'5.2.02.03.03.0009','Belanja Modal Alat Ukur Lain-Lain','2025-11-08 22:45:09','2025-11-08 22:45:09'),(360,85,'5.2.02.03.03.0021','Belanja Modal Alat Ukur Lainnya','2025-11-08 22:45:09','2025-11-08 22:45:09'),(361,86,'5.2.02.04.01.0001','Belanja Modal Alat Pengolahan Tanah dan\nTanaman','2025-11-08 22:45:09','2025-11-08 22:45:09'),(362,86,'5.2.02.04.01.0009','Belanja Modal Alat-Alat Peternakan','2025-11-08 22:45:09','2025-11-08 22:45:09'),(363,86,'5.2.02.04.01.0010','Belanja Modal Alat Pengolahan Lainnya','2025-11-08 22:45:09','2025-11-08 22:45:09'),(364,87,'5.2.02.05.01.0004','Belanja Modal Alat Penyimpan Perlengkapan\nKantor','2025-11-08 22:45:09','2025-11-08 22:45:09'),(365,87,'5.2.02.05.01.0005','Belanja Modal Alat Kantor Lainnya','2025-11-08 22:45:09','2025-11-08 22:45:09'),(366,88,'5.2.02.05.02.0001','Belanja Modal Mebel','2025-11-08 22:45:09','2025-11-08 22:45:09'),(367,88,'5.2.02.05.02.0003','Belanja Modal Alat Pembersih','2025-11-08 22:45:09','2025-11-08 22:45:09'),(368,88,'5.2.02.05.02.0004','Belanja Modal Alat Pendingin','2025-11-08 22:45:09','2025-11-08 22:45:09'),(369,88,'5.2.02.05.02.0005','Belanja Modal Alat Dapur','2025-11-08 22:45:09','2025-11-08 22:45:09'),(370,88,'5.2.02.05.02.0006','Belanja Modal Alat Rumah Tangga Lainnya\n(Home Use)','2025-11-08 22:45:09','2025-11-08 22:45:09'),(371,88,'5.2.02.05.02.0007','Belanja Modal Alat Pemadam Kebakaran','2025-11-08 22:45:09','2025-11-08 22:45:09'),(372,89,'5.2.02.05.03.0003','Belanja Modal Kursi Kerja Pejabat','2025-11-08 22:45:09','2025-11-08 22:45:09'),(373,90,'5.2.02.06.01.0001','Belanja Modal Peralatan Studio Audio','2025-11-08 22:45:09','2025-11-08 22:45:09'),(374,90,'5.2.02.06.01.0002','Belanja Modal Peralatan Studio Video dan Film','2025-11-08 22:45:09','2025-11-08 22:45:09'),(375,90,'5.2.02.06.01.0006','Belanja Modal Alat Studio Lainnya','2025-11-08 22:45:09','2025-11-08 22:45:09'),(376,91,'5.2.02.06.02.0001','Belanja Modal Alat Komunikasi Telephone','2025-11-08 22:45:09','2025-11-08 22:45:09'),(377,91,'5.2.02.06.02.0002','Belanja Modal Alat Komunikasi Radio SSB','2025-11-08 22:45:09','2025-11-08 22:45:09'),(378,91,'5.2.02.06.02.0004','Belanja Modal Alat Komunikasi Radio VHF','2025-11-08 22:45:09','2025-11-08 22:45:09'),(379,91,'5.2.02.06.02.0009','Belanja Modal Alat Komunikasi Digital dan\nKonvensional','2025-11-08 22:45:09','2025-11-08 22:45:09'),(380,91,'5.2.02.06.02.0011','Belanja Modal Alat Komunikasi Lainnya','2025-11-08 22:45:09','2025-11-08 22:45:09'),(381,92,'5.2.02.07.01.0001','Belanja Modal Alat Kedokteran Umum','2025-11-08 22:45:09','2025-11-08 22:45:09'),(382,92,'5.2.02.07.01.0004','Belanja Modal Alat Kedokteran Bedah','2025-11-08 22:45:09','2025-11-08 22:45:09'),(383,92,'5.2.02.07.01.0005','Belanja Modal Alat Kesehatan Kebidanan dan\nPenyakit Kandungan','2025-11-08 22:45:09','2025-11-08 22:45:09'),(384,92,'5.2.02.07.01.0008','Belanja Modal Alat Kedokteran Bagian Penyakit\nDalam','2025-11-08 22:45:09','2025-11-08 22:45:09'),(385,92,'5.2.02.07.01.0009','Belanja Modal Alat Kedokteran Kamar\nJenazah/Mortuary','2025-11-08 22:45:09','2025-11-08 22:45:09'),(386,92,'5.2.02.07.01.0011','Belanja Modal Alat Kedokteran Poliklinik','2025-11-08 22:45:09','2025-11-08 22:45:09'),(387,92,'5.2.02.07.01.0017','Belanja Modal Alat Kedokteran Transfusi Darah','2025-11-08 22:45:09','2025-11-08 22:45:09'),(388,92,'5.2.02.07.01.0024','Belanja Modal Alat Kedokteran ICU','2025-11-08 22:45:09','2025-11-08 22:45:09'),(389,93,'5.2.02.07.02.0005','Belanja Modal Alat Kesehatan Umum Lainnya','2025-11-08 22:45:09','2025-11-08 22:45:09'),(390,94,'5.2.02.08.01.0006','Belanja Modal Alat Laboratorium Bahan\nBangunan Konstruksi','2025-11-08 22:45:09','2025-11-08 22:45:09'),(391,94,'5.2.02.08.01.0007','Belanja Modal Alat Laboratorium Aspal, Cat, dan\nKimia','2025-11-08 22:45:09','2025-11-08 22:45:09'),(392,94,'5.2.02.08.01.0008','Belanja Modal Alat Laboratorium Mekanika Tanah dan Batuan','2025-11-08 22:45:09','2025-11-08 22:45:09'),(393,94,'5.2.02.08.01.0011','Belanja Modal Alat Laboratorium Umum','2025-11-08 22:45:09','2025-11-08 22:45:09'),(394,94,'5.2.02.08.01.0064','Belanja Modal Unit Alat Laboratorium Lainnya','2025-11-08 22:45:09','2025-11-08 22:45:09'),(395,95,'5.2.02.08.03.0005','Belanja Modal Alat Peraga Praktek Sekolah\nBidang Studi:IPA Menengah','2025-11-08 22:45:09','2025-11-08 22:45:09'),(396,95,'5.2.02.08.03.0015','Belanja Modal Alat Peraga PAUD/TK','2025-11-08 22:45:09','2025-11-08 22:45:09'),(397,96,'5.2.02.10.01.0002','Belanja Modal Personal Computer','2025-11-08 22:45:09','2025-11-08 22:45:09'),(398,96,'5.2.02.10.01.0003','Belanja Modal Komputer Unit Lainnya','2025-11-08 22:45:09','2025-11-08 22:45:09'),(399,97,'5.2.02.10.02.0003','Belanja Modal Peralatan Personal Computer','2025-11-08 22:45:09','2025-11-08 22:45:09'),(400,97,'5.2.02.10.02.0004','Belanja Modal Peralatan Jaringan','2025-11-08 22:45:09','2025-11-08 22:45:09'),(401,97,'5.2.02.10.02.0005','Belanja Modal Peralatan Komputer Lainnya','2025-11-08 22:45:09','2025-11-08 22:45:09'),(402,98,'5.2.02.15.03.0001','Belanja Modal Alat Penolong','2025-11-08 22:45:09','2025-11-08 22:45:09'),(403,98,'5.2.02.15.03.0002','Belanja Modal Alat Pendukung Pencarian','2025-11-08 22:45:09','2025-11-08 22:45:09'),(404,98,'5.2.02.15.03.0004','Belanja Modal Alat SAR Lainnya','2025-11-08 22:45:09','2025-11-08 22:45:09'),(405,99,'5.2.02.18.01.0002','Belanja Modal Rambu Tidak Bersuar','2025-11-08 22:45:09','2025-11-08 22:45:09'),(406,99,'5.2.02.18.01.0003','Belanja Modal Rambu-Rambu Lalu Lintas Darat\nLainnya','2025-11-08 22:45:09','2025-11-08 22:45:09'),(407,100,'5.2.02.19.01.0006','Belanja Modal Peralatan Olahraga Lainnya','2025-11-08 22:45:09','2025-11-08 22:45:09'),(408,101,'5.2.02.89.01.0001','Belanja Modal Peralatan dan Mesin BOSP-BOS Reguler','2025-11-08 22:45:09','2025-11-08 22:45:09'),(409,102,'5.2.02.89.02.0001','Belanja Modal Peralatan dan Mesin BOSP-BOP PAUD Reguler','2025-11-08 22:45:09','2025-11-08 22:45:09'),(410,103,'5.2.02.99.99.9999','Belanja Modal Peralatan dan Mesin BLUD','2025-11-08 22:45:09','2025-11-08 22:45:09'),(411,104,'5.2.03.01.01.0001','Belanja Modal Bangunan Gedung Kantor','2025-11-08 22:45:09','2025-11-08 22:45:09'),(412,104,'5.2.03.01.01.0006','Belanja Modal Bangunan Kesehatan','2025-11-08 22:45:09','2025-11-08 22:45:09'),(413,104,'5.2.03.01.01.0009','Belanja Modal Bangunan Gedung Tempat\nPertemuan','2025-11-08 22:45:09','2025-11-08 22:45:09'),(414,104,'5.2.03.01.01.0011','Belanja Modal Bangunan Gedung Tempat\nOlahraga','2025-11-08 22:45:09','2025-11-08 22:45:09'),(415,104,'5.2.03.01.01.0012','Belanja Modal Bangunan Gedung\nPertokoan/Koperasi/Pasar','2025-11-08 22:45:09','2025-11-08 22:45:09'),(416,104,'5.2.03.01.01.0013','Belanja Modal Bangunan Gedung untuk Pos\nJaga','2025-11-08 22:45:09','2025-11-08 22:45:09'),(417,104,'5.2.03.01.01.0025','Belanja Modal Bangunan Terbuka','2025-11-08 22:45:09','2025-11-08 22:45:09'),(418,104,'5.2.03.01.01.0032','Belanja Modal Bangunan Fasilitas Umum','2025-11-08 22:45:09','2025-11-08 22:45:09'),(419,104,'5.2.03.01.01.0033','Belanja Modal Bangunan Parkir','2025-11-08 22:45:09','2025-11-08 22:45:09'),(420,104,'5.2.03.01.01.0035','Belanja Modal Bangunan Stasiun Bus','2025-11-08 22:45:09','2025-11-08 22:45:09'),(421,104,'5.2.03.01.01.0036','Belanja Modal Taman','2025-11-08 22:45:09','2025-11-08 22:45:09'),(422,105,'5.2.03.01.02.0003','Belanja Modal Rumah Negara Golongan III','2025-11-08 22:45:09','2025-11-08 22:45:09'),(423,106,'5.2.03.02.01.0002','Belanja Modal Tugu','2025-11-08 22:45:09','2025-11-08 22:45:09'),(424,107,'5.2.03.03.01.0004','Belanja Modal Bangunan Menara Pengawas','2025-11-08 22:45:09','2025-11-08 22:45:09'),(425,108,'5.2.03.04.01.0001','Belanja Modal Tugu/Tanda Batas Administrasi','2025-11-08 22:45:09','2025-11-08 22:45:09'),(426,108,'5.2.03.04.01.0003','Belanja Modal Pilar/Tugu/Tanda Lainnya','2025-11-08 22:45:09','2025-11-08 22:45:09'),(427,108,'5.2.03.04.01.0004','Belanja Modal Pagar','2025-11-08 22:45:09','2025-11-08 22:45:09'),(428,108,'5.2.03.04.01.0005','Belanja Modal Tugu/Tanda Batas Lainnya','2025-11-08 22:45:09','2025-11-08 22:45:09'),(429,109,'5.2.03.99.99.9999','Belanja Modal Gedung dan Bangunan BLUD','2025-11-08 22:45:09','2025-11-08 22:45:09'),(430,110,'5.2.04.01.01.0004','Belanja Modal Jalan Kota','2025-11-08 22:45:09','2025-11-08 22:45:09'),(431,111,'5.2.04.02.01.0003','Belanja Modal Bangunan Pembawa Irigasi','2025-11-08 22:45:09','2025-11-08 22:45:09'),(432,112,'5.2.04.02.04.0001','Belanja Modal Bangunan Pengaman Sungai/Pantai dan Penanggulangan Bencana Alam','2025-11-08 22:45:09','2025-11-08 22:45:09'),(433,112,'5.2.04.02.04.0007','Belanja Modal Bangunan Pengaman Sungai/Pantai dan Penanggulangan Bencana Alam Lainnya','2025-11-08 22:45:09','2025-11-08 22:45:09'),(434,113,'5.2.04.02.06.0003','Belanja Modal Bangunan Pembawa Air Bersih/Air\nBaku','2025-11-08 22:45:09','2025-11-08 22:45:09'),(435,113,'5.2.04.02.06.0006','Belanja Modal Bangunan Air Bersih/Air Baku\nLainnya','2025-11-08 22:45:09','2025-11-08 22:45:09'),(436,114,'5.2.04.03.02.0004','Belanja Modal Instalasi Air Kotor Lainnya','2025-11-08 22:45:09','2025-11-08 22:45:09'),(437,115,'5.2.04.03.05.0009','Belanja Modal Instalasi Pembangkit Listrik\nTenaga Surya (PLTS)','2025-11-08 22:45:09','2025-11-08 22:45:09'),(438,116,'5.2.04.04.02.0003','Belanja Modal Jaringan Listrik Lainnya','2025-11-08 22:45:09','2025-11-08 22:45:09'),(439,117,'5.2.04.99.99.9999','Belanja Modal Jalan, Jaringan, dan Irigasi BLUD','2025-11-08 22:45:09','2025-11-08 22:45:09'),(440,118,'5.2.05.01.01.0001','Belanja Modal Buku Umum','2025-11-08 22:45:09','2025-11-08 22:45:09'),(441,119,'5.2.05.02.01.0004','Belanja Modal Barang Bercorak Kesenian\nLainnya','2025-11-08 22:45:09','2025-11-08 22:45:09'),(442,120,'5.2.05.02.02.0004','Belanja Modal Alat Bercorak Kebudayaan\nLainnya','2025-11-08 22:45:09','2025-11-08 22:45:09'),(443,121,'5.2.06.01.01.0003','Belanja Modal Aset Tidak Berwujud-Hak Cipta','2025-11-08 22:45:09','2025-11-08 22:45:09'),(444,121,'5.2.06.01.01.0005','Belanja Modal Aset Tidak Berwujud-Software','2025-11-08 22:45:09','2025-11-08 22:45:09'),(445,122,'5.3.01.01.01.0001','Belanja Tidak Terduga','2025-11-08 22:45:09','2025-11-08 22:45:09');

#
# Structure for table "sumber_dana"
#

CREATE TABLE `sumber_dana` (
  `id` bigint(20) unsigned NOT NULL AUTO_INCREMENT,
  `nama` varchar(255) NOT NULL,
  `created_at` timestamp NULL DEFAULT NULL,
  `updated_at` timestamp NULL DEFAULT NULL,
  PRIMARY KEY (`id`)
) ENGINE=InnoDB DEFAULT CHARSET=utf8mb4 COLLATE=utf8mb4_unicode_ci;

#
# Data for table "sumber_dana"
#


#
# Structure for table "urusan"
#

CREATE TABLE `urusan` (
  `id` bigint(20) unsigned NOT NULL AUTO_INCREMENT,
  `kode` varchar(50) NOT NULL,
  `nama` varchar(255) NOT NULL,
  `created_at` timestamp NULL DEFAULT NULL,
  `updated_at` timestamp NULL DEFAULT NULL,
  PRIMARY KEY (`id`)
) ENGINE=InnoDB AUTO_INCREMENT=9 DEFAULT CHARSET=utf8mb4 COLLATE=utf8mb4_unicode_ci;

#
# Data for table "urusan"
#

INSERT INTO `urusan` VALUES (1,'1','URUSAN PEMERINTAHAN WAJIB YANG BERKAITAN DENGAN PELAYANAN DASAR\r\n',NULL,NULL),(2,'2','URUSAN PEMERINTAHAN WAJIB YANG TIDAK BERKAITAN DENGAN PELAYANAN DASAR\r\n',NULL,NULL),(3,'3','URUSAN PEMERINTAHAN PILIHAN\r\n',NULL,NULL),(4,'4','UNSUR PENDUKUNG URUSAN PEMERINTAHAN\r\n',NULL,NULL),(5,'5','UNSUR PENUNJANG URUSAN PEMERINTAHAN\r\n',NULL,NULL),(6,'6','UNSUR PENGAWASAN URUSAN PEMERINTAHAN\r\n',NULL,NULL),(7,'7','UNSUR KEWILAYAHAN\r\n',NULL,NULL),(8,'8','UNSUR PEMERINTAHAN UMUM\r\n',NULL,NULL);

#
# Structure for table "bidang_urusan"
#

CREATE TABLE `bidang_urusan` (
  `id` bigint(20) unsigned NOT NULL AUTO_INCREMENT,
  `id_urusan` bigint(20) unsigned NOT NULL,
  `kode` varchar(50) NOT NULL,
  `nama` varchar(255) NOT NULL,
  `created_at` timestamp NULL DEFAULT NULL,
  `updated_at` timestamp NULL DEFAULT NULL,
  PRIMARY KEY (`id`),
  KEY `bidang_urusan_id_urusan_foreign` (`id_urusan`),
  CONSTRAINT `bidang_urusan_id_urusan_foreign` FOREIGN KEY (`id_urusan`) REFERENCES `urusan` (`id`) ON DELETE CASCADE
) ENGINE=InnoDB AUTO_INCREMENT=49 DEFAULT CHARSET=utf8mb4 COLLATE=utf8mb4_unicode_ci;

#
# Data for table "bidang_urusan"
#

INSERT INTO `bidang_urusan` VALUES (10,1,'1.01','URUSAN PEMERINTAHAN BIDANG PENDIDIKAN','2025-11-02 21:38:30','2025-11-02 21:38:30'),(11,1,'1.02','URUSAN PEMERINTAHAN BIDANG KESEHATAN','2025-11-02 21:38:30','2025-11-02 21:38:30'),(12,1,'1.03','URUSAN PEMERINTAHAN BIDANG PEKERJAAN UMUM DAN PENATAAN RUANG','2025-11-02 21:38:30','2025-11-02 21:38:30'),(13,1,'1.04','URUSAN PEMERINTAHAN BIDANG PERUMAHAN DAN KAWASAN PERMUKIMAN','2025-11-02 21:38:30','2025-11-02 21:38:30'),(14,1,'1.05','URUSAN PEMERINTAHAN BIDANG KETENTERAMAN DAN KETERTIBAN UMUM SERTA PERLINDUNGAN MASYARAKAT','2025-11-02 21:38:30','2025-11-02 21:38:30'),(15,1,'1.06','URUSAN PEMERINTAHAN BIDANG SOSIAL','2025-11-02 21:38:30','2025-11-02 21:38:30'),(16,2,'2.07','URUSAN PEMERINTAHAN BIDANG TENAGA KERJA','2025-11-02 21:38:30','2025-11-02 21:38:30'),(17,2,'2.08','URUSAN PEMERINTAHAN BIDANG PEMBERDAYAAN PEREMPUAN DAN PERLINDUNGAN ANAK','2025-11-02 21:38:30','2025-11-02 21:38:30'),(18,2,'2.09','URUSAN PEMERINTAHAN BIDANG PANGAN','2025-11-02 21:38:30','2025-11-02 21:38:30'),(19,2,'2.10','URUSAN PEMERINTAHAN BIDANG PERTANAHAN','2025-11-02 21:38:30','2025-11-02 21:38:30'),(20,2,'2.11','URUSAN PEMERINTAHAN BIDANG LINGKUNGAN HIDUP','2025-11-02 21:38:30','2025-11-02 21:38:30'),(21,2,'2.12','URUSAN PEMERINTAHAN BIDANG ADMINISTRASI KEPENDUDUKAN DAN PENCATATAN SIPIL','2025-11-02 21:38:30','2025-11-02 21:38:30'),(22,2,'2.14','URUSAN PEMERINTAHAN BIDANG PENGENDALIAN PENDUDUK DAN KELUARGA BERENCANA','2025-11-02 21:38:30','2025-11-02 21:38:30'),(23,2,'2.15','URUSAN PEMERINTAHAN BIDANG PERHUBUNGAN','2025-11-02 21:38:30','2025-11-02 21:38:30'),(24,2,'2.16','URUSAN PEMERINTAHAN BIDANG KOMUNIKASI DAN INFORMATIKA','2025-11-02 21:38:30','2025-11-02 21:38:30'),(25,2,'2.17','URUSAN PEMERINTAHAN BIDANG KOPERASI, USAHA KECIL, DAN MENENGAH','2025-11-02 21:38:30','2025-11-02 21:38:30'),(26,2,'2.18','URUSAN PEMERINTAHAN BIDANG PENANAMAN MODAL','2025-11-02 21:38:30','2025-11-02 21:38:30'),(27,2,'2.19','URUSAN PEMERINTAHAN BIDANG KEPEMUDAAN DAN OLAHRAGA','2025-11-02 21:38:30','2025-11-02 21:38:30'),(28,2,'2.20','URUSAN PEMERINTAHAN BIDANG STATISTIK','2025-11-02 21:38:30','2025-11-02 21:38:30'),(29,2,'2.21','URUSAN PEMERINTAHAN BIDANG PERSANDIAN','2025-11-02 21:38:30','2025-11-02 21:38:30'),(30,2,'2.22','URUSAN PEMERINTAHAN BIDANG KEBUDAYAAN','2025-11-02 21:38:30','2025-11-02 21:38:30'),(31,2,'2.23','URUSAN PEMERINTAHAN BIDANG PERPUSTAKAAN','2025-11-02 21:38:30','2025-11-02 21:38:30'),(32,2,'2.24','URUSAN PEMERINTAHAN BIDANG KEARSIPAN','2025-11-02 21:38:30','2025-11-02 21:38:30'),(33,3,'3.25','URUSAN PEMERINTAHAN BIDANG KELAUTAN  DAN PERIKANAN','2025-11-02 21:38:30','2025-11-02 21:38:30'),(34,3,'3.26','URUSAN PEMERINTAHAN BIDANG PARIWISATA','2025-11-02 21:38:30','2025-11-02 21:38:30'),(35,3,'3.27','URUSAN PEMERINTAHAN BIDANG PERTANIAN','2025-11-02 21:38:30','2025-11-02 21:38:30'),(36,3,'3.30','URUSAN PEMERINTAHAN BIDANG PERDAGANGAN','2025-11-02 21:38:30','2025-11-02 21:38:30'),(37,3,'3.31','URUSAN PEMERINTAHAN BIDANG PERINDUSTRIAN','2025-11-02 21:38:30','2025-11-02 21:38:30'),(38,4,'4.01','SEKRETARIAT DAERAH','2025-11-02 21:38:30','2025-11-02 21:38:30'),(39,4,'4.02','SEKRETARIAT DPRD','2025-11-02 21:38:30','2025-11-02 21:38:30'),(40,5,'5.01','PERENCANAAN','2025-11-02 21:38:30','2025-11-02 21:38:30'),(41,5,'5.02','KEUANGAN','2025-11-02 21:38:30','2025-11-02 21:38:30'),(42,5,'5.03','KEPEGAWAIAN','2025-11-02 21:38:30','2025-11-02 21:38:30'),(43,5,'5.04','PENDIDIKAN DAN PELATIHAN','2025-11-02 21:38:30','2025-11-02 21:38:30'),(44,5,'5.05','PENELITIAN DAN PENGEMBANGAN','2025-11-02 21:38:30','2025-11-02 21:38:30'),(45,6,'6.01','INSPEKTORAT DAERAH','2025-11-02 21:38:30','2025-11-02 21:38:30'),(46,7,'7.01','KECAMATAN','2025-11-02 21:38:30','2025-11-02 21:38:30'),(47,8,'8.01','KESATUAN BANGSA DAN POLITIK','2025-11-02 21:38:30','2025-11-02 21:38:30');

#
# Structure for table "unit_organisasi"
#

CREATE TABLE `unit_organisasi` (
  `id` bigint(20) unsigned NOT NULL AUTO_INCREMENT,
  `id_bidang` bigint(20) unsigned NOT NULL,
  `kode` varchar(50) NOT NULL,
  `nama` varchar(255) NOT NULL,
  `ket` varchar(255) DEFAULT NULL,
  `kepala` varchar(255) DEFAULT NULL,
  `nip_kepala` varchar(255) DEFAULT NULL,
  `bendahara` varchar(255) DEFAULT NULL,
  `nip_bendahara` varchar(255) DEFAULT NULL,
  `pptk` varchar(255) DEFAULT NULL,
  `nip_pptk` varchar(255) DEFAULT NULL,
  `created_at` timestamp NULL DEFAULT NULL,
  `updated_at` timestamp NULL DEFAULT NULL,
  `ppk` varchar(255) DEFAULT NULL,
  `nip_ppk` varchar(255) DEFAULT NULL,
  `alamat` varchar(255) DEFAULT NULL,
  `pejabatbarang` varchar(255) DEFAULT NULL,
  `nip_pejabatbarang` varchar(255) DEFAULT NULL,
  `nomor_sk` varchar(255) DEFAULT NULL,
  `tanggal_sk` date DEFAULT NULL,
  `bend_barang` varchar(255) DEFAULT NULL,
  `nip_bend_barang` varchar(255) DEFAULT NULL,
  PRIMARY KEY (`id`),
  KEY `unit_organisasi_id_bidang_foreign` (`id_bidang`),
  CONSTRAINT `unit_organisasi_id_bidang_foreign` FOREIGN KEY (`id_bidang`) REFERENCES `bidang_urusan` (`id`) ON DELETE CASCADE
) ENGINE=InnoDB AUTO_INCREMENT=43 DEFAULT CHARSET=utf8mb4 COLLATE=utf8mb4_unicode_ci;

#
# Data for table "unit_organisasi"
#

INSERT INTO `unit_organisasi` VALUES (1,10,'1.01.2.22.0.00.01.0000','DINAS PENDIDIKAN DAN KEBUDAYAAN','Dikbud',NULL,NULL,NULL,NULL,NULL,NULL,'2025-11-02 22:01:05','2025-11-02 22:01:05',NULL,NULL,NULL,NULL,NULL,NULL,NULL,NULL,NULL),(2,11,'1.02.0.00.0.00.01.0000','Dinas Kesehatan','Dinkes',NULL,NULL,NULL,NULL,NULL,NULL,'2025-11-02 22:01:05','2025-11-02 22:01:05',NULL,NULL,NULL,NULL,NULL,NULL,NULL,NULL,NULL),(3,11,'1.02.0.00.0.00.02.0000','Rumah Sakit Umum Daerah Anutapura Palu','Rsu',NULL,NULL,NULL,NULL,NULL,NULL,'2025-11-02 22:01:05','2025-11-02 22:01:05',NULL,NULL,NULL,NULL,NULL,NULL,NULL,NULL,NULL),(4,12,'1.03.0.00.0.00.02.0000','Dinas Pekerjaan Umum','Pu',NULL,NULL,NULL,NULL,NULL,NULL,'2025-11-02 22:01:05','2025-11-02 22:01:05',NULL,NULL,NULL,NULL,NULL,NULL,NULL,NULL,NULL),(5,12,'1.03.2.10.0.00.01.0000','Dinas Penataan Ruang dan Pertanahan','Tata Ruang',NULL,NULL,NULL,NULL,NULL,NULL,'2025-11-02 22:01:05','2025-11-02 22:01:05',NULL,NULL,NULL,NULL,NULL,NULL,NULL,NULL,NULL),(6,13,'1.04.0.00.0.00.01.0000','Dinas Perumahan dan Kawasan Permukiman','Perumahan',NULL,NULL,NULL,NULL,NULL,NULL,'2025-11-02 22:01:05','2025-11-02 22:01:05',NULL,NULL,NULL,NULL,NULL,NULL,NULL,NULL,NULL),(7,14,'1.05.0.00.0.00.01.0000','Dinas Pemadam Kebakaran dan Penyelamatan','Pemadam',NULL,NULL,NULL,NULL,NULL,NULL,'2025-11-02 22:01:05','2025-11-02 22:01:05',NULL,NULL,NULL,NULL,NULL,NULL,NULL,NULL,NULL),(8,14,'1.05.0.00.0.00.02.0000','Satuan Polisi Pamong Praja','Polpp',NULL,NULL,NULL,NULL,NULL,NULL,'2025-11-02 22:01:05','2025-11-02 22:01:05',NULL,NULL,NULL,NULL,NULL,NULL,NULL,NULL,NULL),(9,14,'1.05.0.00.0.00.03.0000','Badan Penanggulangan Bencana Daerah','Bpbd',NULL,NULL,NULL,NULL,NULL,NULL,'2025-11-02 22:01:05','2025-11-02 22:01:05',NULL,NULL,NULL,NULL,NULL,NULL,NULL,NULL,NULL),(10,15,'1.06.2.13.0.00.01.0000','Dinas Sosial','Sosial',NULL,NULL,NULL,NULL,NULL,NULL,'2025-11-02 22:01:05','2025-11-02 22:01:05',NULL,NULL,NULL,NULL,NULL,NULL,NULL,NULL,NULL),(11,17,'2.08.0.00.0.00.01.0000','Dinas Pemberdayaan Perempuan dan Perlindungan Anak','P3a',NULL,NULL,NULL,NULL,NULL,NULL,'2025-11-02 22:01:05','2025-11-02 22:01:05',NULL,NULL,NULL,NULL,NULL,NULL,NULL,NULL,NULL),(12,20,'2.11.0.00.0.00.01.0000','Dinas Lingkungan Hidup','Dlh',NULL,NULL,NULL,NULL,NULL,NULL,'2025-11-02 22:01:05','2025-11-02 22:01:05',NULL,NULL,NULL,NULL,NULL,NULL,NULL,NULL,NULL),(13,21,'2.12.0.00.0.00.01.0000','Dinas Kependudukan dan Pencatatan Sipil','Capil',NULL,NULL,NULL,NULL,NULL,NULL,'2025-11-02 22:01:05','2025-11-02 22:01:05',NULL,NULL,NULL,NULL,NULL,NULL,NULL,NULL,NULL),(14,22,'2.14.0.00.0.00.01.0000','Dinas Pengendalian Penduduk dan Keluarga Berencana','Kb',NULL,NULL,NULL,NULL,NULL,NULL,'2025-11-02 22:01:05','2025-11-02 22:01:05',NULL,NULL,NULL,NULL,NULL,NULL,NULL,NULL,NULL),(15,23,'2.15.0.00.0.00.01.0000','Dinas Perhubungan','Dishub',NULL,NULL,NULL,NULL,NULL,NULL,'2025-11-02 22:01:05','2025-11-02 22:01:05',NULL,NULL,NULL,NULL,NULL,NULL,NULL,NULL,NULL),(16,24,'2.16.2.20.2.21.01.0000','Dinas Komunikasi, Informatika, Persandian, dan Statistik','Kominfo',NULL,NULL,NULL,NULL,NULL,NULL,'2025-11-02 22:01:05','2025-11-02 22:01:05',NULL,NULL,NULL,NULL,NULL,NULL,NULL,NULL,NULL),(17,25,'2.17.2.07.0.00.01.0000','Dinas Koperasi, UMKM dan Tenaga Kerja','Koperasi',NULL,NULL,NULL,NULL,NULL,NULL,'2025-11-02 22:01:05','2025-11-02 22:01:05',NULL,NULL,NULL,NULL,NULL,NULL,NULL,NULL,NULL),(18,26,'2.18.0.00.0.00.01.0000','Dinas Penanaman Modal dan Pelayanan Terpadu Satu Pintu','Sintap',NULL,NULL,NULL,NULL,NULL,NULL,'2025-11-02 22:01:05','2025-11-02 22:01:05',NULL,NULL,NULL,NULL,NULL,NULL,NULL,NULL,NULL),(19,26,'2.18.0.00.0.00.02.0000','Administrator Kawasan Ekonomi Khusus','Kek',NULL,NULL,NULL,NULL,NULL,NULL,'2025-11-02 22:01:05','2025-11-02 22:01:05',NULL,NULL,NULL,NULL,NULL,NULL,NULL,NULL,NULL),(20,27,'2.19.0.00.0.00.01.0000','Dinas Pemuda dan Olahraga','Dispora',NULL,NULL,NULL,NULL,NULL,NULL,'2025-11-02 22:01:05','2025-11-02 22:01:05',NULL,NULL,NULL,NULL,NULL,NULL,NULL,NULL,NULL),(21,32,'2.24.2.23.0.00.01.0000','Dinas Kearsipan dan Perpustakaan','Arsip',NULL,NULL,NULL,NULL,NULL,NULL,'2025-11-02 22:01:05','2025-11-02 22:01:05',NULL,NULL,NULL,NULL,NULL,NULL,NULL,NULL,NULL),(22,34,'3.26.0.00.0.00.01.0000','Dinas Pariwisata','Pariwisata',NULL,NULL,NULL,NULL,NULL,NULL,'2025-11-02 22:01:05','2025-11-02 22:01:05',NULL,NULL,NULL,NULL,NULL,NULL,NULL,NULL,NULL),(23,35,'3.27.2.09.3.25.01.0000','Dinas Pertanian dan Ketahanan Pangan','Pertanian','Ririn','1979xxxx xxxxxx x xxx','Adin','1878xxxx xxxxxx x xxx',NULL,NULL,'2025-11-02 22:01:05','2025-11-02 22:01:05','Beti','1977xxxx xxxxxx x xxx','Jl. Sini Situ','Yeni','1976xxxx xxxxxx x xxx','102/PERTANIAN/30/SK-W','2025-11-26','Wulan','1989xxxx xxxxxx x xxx'),(24,36,'3.30.3.31.0.00.01.0000','Dinas Perdagangan dan Perindustrian','Perdagangan',NULL,NULL,NULL,NULL,NULL,NULL,'2025-11-02 22:01:05','2025-11-02 22:01:05',NULL,NULL,NULL,NULL,NULL,NULL,NULL,NULL,NULL),(25,38,'4.01.0.00.0.00.01.0000','Sekretariat Daerah','Setda',NULL,NULL,NULL,NULL,NULL,NULL,'2025-11-02 22:01:05','2025-11-02 22:01:05',NULL,NULL,NULL,NULL,NULL,NULL,NULL,NULL,NULL),(26,39,'4.02.0.00.0.00.01.0000','Sekretariat DPRD','Dprd',NULL,NULL,NULL,NULL,NULL,NULL,'2025-11-02 22:01:05','2025-11-02 22:01:05',NULL,NULL,NULL,NULL,NULL,NULL,NULL,NULL,NULL),(27,40,'5.01.0.00.0.00.01.0000','Badan Perencanaan Pembangunan daerah','Bappeda',NULL,NULL,NULL,NULL,NULL,NULL,'2025-11-02 22:01:05','2025-11-02 22:01:05',NULL,NULL,NULL,NULL,NULL,NULL,NULL,NULL,NULL),(28,41,'5.02.0.00.0.00.01.0000','Badan Pengelola Keuangan dan Aset Daerah','Bpkad','Romy','pptk','Santi','1984xxxx xxxxxxxx x xxx',NULL,NULL,'2025-11-02 22:01:05','2026-01-26 20:02:30','Mohammad Faisal, S.Kom','1988xxxx xxxxxx x xxx','Jl. Baruga No. 2','Mohammad Iful','1983xxxx xxxxxx x xxx','921/BPKAD/05/SK-U','2025-11-24','Fatah','1988xxxx xxxxxx x xxx'),(29,41,'5.02.0.00.0.00.02.0000','Badan Pendapatan Daerah','Bapenda',NULL,NULL,NULL,NULL,NULL,NULL,'2025-11-02 22:01:05','2025-11-02 22:01:05',NULL,NULL,NULL,NULL,NULL,NULL,NULL,NULL,NULL),(30,42,'5.03.5.04.0.00.01.0000','Badan Kepegawaian dan Pengembangan Sumber Daya Manusia Daerah','Bkd',NULL,NULL,NULL,NULL,NULL,NULL,'2025-11-02 22:01:05','2025-11-02 22:01:05',NULL,NULL,NULL,NULL,NULL,NULL,NULL,NULL,NULL),(31,44,'5.05.0.00.0.00.01.0000','Badan Riset dan Inovasi Daerah','Brida',NULL,NULL,NULL,NULL,NULL,NULL,'2025-11-02 22:01:05','2025-11-02 22:01:05',NULL,NULL,NULL,NULL,NULL,NULL,NULL,NULL,NULL),(32,45,'6.01.0.00.0.00.01.0000','Inspektorat','Inspektorat',NULL,NULL,NULL,NULL,NULL,NULL,'2025-11-02 22:01:05','2025-11-02 22:01:05',NULL,NULL,NULL,NULL,NULL,NULL,NULL,NULL,NULL),(33,46,'7.01.0.00.0.00.01.0000','Kecamatan Palu Utara','Palut',NULL,NULL,NULL,NULL,NULL,NULL,'2025-11-02 22:01:05','2025-11-02 22:01:05',NULL,NULL,NULL,NULL,NULL,NULL,NULL,NULL,NULL),(34,46,'7.01.0.00.0.00.02.0000','Kecamatan Palu Selatan','Palsel',NULL,NULL,NULL,NULL,NULL,NULL,'2025-11-02 22:01:05','2025-11-02 22:01:05',NULL,NULL,NULL,NULL,NULL,NULL,NULL,NULL,NULL),(35,46,'7.01.0.00.0.00.03.0000','Kecamatan Mantikulore','Mantikulore',NULL,NULL,NULL,NULL,NULL,NULL,'2025-11-02 22:01:05','2025-11-02 22:01:05',NULL,NULL,NULL,NULL,NULL,NULL,NULL,NULL,NULL),(36,46,'7.01.0.00.0.00.04.0000','Kecamatan Palu Barat','Palbar',NULL,NULL,NULL,NULL,NULL,NULL,'2025-11-02 22:01:06','2025-11-02 22:01:06',NULL,NULL,NULL,NULL,NULL,NULL,NULL,NULL,NULL),(37,46,'7.01.0.00.0.00.05.0000','Kecamatan Palu Timur','Paltim',NULL,NULL,NULL,NULL,NULL,NULL,'2025-11-02 22:01:06','2025-11-02 22:01:06',NULL,NULL,NULL,NULL,NULL,NULL,NULL,NULL,NULL),(38,46,'7.01.0.00.0.00.06.0000','Kecamatan Tatanga','Tatanga',NULL,NULL,NULL,NULL,NULL,NULL,'2025-11-02 22:01:06','2025-11-02 22:01:06',NULL,NULL,NULL,NULL,NULL,NULL,NULL,NULL,NULL),(39,46,'7.01.0.00.0.00.07.0000','Kecamatan Tawaeli','Tawaeli',NULL,NULL,NULL,NULL,NULL,NULL,'2025-11-02 22:01:06','2025-11-02 22:01:06',NULL,NULL,NULL,NULL,NULL,NULL,NULL,NULL,NULL),(40,46,'7.01.0.00.0.00.08.0000','Kecamatan Ulujadi','Ulujadi',NULL,NULL,NULL,NULL,NULL,NULL,'2025-11-02 22:01:06','2025-11-02 22:01:06',NULL,NULL,NULL,NULL,NULL,NULL,NULL,NULL,NULL),(41,47,'8.01.0.00.0.00.01.0000','BADAN KESATUAN BANGSA DAN POLITIK','Kesbangpol',NULL,NULL,NULL,NULL,NULL,NULL,'2025-11-02 22:01:06','2025-11-02 22:01:06',NULL,NULL,NULL,NULL,NULL,NULL,NULL,NULL,NULL);

#
# Structure for table "anggaran"
#

CREATE TABLE `anggaran` (
  `id` bigint(20) unsigned NOT NULL AUTO_INCREMENT,
  `id_subkegiatan` bigint(20) unsigned DEFAULT NULL,
  `id_unit` bigint(20) unsigned DEFAULT NULL,
  `id_pptk` bigint(20) unsigned DEFAULT NULL,
  `tahun` year(4) NOT NULL,
  `sumber_dana` varchar(255) DEFAULT NULL,
  `realisasi` decimal(18,2) DEFAULT NULL,
  `lokasi` varchar(255) DEFAULT NULL,
  `sisa_pagu` decimal(18,2) DEFAULT NULL,
  `waktu_pelaksanaan` varchar(255) DEFAULT NULL,
  `kelompok_sasaran` varchar(255) DEFAULT NULL,
  `pagu_anggaran` decimal(18,2) NOT NULL DEFAULT 0.00,
  `keterangan` text DEFAULT NULL,
  `kunci` varchar(255) DEFAULT NULL,
  `created_at` timestamp NULL DEFAULT NULL,
  `updated_at` timestamp NULL DEFAULT NULL,
  PRIMARY KEY (`id`),
  KEY `fk_anggaran_unit` (`id_unit`),
  CONSTRAINT `fk_anggaran_unit` FOREIGN KEY (`id_unit`) REFERENCES `unit_organisasi` (`id`) ON DELETE CASCADE ON UPDATE CASCADE
) ENGINE=InnoDB AUTO_INCREMENT=15 DEFAULT CHARSET=utf8mb4 COLLATE=utf8mb4_unicode_ci;

#
# Data for table "anggaran"
#

INSERT INTO `anggaran` VALUES (6,1211,28,1,2025,'DAU',0.00,NULL,75361000.00,NULL,NULL,185465000.00,NULL,NULL,'2025-11-08 16:56:24','2025-12-06 13:30:14'),(7,1216,28,2,2025,'DBH',520000.00,NULL,20545000.00,NULL,NULL,21065000.00,NULL,NULL,'2025-11-16 17:55:59','2026-01-21 09:24:55'),(9,231,23,4,2025,'DBH PUSAT',61230.00,NULL,702097.00,NULL,NULL,763327.00,NULL,NULL,'2025-11-25 09:41:38','2025-11-26 13:14:42'),(11,241,28,2,2025,'DAU',1500000.00,NULL,16500000.00,NULL,NULL,22000000.00,NULL,NULL,'2026-01-21 09:18:09','2026-01-21 09:33:47'),(12,1020,40,4,2025,'DBH PUSAT',10000000.00,NULL,6050000.00,NULL,NULL,16050000.00,NULL,NULL,'2026-01-21 09:42:49','2026-01-21 10:14:36'),(13,241,40,4,2025,'DAU',NULL,NULL,NULL,NULL,NULL,0.00,NULL,NULL,'2026-01-21 09:48:18','2026-01-21 09:48:18'),(14,244,28,1,2025,'DAU',NULL,NULL,NULL,NULL,NULL,0.00,NULL,NULL,'2026-01-26 19:32:59','2026-01-26 19:32:59');

#
# Structure for table "indikator_kinerja"
#

CREATE TABLE `indikator_kinerja` (
  `id` bigint(20) unsigned NOT NULL AUTO_INCREMENT,
  `id_anggaran` bigint(20) unsigned NOT NULL,
  `jenis` enum('Capaian','Masukan','Keluaran','Hasil') NOT NULL,
  `tolok_ukur` varchar(255) NOT NULL,
  `target_kinerja` varchar(255) NOT NULL,
  `satuan` varchar(255) DEFAULT NULL,
  `created_at` timestamp NULL DEFAULT NULL,
  `updated_at` timestamp NULL DEFAULT NULL,
  PRIMARY KEY (`id`),
  KEY `indikator_kinerja_id_anggaran_foreign` (`id_anggaran`),
  CONSTRAINT `indikator_kinerja_id_anggaran_foreign` FOREIGN KEY (`id_anggaran`) REFERENCES `anggaran` (`id`) ON DELETE CASCADE
) ENGINE=InnoDB DEFAULT CHARSET=utf8mb4 COLLATE=utf8mb4_unicode_ci;

#
# Data for table "indikator_kinerja"
#


#
# Structure for table "penugasan_pejabat"
#

CREATE TABLE `penugasan_pejabat` (
  `id` bigint(20) unsigned NOT NULL AUTO_INCREMENT,
  `id_anggaran` bigint(20) unsigned NOT NULL,
  `id_pejabat` bigint(20) unsigned NOT NULL,
  `peran` varchar(255) DEFAULT NULL,
  `created_at` timestamp NULL DEFAULT NULL,
  `updated_at` timestamp NULL DEFAULT NULL,
  PRIMARY KEY (`id`),
  KEY `penugasan_pejabat_id_anggaran_foreign` (`id_anggaran`),
  KEY `penugasan_pejabat_id_pejabat_foreign` (`id_pejabat`),
  CONSTRAINT `penugasan_pejabat_id_anggaran_foreign` FOREIGN KEY (`id_anggaran`) REFERENCES `anggaran` (`id`) ON DELETE CASCADE,
  CONSTRAINT `penugasan_pejabat_id_pejabat_foreign` FOREIGN KEY (`id_pejabat`) REFERENCES `pejabat` (`id`) ON DELETE CASCADE
) ENGINE=InnoDB DEFAULT CHARSET=utf8mb4 COLLATE=utf8mb4_unicode_ci;

#
# Data for table "penugasan_pejabat"
#


#
# Structure for table "rincian_anggaran"
#

CREATE TABLE `rincian_anggaran` (
  `id` bigint(20) unsigned NOT NULL AUTO_INCREMENT,
  `id_anggaran` bigint(20) unsigned NOT NULL,
  `kode_rekening` varchar(50) DEFAULT NULL,
  `uraian` text DEFAULT NULL,
  `koefisien` varchar(50) DEFAULT NULL,
  `satuan` varchar(100) DEFAULT NULL,
  `harga` decimal(18,2) NOT NULL DEFAULT 0.00,
  `ppn` decimal(18,2) NOT NULL DEFAULT 0.00,
  `jumlah` decimal(18,2) NOT NULL DEFAULT 0.00,
  `keterangan` text DEFAULT NULL,
  `id_parent` bigint(20) unsigned DEFAULT NULL,
  `urutan` int(11) NOT NULL DEFAULT 0,
  `created_at` timestamp NULL DEFAULT NULL,
  `updated_at` timestamp NULL DEFAULT NULL,
  PRIMARY KEY (`id`),
  KEY `rincian_anggaran_id_anggaran_foreign` (`id_anggaran`),
  KEY `rincian_anggaran_id_parent_foreign` (`id_parent`),
  CONSTRAINT `rincian_anggaran_id_anggaran_foreign` FOREIGN KEY (`id_anggaran`) REFERENCES `anggaran` (`id`) ON DELETE CASCADE,
  CONSTRAINT `rincian_anggaran_id_parent_foreign` FOREIGN KEY (`id_parent`) REFERENCES `rincian_anggaran` (`id`) ON DELETE SET NULL
) ENGINE=InnoDB AUTO_INCREMENT=37 DEFAULT CHARSET=utf8mb4 COLLATE=utf8mb4_unicode_ci;

#
# Data for table "rincian_anggaran"
#

INSERT INTO `rincian_anggaran` VALUES (8,6,'5.1.02.02.01.0071','Belanja Lembur bagi Pegawai Aparatur Sipil Negara Spesifikasi: Uang Lembur_Golongan III (10 Orang x 4 Jam x 12 Hari x 4 Triwulan)','1936','Orang/Jam/Hari/Triwulan',30000.00,0.00,58080000.00,NULL,NULL,0,'2025-11-08 16:57:53','2025-12-06 13:30:14'),(9,6,'5.1.02.02.01.0071','Belanja Lembur bagi Pegawai Aparatur Sipil Negara Spesifikasi: Uang Lembur_Golongan IV\t2 Orang x 4 Jam x 12 Hari x 4 Triwulan','384','Orang/Jam/Hari/Triwulan',36000.00,0.00,13824000.00,NULL,NULL,0,'2025-11-08 17:09:47','2025-12-06 13:29:34'),(10,6,'5.1.02.02.01.0071','Belanja Lembur bagi Pegawai Non Aparatur Sipil Negara, Satpam, Pengemudi, Petugas Kebersihan, dan Pramubakti Spesifikasi: Uang Lembur_Pegawai Non Aparatur Sipil Negara\t10 Orang x 4 Jam x 12 Hari x 4 Triwulan','1925','Orang/Jam/Hari/Triwulan',20000.00,0.00,38500000.00,NULL,NULL,0,'2025-11-08 17:10:46','2025-12-06 13:29:34'),(11,6,'5.1.02.02.01.0042','Jasa RTGS Bank Spesifikasi: \t6260 Kali','6260','Kali',2900.00,0.00,18154000.00,NULL,NULL,0,'2025-11-08 22:47:14','2025-11-30 14:37:51'),(12,6,'5.1.02.02.01.0003','Honorarium Narasumber atau Pembahas, Moderator, Pembawa Acara, dan Panitia Spesifikasi: Honorarium Moderator\t1 Orang x 2 Kali x 2 Hari','4','Orang/Kali',700000.00,0.00,2800000.00,NULL,NULL,0,'2025-11-08 22:48:40','2025-11-16 07:25:19'),(13,6,'5.1.02.04.01.0004','Perjalanan Dinas Paket Meeting Dalam Kota Spesifikasi: Biaya Kegiatan Rapat Atau Pertemuan Di Luar Kantor (Fullday Meeting)','109','Orang',422000.00,0.00,45998000.00,NULL,NULL,0,'2025-11-08 22:50:00','2025-11-19 18:02:17'),(14,6,'5.1.02.04.01.0001','Jakarta Spesifikasi: Eselon III / Golongan IV, Penginapan 1 Orang x 3 Hari x 1 Kali','3','Orang/Hari/Kali',992000.00,0.00,2976000.00,NULL,NULL,0,'2025-11-08 22:56:44','2025-11-24 20:37:07'),(15,6,'5.1.02.04.01.0001','Jakarta Spesifikasi: Eselon III / Golongan IV, Tiket Pesawat 1 Orang x 1 Kali','1','Orang/PP',5133000.00,0.00,5133000.00,NULL,NULL,0,'2025-11-08 23:13:07','2025-11-24 20:37:07'),(16,7,'5.1.02.01.01.0001','tes','5','Orang/Bulan',3000000.00,0.00,15000000.00,NULL,NULL,0,'2025-11-16 17:56:32','2025-11-19 20:43:55'),(17,7,'5.1.02.01.01.0024','Kertas HVS F4','46','Rim',66000.00,0.00,3036000.00,NULL,NULL,0,'2025-11-24 09:14:06','2026-01-21 09:24:55'),(18,7,'5.1.02.01.01.0024','Kertas HVS A4','32','Rim',60000.00,0.00,1920000.00,NULL,NULL,0,'2025-11-24 09:14:42','2026-01-21 09:24:55'),(19,7,'5.1.02.01.01.0024','Hekter','14','Buah',7500.00,0.00,105000.00,NULL,NULL,0,'2025-11-24 09:15:19','2026-01-21 09:24:55'),(20,7,'5.1.02.01.01.0024','Peluru Hekter','19','dos',10000.00,0.00,190000.00,NULL,NULL,0,'2025-11-24 09:15:49','2026-01-21 09:24:55'),(21,7,'5.1.02.01.01.0024','Kalkulator','3','Buah',15000.00,0.00,45000.00,NULL,NULL,0,'2025-11-24 09:16:36','2026-01-21 09:24:55'),(22,7,'5.1.02.01.01.0024','Balpoint','14','Dos',15000.00,0.00,210000.00,NULL,NULL,0,'2025-11-24 09:17:14','2026-01-21 09:24:55'),(23,7,'5.1.02.01.01.0024','Map Snelhekter','14','Buah',7500.00,0.00,105000.00,NULL,NULL,0,'2025-11-24 09:18:09','2026-01-21 09:24:55'),(24,9,'5.1.02.01.01.0024','a','0','Buah',5000.00,0.00,0.00,NULL,NULL,0,'2025-11-25 09:42:18','2025-11-26 13:03:04'),(25,9,'5.1.02.01.01.0024','asdas','2','Buah',5555.00,0.00,11110.00,NULL,NULL,0,'2025-11-25 09:42:32','2025-11-26 13:14:42'),(26,9,'5.1.02.01.01.0024','asdasd','2','Buah',4444.00,0.00,8888.00,NULL,NULL,0,'2025-11-25 09:42:49','2025-11-26 13:14:42'),(27,9,'5.1.02.01.01.0024','asdas','2','Buah',32444.00,0.00,64888.00,NULL,NULL,0,'2025-11-25 09:43:03','2025-11-26 13:14:42'),(28,9,'5.1.02.01.01.0024','asdas','2','Buah',3232.00,0.00,6464.00,NULL,NULL,0,'2025-11-25 09:43:22','2025-11-26 13:14:42'),(29,9,'5.1.02.01.01.0024','asdasdas','4','Buah',6700.00,0.00,26800.00,NULL,NULL,0,'2025-11-25 09:43:39','2025-11-26 11:30:16'),(30,9,'5.1.02.01.01.0024','adasdas','1','Buah',123123.00,0.00,123123.00,NULL,NULL,0,'2025-11-25 09:43:52','2025-11-26 11:30:03'),(31,9,'5.1.02.01.01.0024','qwasdas','2','Buah',213312.00,0.00,426624.00,NULL,NULL,0,'2025-11-25 09:44:08','2025-11-26 11:30:16'),(32,9,'5.1.02.01.01.0024','asdasdas','6','Buah',4000.00,0.00,24000.00,NULL,NULL,0,'2025-11-25 09:44:23','2025-11-26 11:30:16'),(33,9,'5.1.02.01.01.0024','asdsd','3','Buah',3400.00,0.00,10200.00,NULL,NULL,0,'2025-11-25 09:44:45','2025-11-26 11:30:16'),(34,11,'5.1.02.01.01.0001','Belanja Listrik','11','Bulan',2000000.00,0.00,22000000.00,NULL,NULL,0,'2026-01-21 09:19:20','2026-01-21 09:33:47'),(35,12,'5.1.02.01.01.0024','Honor PNS','5','Orang/Bulan',1210000.00,0.00,6050000.00,NULL,NULL,0,'2026-01-21 09:44:04','2026-01-21 10:11:55'),(36,12,'5.1.02.01.01.0024','Belanja Makan Minum','0','Paket',5000000.00,0.00,0.00,NULL,NULL,0,'2026-01-21 09:44:04','2026-01-21 10:14:36');

#
# Structure for table "program"
#

CREATE TABLE `program` (
  `id` bigint(20) unsigned NOT NULL AUTO_INCREMENT,
  `id_bidang` bigint(20) unsigned DEFAULT NULL,
  `kode` varchar(50) NOT NULL,
  `nama` varchar(255) NOT NULL,
  `created_at` timestamp NULL DEFAULT NULL,
  `updated_at` timestamp NULL DEFAULT NULL,
  PRIMARY KEY (`id`),
  KEY `program_id_bidang_foreign` (`id_bidang`),
  CONSTRAINT `program_id_bidang_foreign` FOREIGN KEY (`id_bidang`) REFERENCES `bidang_urusan` (`id`) ON DELETE CASCADE
) ENGINE=InnoDB AUTO_INCREMENT=151 DEFAULT CHARSET=utf8mb4 COLLATE=utf8mb4_unicode_ci;

#
# Data for table "program"
#

INSERT INTO `program` VALUES (1,10,'1.01.01\r\n','PROGRAM PENUNJANG URUSAN PEMERINTAHAN DAERAH KABUPATEN/KOTA','2025-11-02 22:37:28','2025-11-02 22:37:28'),(2,10,'1.01.02\r\n','PROGRAM PENGELOLAAN PENDIDIKAN','2025-11-02 22:37:28','2025-11-02 22:37:28'),(3,10,'1.01.04\r\n','PROGRAM PENDIDIK DAN TENAGA KEPENDIDIKAN','2025-11-02 22:37:28','2025-11-02 22:37:28'),(4,11,'1.02.01','PROGRAM PENUNJANG URUSAN PEMERINTAHAN DAERAH KABUPATEN/KOTA','2025-11-02 22:37:28','2025-11-02 22:37:28'),(5,11,'1.02.02','PROGRAM PEMENUHAN UPAYA KESEHATAN PERORANGAN DAN UPAYA KESEHATAN MASYARAKAT','2025-11-02 22:37:28','2025-11-02 22:37:28'),(6,11,'1.02.03','PROGRAM PENINGKATAN KAPASITAS SUMBER DAYA MANUSIA KESEHATAN','2025-11-02 22:37:28','2025-11-02 22:37:28'),(7,11,'1.02.04','PROGRAM SEDIAAN FARMASI, ALAT KESEHATAN DAN MAKANAN MINUMAN','2025-11-02 22:37:28','2025-11-02 22:37:28'),(8,11,'1.02.05','PROGRAM PEMBERDAYAAN MASYARAKAT BIDANG KESEHATAN','2025-11-02 22:37:28','2025-11-02 22:37:28'),(9,12,'1.03.01','PROGRAM PENUNJANG URUSAN PEMERINTAHAN DAERAH KABUPATEN/KOTA','2025-11-02 22:37:28','2025-11-02 22:37:28'),(10,12,'1.03.02','PROGRAM PENGELOLAAN SUMBER DAYA AIR (SDA)','2025-11-02 22:37:28','2025-11-02 22:37:28'),(11,12,'1.03.03','PROGRAM PENGELOLAAN DAN PENGEMBANGAN SISTEM PENYEDIAAN AIR MINUM','2025-11-02 22:37:28','2025-11-02 22:37:28'),(12,12,'1.03.05','PROGRAM PENGELOLAAN DAN PENGEMBANGAN SISTEM AIR LIMBAH','2025-11-02 22:37:28','2025-11-02 22:37:28'),(13,12,'1.03.06','PROGRAM PENGELOLAAN DAN PENGEMBANGAN SISTEM DRAINASE','2025-11-02 22:37:28','2025-11-02 22:37:28'),(14,12,'1.03.08','PROGRAM PENATAAN BANGUNAN GEDUNG','2025-11-02 22:37:28','2025-11-02 22:37:28'),(15,12,'1.03.10','PROGRAM PENYELENGGARAAN JALAN','2025-11-02 22:37:28','2025-11-02 22:37:28'),(16,12,'1.03.11','PROGRAM PENGEMBANGAN JASA KONSTRUKSI','2025-11-02 22:37:28','2025-11-02 22:37:28'),(17,12,'1.03.12','PROGRAM PENYELENGGARAAN PENATAAN RUANG','2025-11-02 22:37:28','2025-11-02 22:37:28'),(18,13,'1.04.01','PROGRAM PENUNJANG URUSAN PEMERINTAHAN DAERAH KABUPATEN/KOTA','2025-11-02 22:37:28','2025-11-02 22:37:28'),(19,13,'1.04.02','PROGRAM PENGEMBANGAN PERUMAHAN','2025-11-02 22:37:28','2025-11-02 22:37:28'),(20,13,'1.04.03','PROGRAM KAWASAN PERMUKIMAN','2025-11-02 22:37:28','2025-11-02 22:37:28'),(21,13,'1.04.04','PROGRAM PERUMAHAN DAN KAWASAN PERMUKIMAN KUMUH','2025-11-02 22:37:28','2025-11-02 22:37:28'),(22,13,'1.04.05','PROGRAM PENINGKATAN PRASARANA, SARANA DAN UTILITAS UMUM (PSU)','2025-11-02 22:37:28','2025-11-02 22:37:28'),(23,14,'1.05.01','PROGRAM PENUNJANG URUSAN PEMERINTAHAN DAERAH KABUPATEN/KOTA','2025-11-02 22:37:28','2025-11-02 22:37:28'),(24,14,'1.05.02','PROGRAM PENINGKATAN KETENTERAMAN DAN KETERTIBAN UMUM','2025-11-02 22:37:28','2025-11-02 22:37:28'),(25,14,'1.05.03','PROGRAM PENANGGULANGAN BENCANA','2025-11-02 22:37:28','2025-11-02 22:37:28'),(26,14,'1.05.04','PROGRAM PENCEGAHAN, PENANGGULANGAN, PENYELAMATAN KEBAKARAN DAN PENYELAMATAN NON KEBAKARAN','2025-11-02 22:37:28','2025-11-02 22:37:28'),(27,15,'1.06.01','PROGRAM PENUNJANG URUSAN PEMERINTAHAN DAERAH KABUPATEN/KOTA','2025-11-02 22:37:28','2025-11-02 22:37:28'),(28,15,'1.06.02','PROGRAM PEMBERDAYAAN SOSIAL','2025-11-02 22:37:28','2025-11-02 22:37:28'),(29,15,'1.06.03','PROGRAM PENANGANAN WARGA NEGARA MIGRAN KORBAN TINDAK KEKERASAN','2025-11-02 22:37:28','2025-11-02 22:37:28'),(30,15,'1.06.04','PROGRAM REHABILITASI SOSIAL','2025-11-02 22:37:28','2025-11-02 22:37:28'),(31,15,'1.06.05','PROGRAM PERLINDUNGAN DAN JAMINAN SOSIAL','2025-11-02 22:37:28','2025-11-02 22:37:28'),(32,15,'1.06.06','PROGRAM PENANGANAN BENCANA','2025-11-02 22:37:28','2025-11-02 22:37:28'),(33,16,'2.07.03','PROGRAM PELATIHAN KERJA DAN PRODUKTIVITAS TENAGA KERJA','2025-11-02 22:37:28','2025-11-02 22:37:28'),(34,16,'2.07.04','PROGRAM PENEMPATAN TENAGA KERJA','2025-11-02 22:37:28','2025-11-02 22:37:28'),(35,16,'2.07.05','PROGRAM HUBUNGAN INDUSTRIAL','2025-11-02 22:37:28','2025-11-02 22:37:28'),(36,17,'2.08.01','PROGRAM PENUNJANG URUSAN PEMERINTAHAN DAERAH KABUPATEN/KOTA','2025-11-02 22:37:28','2025-11-02 22:37:28'),(37,17,'2.08.02','PROGRAM PENGARUSUTAMAAN GENDER DAN PEMBERDAYAAN PEREMPUAN','2025-11-02 22:37:28','2025-11-02 22:37:28'),(38,17,'2.08.03','PROGRAM PERLINDUNGAN PEREMPUAN','2025-11-02 22:37:28','2025-11-02 22:37:28'),(39,17,'2.08.04','PROGRAM PENINGKATAN KUALITAS KELUARGA','2025-11-02 22:37:28','2025-11-02 22:37:28'),(40,17,'2.08.05','PROGRAM PENGELOLAAN SISTEM DATA GENDER DAN ANAK','2025-11-02 22:37:28','2025-11-02 22:37:28'),(41,17,'2.08.06','PROGRAM PEMENUHAN HAK ANAK (PHA)','2025-11-02 22:37:28','2025-11-02 22:37:28'),(42,17,'2.08.07','PROGRAM PERLINDUNGAN KHUSUS ANAK','2025-11-02 22:37:28','2025-11-02 22:37:28'),(43,18,'2.09.01','PROGRAM PENUNJANG URUSAN PEMERINTAHAN DAERAH KABUPATEN/KOTA','2025-11-02 22:37:28','2025-11-02 22:37:28'),(44,18,'2.09.03','PROGRAM PENINGKATAN DIVERSIFIKASI DAN KETAHANAN PANGAN MASYARAKAT','2025-11-02 22:37:28','2025-11-02 22:37:28'),(45,18,'2.09.04','PROGRAM PENANGANAN KERAWANAN PANGAN','2025-11-02 22:37:28','2025-11-02 22:37:28'),(46,18,'2.09.05','PROGRAM PENGAWASAN KEAMANAN PANGAN','2025-11-02 22:37:28','2025-11-02 22:37:28'),(47,19,'2.10.04','PROGRAM PENYELESAIAN SENGKETA TANAH GARAPAN','2025-11-02 22:37:28','2025-11-02 22:37:28'),(48,19,'2.10.05','PROGRAM PENYELESAIAN GANTI KERUGIAN DAN SANTUNAN TANAH UNTUK PEMBANGUNAN','2025-11-02 22:37:28','2025-11-02 22:37:28'),(49,19,'2.10.10','PROGRAM PENATAGUNAAN TANAH ','2025-11-02 22:37:28','2025-11-02 22:37:28'),(50,20,'2.11.01','PROGRAM PENUNJANG URUSAN PEMERINTAHAN DAERAH KABUPATEN/KOTA','2025-11-02 22:37:28','2025-11-02 22:37:28'),(51,20,'2.11.02','PROGRAM PERENCANAAN LINGKUNGAN HIDUP','2025-11-02 22:37:28','2025-11-02 22:37:28'),(52,20,'2.11.03','PROGRAM PENGENDALIAN PENCEMARAN DAN/ATAU KERUSAKAN LINGKUNGAN HIDUP','2025-11-02 22:37:28','2025-11-02 22:37:28'),(53,20,'2.11.04','PROGRAM PENGELOLAAN KEANEKARAGAMAN HAYATI (KEHATI)','2025-11-02 22:37:28','2025-11-02 22:37:28'),(54,20,'2.11.06','PROGRAM PEMBINAAN DAN PENGAWASAN TERHADAP IZIN LINGKUNGAN DAN IZIN PERLINDUNGAN DAN PENGELOLAAN LINGKUNGAN HIDUP (PPLH)','2025-11-02 22:37:28','2025-11-02 22:37:28'),(55,20,'2.11.08','PROGRAM PENINGKATAN PENDIDIKAN, PELATIHAN DAN PENYULUHAN LINGKUNGAN HIDUP UNTUK MASYARAKAT','2025-11-02 22:37:28','2025-11-02 22:37:28'),(56,20,'2.11.11','PROGRAM PENGELOLAAN PERSAMPAHAN','2025-11-02 22:37:28','2025-11-02 22:37:28'),(57,21,'2.12.01','PROGRAM PENUNJANG URUSAN PEMERINTAHAN DAERAH KABUPATEN/KOTA','2025-11-02 22:37:28','2025-11-02 22:37:28'),(58,21,'2.12.02','PROGRAM PENDAFTARAN PENDUDUK','2025-11-02 22:37:28','2025-11-02 22:37:28'),(59,21,'2.12.03','PROGRAM PENCATATAN SIPIL','2025-11-02 22:37:28','2025-11-02 22:37:28'),(60,21,'2.12.04','PROGRAM PENGELOLAAN INFORMASI ADMINISTRASI KEPENDUDUKAN','2025-11-02 22:37:28','2025-11-02 22:37:28'),(61,21,'2.12.05','PROGRAM PENGELOLAAN PROFIL KEPENDUDUKAN','2025-11-02 22:37:28','2025-11-02 22:37:28'),(62,22,'2.14.01','PROGRAM PENUNJANG URUSAN PEMERINTAHAN DAERAH KABUPATEN/KOTA','2025-11-02 22:37:28','2025-11-02 22:37:28'),(63,22,'2.14.02','PROGRAM PENGENDALIAN PENDUDUK','2025-11-02 22:37:28','2025-11-02 22:37:28'),(64,22,'2.14.03','PROGRAM PEMBINAAN KELUARGA BERENCANA (KB)','2025-11-02 22:37:28','2025-11-02 22:37:28'),(65,22,'2.14.04','PROGRAM PEMBERDAYAAN DAN PENINGKATAN KELUARGA SEJAHTERA (KS)','2025-11-02 22:37:28','2025-11-02 22:37:28'),(66,23,'2.15.01','PROGRAM PENUNJANG URUSAN PEMERINTAHAN DAERAH KABUPATEN/KOTA','2025-11-02 22:37:28','2025-11-02 22:37:28'),(67,23,'2.15.02','PROGRAM PENYELENGGARAAN LALU LINTAS DAN ANGKUTAN JALAN (LLAJ)','2025-11-02 22:37:28','2025-11-02 22:37:28'),(68,24,'2.16.01','PROGRAM PENUNJANG URUSAN PEMERINTAHAN DAERAH KABUPATEN/KOTA','2025-11-02 22:37:28','2025-11-02 22:37:28'),(69,24,'2.16.02','PROGRAM PENGELOLAAN INFORMASI DAN KOMUNIKASI PUBLIK','2025-11-02 22:37:28','2025-11-02 22:37:28'),(70,24,'2.16.03','PROGRAM PENGELOLAAN APLIKASI INFORMATIKA','2025-11-02 22:37:28','2025-11-02 22:37:28'),(71,25,'2.17.01','PROGRAM PENUNJANG URUSAN PEMERINTAHAN DAERAH KABUPATEN/KOTA','2025-11-02 22:37:28','2025-11-02 22:37:28'),(72,25,'2.17.03','PROGRAM PENGAWASAN DAN PEMERIKSAAN KOPERASI','2025-11-02 22:37:28','2025-11-02 22:37:28'),(73,25,'2.17.04','PROGRAM PENILAIAN KESEHATAN KSP/USP KOPERASI','2025-11-02 22:37:28','2025-11-02 22:37:28'),(74,25,'2.17.05','PROGRAM PENDIDIKAN DAN LATIHAN PERKOPERASIAN','2025-11-02 22:37:28','2025-11-02 22:37:28'),(75,25,'2.17.07','PROGRAM PEMBERDAYAAN USAHA MENENGAH, USAHA KECIL, DAN USAHA MIKRO (UMKM)','2025-11-02 22:37:28','2025-11-02 22:37:28'),(76,25,'2.17.08','PROGRAM PENGEMBANGAN UMKM','2025-11-02 22:37:28','2025-11-02 22:37:28'),(77,26,'2.18.01','PROGRAM PENUNJANG URUSAN PEMERINTAHAN DAERAH KABUPATEN/KOTA','2025-11-02 22:37:28','2025-11-02 22:37:28'),(78,26,'2.18.02','PROGRAM PENGEMBANGAN IKLIM PENANAMAN MODAL','2025-11-02 22:37:28','2025-11-02 22:37:28'),(79,26,'2.18.03','PROGRAM PROMOSI PENANAMAN MODAL','2025-11-02 22:37:28','2025-11-02 22:37:28'),(80,26,'2.18.04','PROGRAM PELAYANAN PENANAMAN MODAL','2025-11-02 22:37:28','2025-11-02 22:37:28'),(81,26,'2.18.05','PROGRAM PENGENDALIAN PELAKSANAAN PENANAMAN MODAL','2025-11-02 22:37:28','2025-11-02 22:37:28'),(82,26,'2.18.06','PROGRAM PENGELOLAAN DATA DAN SISTEM INFORMASI PENANAMAN MODAL','2025-11-02 22:37:28','2025-11-02 22:37:28'),(83,27,'2.19.01','PROGRAM PENUNJANG URUSAN PEMERINTAHAN DAERAH KABUPATEN/KOTA','2025-11-02 22:37:28','2025-11-02 22:37:28'),(84,27,'2.19.02','PROGRAM PENGEMBANGAN KAPASITAS DAYA SAING KEPEMUDAAN','2025-11-02 22:37:28','2025-11-02 22:37:28'),(85,27,'2.19.03','PROGRAM PENGEMBANGAN KAPASITAS DAYA SAING KEOLAHRAGAAN','2025-11-02 22:37:28','2025-11-02 22:37:28'),(86,27,'2.19.04','PROGRAM PENGEMBANGAN KAPASITAS KEPRAMUKAAN','2025-11-02 22:37:28','2025-11-02 22:37:28'),(87,28,'2.20.02','PROGRAM PENYELENGGARAAN STATISTIK SEKTORAL','2025-11-02 22:37:28','2025-11-02 22:37:28'),(88,29,'2.21.02','PROGRAM PENYELENGGARAAN PERSANDIAN UNTUK PENGAMANAN INFORMASI','2025-11-02 22:37:28','2025-11-02 22:37:28'),(89,30,'2.22.02','PROGRAM PENGEMBANGAN KEBUDAYAAN','2025-11-02 22:37:28','2025-11-02 22:37:28'),(90,30,'2.22.03','PROGRAM PENGEMBANGAN KESENIAN TRADISIONAL','2025-11-02 22:37:28','2025-11-02 22:37:28'),(91,30,'2.22.05','PROGRAM PELESTARIAN DAN PENGELOLAAN CAGAR BUDAYA','2025-11-02 22:37:28','2025-11-02 22:37:28'),(92,31,'2.23.01','PROGRAM PENUNJANG URUSAN PEMERINTAHAN DAERAH KABUPATEN/KOTA','2025-11-02 22:37:28','2025-11-02 22:37:28'),(93,31,'2.23.02','PROGRAM PEMBINAAN PERPUSTAKAAN','2025-11-02 22:37:28','2025-11-02 22:37:28'),(94,31,'2.23.03','PROGRAM PELESTARIAN KOLEKSI NASIONAL DAN NASKAH KUNO','2025-11-02 22:37:28','2025-11-02 22:37:28'),(95,32,'2.24.01','PROGRAM PENUNJANG URUSAN PEMERINTAHAN DAERAH KABUPATEN/KOTA','2025-11-02 22:37:28','2025-11-02 22:37:28'),(96,32,'2.24.02','PROGRAM PENGELOLAAN ARSIP','2025-11-02 22:37:28','2025-11-02 22:37:28'),(97,32,'2.24.03','PROGRAM PERLINDUNGAN DAN PENYELAMATAN ARSIP','2025-11-02 22:37:28','2025-11-02 22:37:28'),(98,32,'2.24.04','PROGRAM PERIZINAN PENGGUNAAN ARSIP','2025-11-02 22:37:28','2025-11-02 22:37:28'),(99,33,'3.25.03','PROGRAM PENGELOLAAN PERIKANAN TANGKAP','2025-11-02 22:37:28','2025-11-02 22:37:28'),(100,33,'3.25.04','PROGRAM PENGELOLAAN PERIKANAN BUDIDAYA','2025-11-02 22:37:28','2025-11-02 22:37:28'),(101,33,'3.25.06','PROGRAM PENGOLAHAN DAN PEMASARAN HASIL PERIKANAN','2025-11-02 22:37:28','2025-11-02 22:37:28'),(102,34,'3.26.01','PROGRAM PENUNJANG URUSAN PEMERINTAHAN DAERAH KABUPATEN/KOTA','2025-11-02 22:37:28','2025-11-02 22:37:28'),(103,34,'3.26.02','PROGRAM PENINGKATAN DAYA TARIK DESTINASI PARIWISATA','2025-11-02 22:37:28','2025-11-02 22:37:28'),(104,34,'3.26.03','PROGRAM PEMASARAN PARIWISATA','2025-11-02 22:37:28','2025-11-02 22:37:28'),(105,34,'3.26.05','PROGRAM PENGEMBANGAN SUMBER DAYA PARIWISATA DAN EKONOMI KREATIF','2025-11-02 22:37:28','2025-11-02 22:37:28'),(106,35,'3.27.01','PROGRAM PENUNJANG URUSAN PEMERINTAHAN DAERAH KABUPATEN/KOTA','2025-11-02 22:37:28','2025-11-02 22:37:28'),(107,35,'3.27.02','PROGRAM PENYEDIAAN DAN PENGEMBANGAN SARANA PERTANIAN','2025-11-02 22:37:28','2025-11-02 22:37:28'),(108,35,'3.27.03','PROGRAM PENYEDIAAN DAN PENGEMBANGAN PRASARANA PERTANIAN','2025-11-02 22:37:28','2025-11-02 22:37:28'),(109,35,'3.27.04','PROGRAM PENGENDALIAN KESEHATAN HEWAN DAN KESEHATAN MASYARAKAT VETERINER','2025-11-02 22:37:28','2025-11-02 22:37:28'),(110,35,'3.27.06','PROGRAM PERIZINAN USAHA PERTANIAN','2025-11-02 22:37:28','2025-11-02 22:37:28'),(111,35,'3.27.07','PROGRAM PENYULUHAN PERTANIAN','2025-11-02 22:37:28','2025-11-02 22:37:28'),(112,36,'3.30.01','PROGRAM PENUNJANG URUSAN PEMERINTAHAN DAERAH KABUPATEN/KOTA','2025-11-02 22:37:28','2025-11-02 22:37:28'),(113,36,'3.30.02','PROGRAM PERIZINAN DAN PENDAFTARAN PERUSAHAAN','2025-11-02 22:37:28','2025-11-02 22:37:28'),(114,36,'3.30.03','PROGRAM PENINGKATAN SARANA DISTRIBUSI PERDAGANGAN','2025-11-02 22:37:28','2025-11-02 22:37:28'),(115,36,'3.30.04','PROGRAM STABILISASI HARGA BARANG KEBUTUHAN POKOK DAN BARANG PENTING','2025-11-02 22:37:28','2025-11-02 22:37:28'),(116,36,'3.30.06','PROGRAM STANDARDISASI DAN PERLINDUNGAN KONSUMEN','2025-11-02 22:37:28','2025-11-02 22:37:28'),(117,37,'3.31.02','PROGRAM PERENCANAAN DAN PEMBANGUNAN INDUSTRI','2025-11-02 22:37:28','2025-11-02 22:37:28'),(118,37,'3.31.03','PROGRAM PENGENDALIAN IZIN USAHA INDUSTRI','2025-11-02 22:37:28','2025-11-02 22:37:28'),(119,37,'3.31.04','PROGRAM PENGELOLAAN SISTEM INFORMASI INDUSTRI NASIONAL','2025-11-02 22:37:28','2025-11-02 22:37:28'),(120,38,'4.01.01','PROGRAM PENUNJANG URUSAN PEMERINTAHAN DAERAH KABUPATEN/KOTA','2025-11-02 22:37:28','2025-11-02 22:37:28'),(121,38,'4.01.02','PROGRAM PEMERINTAHAN DAN KESEJAHTERAAN RAKYAT','2025-11-02 22:37:28','2025-11-02 22:37:28'),(122,38,'4.01.03','PROGRAM PEREKONOMIAN DAN PEMBANGUNAN','2025-11-02 22:37:28','2025-11-02 22:37:28'),(123,39,'4.02.01','PROGRAM PENUNJANG URUSAN PEMERINTAHAN DAERAH KABUPATEN/KOTA','2025-11-02 22:37:28','2025-11-02 22:37:28'),(124,39,'4.02.02','PROGRAM DUKUNGAN PELAKSANAAN TUGAS DAN FUNGSI DPRD','2025-11-02 22:37:28','2025-11-02 22:37:28'),(125,40,'5.01.01','PROGRAM PENUNJANG URUSAN PEMERINTAHAN DAERAH KABUPATEN/KOTA','2025-11-02 22:37:28','2025-11-02 22:37:28'),(126,40,'5.01.02','PROGRAM PERENCANAAN, PENGENDALIAN DAN EVALUASI PEMBANGUNAN DAERAH','2025-11-02 22:37:28','2025-11-02 22:37:28'),(127,41,'5.02.01','PROGRAM PENUNJANG URUSAN PEMERINTAHAN DAERAH KABUPATEN/KOTA','2025-11-02 22:37:28','2025-11-02 22:37:28'),(128,41,'5.02.02','PROGRAM PENGELOLAAN KEUANGAN DAERAH','2025-11-02 22:37:28','2025-11-02 22:37:28'),(129,41,'5.02.03','PROGRAM PENGELOLAAN BARANG MILIK DAERAH','2025-11-02 22:37:28','2025-11-02 22:37:28'),(130,41,'5.02.04','PROGRAM PENGELOLAAN PENDAPATAN DAERAH','2025-11-02 22:37:28','2025-11-02 22:37:28'),(132,42,'5.03.01','PROGRAM PENUNJANG URUSAN PEMERINTAHAN DAERAH KABUPATEN/KOTA','2025-11-05 20:14:48','2025-11-05 20:14:48'),(133,42,'5.03.02','PROGRAM KEPEGAWAIAN DAERAH','2025-11-05 20:14:48','2025-11-05 20:14:48'),(134,43,'5.04.02','PROGRAM PENGEMBANGAN SUMBER DAYA MANUSIA','2025-11-05 20:14:48','2025-11-05 20:14:48'),(135,44,'5.05.01','PROGRAM PENUNJANG URUSAN PEMERINTAHAN DAERAH KABUPATEN/KOTA','2025-11-05 20:14:48','2025-11-05 20:14:48'),(136,44,'5.05.02','PROGRAM PENELITIAN DAN PENGEMBANGAN DAERAH','2025-11-05 20:14:48','2025-11-05 20:14:48'),(137,44,'5.05.03','PROGRAM RISET DAN INOVASI DAERAH','2025-11-05 20:14:48','2025-11-05 20:14:48'),(138,45,'6.01.01','PROGRAM PENUNJANG URUSAN PEMERINTAHAN DAERAH KABUPATEN/KOTA','2025-11-05 20:14:48','2025-11-05 20:14:48'),(139,45,'6.01.02','PROGRAM PENYELENGGARAAN PENGAWASAN','2025-11-05 20:14:48','2025-11-05 20:14:48'),(140,45,'6.01.03','PROGRAM PERUMUSAN KEBIJAKAN, PENDAMPINGAN DAN ASISTENSI','2025-11-05 20:14:48','2025-11-05 20:14:48'),(141,46,'7.01.01','PROGRAM PENUNJANG URUSAN PEMERINTAHAN DAERAH KABUPATEN/KOTA','2025-11-05 20:14:48','2025-11-05 20:14:48'),(142,46,'7.01.02','PROGRAM PENYELENGGARAAN PEMERINTAHAN DAN PELAYANAN PUBLIK','2025-11-05 20:14:48','2025-11-05 20:14:48'),(143,46,'7.01.03','PROGRAM PEMBERDAYAAN MASYARAKAT DESA DAN KELURAHAN','2025-11-05 20:14:48','2025-11-05 20:14:48'),(144,46,'7.01.05','PROGRAM PENYELENGGARAAN URUSAN PEMERINTAHAN UMUM','2025-11-05 20:14:48','2025-11-05 20:14:48'),(145,47,'8.01.01','PROGRAM PENUNJANG URUSAN PEMERINTAHAN DAERAH KABUPATEN/KOTA','2025-11-05 20:14:48','2025-11-05 20:14:48'),(146,47,'8.01.02','PROGRAM PENGUATAN IDEOLOGI PANCASILA DAN KARAKTER KEBANGSAAN','2025-11-05 20:14:48','2025-11-05 20:14:48'),(147,47,'8.01.03','PROGRAM PENINGKATAN PERAN PARTAI POLITIK DAN LEMBAGA PENDIDIKAN MELALUI PENDIDIKAN POLITIK DAN PENGEMBANGAN ETIKA SERTA BUDAYA POLITIK','2025-11-05 20:14:48','2025-11-05 20:14:48'),(148,47,'8.01.04','PROGRAM PEMBERDAYAAN DAN PENGAWASAN ORGANISASI KEMASYARAKATAN','2025-11-05 20:14:48','2025-11-05 20:14:48'),(149,47,'8.01.05','PROGRAM PEMBINAAN DAN PENGEMBANGAN KETAHANAN EKONOMI, SOSIAL, DAN BUDAYA','2025-11-05 20:14:48','2025-11-05 20:14:48'),(150,47,'8.01.06','PROGRAM PENINGKATAN KEWASPADAAN NASIONAL DAN PENINGKATAN KUALITAS DAN FASILITASI PENANGANAN KONFLIK SOSIAL','2025-11-05 20:14:48','2025-11-05 20:14:48');

#
# Structure for table "kegiatan"
#

CREATE TABLE `kegiatan` (
  `id` bigint(20) unsigned NOT NULL AUTO_INCREMENT,
  `id_program` bigint(20) unsigned NOT NULL,
  `kode` varchar(50) NOT NULL,
  `nama` varchar(255) NOT NULL,
  `created_at` timestamp NULL DEFAULT NULL,
  `updated_at` timestamp NULL DEFAULT NULL,
  PRIMARY KEY (`id`),
  KEY `kegiatan_id_program_foreign` (`id_program`),
  CONSTRAINT `kegiatan_id_program_foreign` FOREIGN KEY (`id_program`) REFERENCES `program` (`id`) ON DELETE CASCADE
) ENGINE=InnoDB AUTO_INCREMENT=347 DEFAULT CHARSET=utf8mb4 COLLATE=utf8mb4_unicode_ci;

#
# Data for table "kegiatan"
#

INSERT INTO `kegiatan` VALUES (1,1,'1.01.01.2.01','Perencanaan, Penganggaran, dan Evaluasi Kinerja Perangkat Daerah','2025-11-04 20:12:06','2025-11-04 20:12:06'),(2,1,'1.01.01.2.02','Administrasi Keuangan Perangkat Daerah','2025-11-04 20:12:06','2025-11-04 20:12:06'),(3,1,'1.01.01.2.03','Administrasi Barang Milik Daerah pada Perangkat Daerah','2025-11-04 20:12:06','2025-11-04 20:12:06'),(4,1,'1.01.01.2.05','Administrasi Kepegawaian Perangkat Daerah','2025-11-04 20:12:06','2025-11-04 20:12:06'),(5,1,'1.01.01.2.06','Administrasi Umum Perangkat Daerah','2025-11-04 20:12:06','2025-11-04 20:12:06'),(6,1,'1.01.01.2.07','Pengadaan Barang Milik Daerah Penunjang Urusan Pemerintah Daerah','2025-11-04 20:12:06','2025-11-04 20:12:06'),(7,1,'1.01.01.2.08','Penyediaan Jasa Penunjang Urusan Pemerintahan Daerah','2025-11-04 20:12:06','2025-11-04 20:12:06'),(8,1,'1.01.01.2.09','Pemeliharaan Barang Milik Daerah Penunjang Urusan Pemerintahan Daerah','2025-11-04 20:12:06','2025-11-04 20:12:06'),(9,2,'1.01.02.2.01','Pengelolaan Pendidikan Sekolah Dasar','2025-11-04 20:12:06','2025-11-04 20:12:06'),(10,2,'1.01.02.2.02','Pengelolaan Pendidikan Sekolah Menengah Pertama','2025-11-04 20:12:06','2025-11-04 20:12:06'),(11,2,'1.01.02.2.03','Pengelolaan Pendidikan Anak Usia Dini (PAUD)','2025-11-04 20:12:06','2025-11-04 20:12:06'),(12,2,'1.01.02.2.04','Pengelolaan Pendidikan Nonformal/Kesetaraan','2025-11-04 20:12:06','2025-11-04 20:12:06'),(13,3,'1.01.04.2.01','Pemerataan Kuantitas dan Kualitas Pendidik dan Tenaga Kependidikan bagi Satuan Pendidikan Dasar, PAUD, dan Pendidikan Nonformal/Kesetaraan','2025-11-04 20:12:06','2025-11-04 20:12:06'),(14,4,'1.02.01.2.01','Perencanaan, Penganggaran, dan Evaluasi Kinerja Perangkat Daerah','2025-11-04 20:12:06','2025-11-04 20:12:06'),(15,4,'1.02.01.2.02','Administrasi Keuangan Perangkat Daerah','2025-11-04 20:12:06','2025-11-04 20:12:06'),(16,4,'1.02.01.2.03','Administrasi Barang Milik Daerah pada Perangkat Daerah','2025-11-04 20:12:06','2025-11-04 20:12:06'),(17,4,'1.02.01.2.05','Administrasi Kepegawaian Perangkat Daerah','2025-11-04 20:12:06','2025-11-04 20:12:06'),(18,4,'1.02.01.2.06','Administrasi Umum Perangkat Daerah','2025-11-04 20:12:06','2025-11-04 20:12:06'),(19,4,'1.02.01.2.08','Penyediaan Jasa Penunjang Urusan Pemerintahan Daerah','2025-11-04 20:12:06','2025-11-04 20:12:06'),(20,4,'1.02.01.2.09','Pemeliharaan Barang Milik Daerah Penunjang Urusan Pemerintahan Daerah','2025-11-04 20:12:06','2025-11-04 20:12:06'),(21,4,'1.02.01.2.10','Peningkatan Pelayanan BLUD','2025-11-04 20:12:06','2025-11-04 20:12:06'),(22,5,'1.02.02.2.01','Penyediaan Fasilitas Pelayanan Kesehatan untuk UKM dan UKP Kewenangan Daerah Kabupaten/Kota','2025-11-04 20:12:06','2025-11-04 20:12:06'),(23,5,'1.02.02.2.02','Penyediaan Layanan Kesehatan untuk UKM dan UKP Rujukan Tingkat Daerah Kabupaten/Kota','2025-11-04 20:12:06','2025-11-04 20:12:06'),(24,5,'1.02.02.2.03','Penyelenggaraan Sistem Informasi Kesehatan Secara Terintegrasi','2025-11-04 20:12:06','2025-11-04 20:12:06'),(25,5,'1.02.02.2.04','Penerbitan Izin Rumah Sakit Kelas C, D dan Fasilitas Pelayanan Kesehatan Tingkat Daerah Kabupaten/Kota','2025-11-04 20:12:06','2025-11-04 20:12:06'),(26,6,'1.02.03.2.01','Pemberian Izin Praktik Tenaga Kesehatan di Wilayah Kabupaten/Kota','2025-11-04 20:12:06','2025-11-04 20:12:06'),(27,6,'1.02.03.2.02','Perencanaan Kebutuhan dan Pendayagunaan Sumber Daya Manusia Kesehatan untuk UKP dan UKM di Wilayah Kabupaten/Kota','2025-11-04 20:12:06','2025-11-04 20:12:06'),(28,6,'1.02.03.2.03','Pengembangan Mutu dan Peningkatan Kompetensi Teknis Sumber Daya Manusia Kesehatan Tingkat Daerah Kabupaten/Kota','2025-11-04 20:12:06','2025-11-04 20:12:06'),(29,7,'1.02.04.2.01','Pemberian Izin Apotek, Toko Obat, Toko Alat Kesehatan dan Optikal, Usaha Mikro Obat Tradisional (UMOT)','2025-11-04 20:12:06','2025-11-04 20:12:06'),(30,7,'1.02.04.2.02','Pemberian Sertifikat Produksi untuk Sarana Produksi Alat Kesehatan Kelas 1 tertentu dan Perbekalan Kesehatan Rumah Tangga Kelas 1 Tertentu Perusahaan Rumah Tangga','2025-11-04 20:12:06','2025-11-04 20:12:06'),(31,7,'1.02.04.2.03','Penerbitan Sertifikat Produksi Pangan Industri Rumah Tangga dan Nomor P-IRT sebagai Izin Produksi, untuk Produk Makanan Minuman Tertentu yang Dapat Diproduksi oleh Industri Rumah Tangga','2025-11-04 20:12:06','2025-11-04 20:12:06'),(32,7,'1.02.04.2.04','Penerbitan Sertifikat Laik Higiene Sanitasi Tempat Pengelolaan Makanan (TPM) antara lain Jasa Boga, Rumah Makan/Restoran dan Depot Air Minum (DAM)','2025-11-04 20:12:06','2025-11-04 20:12:06'),(33,7,'1.02.04.2.05','Penerbitan Stiker Pembinaan pada Makanan Jajanan dan Sentra Makanan Jajanan','2025-11-04 20:12:06','2025-11-04 20:12:06'),(34,7,'1.02.04.2.06','Pemeriksaan dan Tindak Lanjut Hasil Pemeriksaan Post Market pada Produksi dan Produk Makanan Minuman Industri Rumah Tangga','2025-11-04 20:12:06','2025-11-04 20:12:06'),(35,8,'1.02.05.2.01','Advokasi, Pemberdayaan, Kemitraan, Peningkatan Peran serta Masyarakat dan Lintas Sektor Tingkat Daerah Kabupaten/Kota','2025-11-04 20:12:06','2025-11-04 20:12:06'),(36,8,'1.02.05.2.02','Pelaksanaan Sehat dalam rangka Promotif Preventif Tingkat Daerah Kabupaten/Kota','2025-11-04 20:12:06','2025-11-04 20:12:06'),(37,8,'1.02.05.2.03','Pengembangan dan Pelaksanaan Upaya Kesehatan Bersumber Daya Masyarakat (UKBM) Tingkat Daerah Kabupaten/Kota','2025-11-04 20:12:06','2025-11-04 20:12:06'),(38,9,'1.03.01.2.01','Perencanaan, Penganggaran, dan Evaluasi Kinerja Perangkat Daerah','2025-11-04 20:12:06','2025-11-04 20:12:06'),(39,9,'1.03.01.2.02','Administrasi Keuangan Perangkat Daerah','2025-11-04 20:12:06','2025-11-04 20:12:06'),(40,9,'1.03.01.2.03','Administrasi Barang Milik Daerah pada Perangkat Daerah','2025-11-04 20:12:06','2025-11-04 20:12:06'),(41,9,'1.03.01.2.05','Administrasi Kepegawaian Perangkat Daerah','2025-11-04 20:12:06','2025-11-04 20:12:06'),(42,9,'1.03.01.2.06','Administrasi Umum Perangkat Daerah','2025-11-04 20:12:06','2025-11-04 20:12:06'),(43,9,'1.03.01.2.07','Pengadaan Barang Milik Daerah Penunjang Urusan Pemerintah Daerah','2025-11-04 20:12:06','2025-11-04 20:12:06'),(44,9,'1.03.01.2.08','Penyediaan Jasa Penunjang Urusan Pemerintahan Daerah','2025-11-04 20:12:06','2025-11-04 20:12:06'),(45,9,'1.03.01.2.09','Pemeliharaan Barang Milik Daerah Penunjang Urusan Pemerintahan Daerah','2025-11-04 20:12:06','2025-11-04 20:12:06'),(46,10,'1.03.02.2.01','Pengelolaan SDA dan Bangunan Pengaman Pantai pada Wilayah Sungai (WS) dalam 1 (Satu) Daerah Kabupaten/Kota','2025-11-04 20:12:06','2025-11-04 20:12:06'),(47,10,'1.03.02.2.02','Pengembangan dan Pengelolaan Sistem Irigasi Primer dan Sekunder pada Daerah Irigasi yang Luasnya di Bawah 1000 Ha dalam 1 (Satu) Daerah Kabupaten/Kota','2025-11-04 20:12:06','2025-11-04 20:12:06'),(48,11,'1.03.03.2.01','Pengelolaan dan Pengembangan Sistem Penyediaan Air Minum (SPAM) di Daerah Kabupaten/Kota','2025-11-04 20:12:06','2025-11-04 20:12:06'),(49,12,'1.03.05.2.01','Pengelolaan dan Pengembangan Sistem Air Limbah Domestik dalam Daerah Kabupaten/Kota','2025-11-04 20:12:06','2025-11-04 20:12:06'),(50,13,'1.03.06.2.01','Pengelolaan dan Pengembangan Sistem Drainase yang Terhubung Langsung dengan Sungai dalam Daerah Kabupaten/Kota','2025-11-04 20:12:06','2025-11-04 20:12:06'),(51,14,'1.03.08.2.01','Penyelenggaraan Bangunan Gedung di Wilayah Daerah Kabupaten/Kota, Pemberian Izin Mendirikan Bangunan (IMB) dan Sertifikat Laik Fungsi Bangunan Gedung','2025-11-04 20:12:06','2025-11-04 20:12:06'),(52,15,'1.03.10.2.01','Penyelenggaraan Jalan Kabupaten/Kota','2025-11-04 20:12:06','2025-11-04 20:12:06'),(53,16,'1.03.11.2.01','Penyelenggaraan Pelatihan Tenaga Terampil Konstruksi','2025-11-04 20:12:06','2025-11-04 20:12:06'),(54,16,'1.03.11.2.02','Penyelenggaraan Sistem Informasi Jasa Konstruksi Cakupan Daerah Kabupaten/Kota','2025-11-04 20:12:06','2025-11-04 20:12:06'),(55,17,'1.03.12.2.01','Penetapan Rencana Tata Ruang Wilayah (RTRW) dan Rencana Rinci Tata Ruang (RRTR) Kabupaten/Kota','2025-11-04 20:12:06','2025-11-04 20:12:06'),(56,17,'1.03.12.2.03','Koordinasi dan Sinkronisasi Pemanfaatan Ruang Daerah Kabupaten/Kota','2025-11-04 20:12:06','2025-11-04 20:12:06'),(57,17,'1.03.12.2.04','Koordinasi dan Sinkronisasi Pengendalian Pemanfaatan Ruang Daerah Kabupaten/Kota','2025-11-04 20:12:06','2025-11-04 20:12:06'),(58,18,'1.04.01.2.01','Perencanaan, Penganggaran, dan Evaluasi Kinerja Perangkat Daerah','2025-11-04 20:12:06','2025-11-04 20:12:06'),(59,18,'1.04.01.2.02','Administrasi Keuangan Perangkat Daerah','2025-11-04 20:12:06','2025-11-04 20:12:06'),(60,18,'1.04.01.2.06','Administrasi Umum Perangkat Daerah','2025-11-04 20:12:06','2025-11-04 20:12:06'),(61,18,'1.04.01.2.07','Pengadaan Barang Milik Daerah Penunjang Urusan Pemerintah Daerah','2025-11-04 20:12:06','2025-11-04 20:12:06'),(62,18,'1.04.01.2.08','Penyediaan Jasa Penunjang Urusan Pemerintahan Daerah','2025-11-04 20:12:06','2025-11-04 20:12:06'),(63,18,'1.04.01.2.09','Pemeliharaan Barang Milik Daerah Penunjang Urusan Pemerintahan Daerah','2025-11-04 20:12:06','2025-11-04 20:12:06'),(64,19,'1.04.02.2.03','Pembangunan dan Rehabilitasi Rumah Korban Bencana atau Relokasi Program Kabupaten/Kota','2025-11-04 20:12:06','2025-11-04 20:12:06'),(65,19,'1.04.02.2.05','Pembinaan Pengelolaan Rumah Susun Umum dan/atau Rumah Khusus','2025-11-04 20:12:06','2025-11-04 20:12:06'),(66,19,'1.04.02.2.06','Penerbitan Izin Pembangunan dan Pengembangan Perumahan','2025-11-04 20:12:06','2025-11-04 20:12:06'),(67,20,'1.04.03.2.02','Penataan dan Peningkatan Kualitas Kawasan Permukiman Kumuh dengan Luas di Bawah 10 (Sepuluh) Ha','2025-11-04 20:12:06','2025-11-04 20:12:06'),(68,20,'1.04.03.2.03','Peningkatan Kualitas Kawasan Permukiman Kumuh dengan Luas di Bawah 10 (Sepuluh) Ha','2025-11-04 20:12:06','2025-11-04 20:12:06'),(69,21,'1.04.04.2.01','Pencegahan Perumahan dan Kawasan Permukiman Kumuh pada Daerah Kabupaten/Kota','2025-11-04 20:12:06','2025-11-04 20:12:06'),(70,22,'1.04.05.2.01','Urusan Penyelenggaraan PSU Perumahan','2025-11-04 20:12:06','2025-11-04 20:12:06'),(71,23,'1.05.01.2.01','Perencanaan, Penganggaran, dan Evaluasi Kinerja Perangkat Daerah','2025-11-04 20:12:06','2025-11-04 20:12:06'),(72,23,'1.05.01.2.02','Administrasi Keuangan Perangkat Daerah','2025-11-04 20:12:06','2025-11-04 20:12:06'),(73,23,'1.05.01.2.06','Administrasi Umum Perangkat Daerah','2025-11-04 20:12:06','2025-11-04 20:12:06'),(74,23,'1.05.01.2.07','Pengadaan Barang Milik Daerah Penunjang Urusan Pemerintah Daerah','2025-11-04 20:12:06','2025-11-04 20:12:06'),(75,23,'1.05.01.2.08','Penyediaan Jasa Penunjang Urusan Pemerintahan Daerah','2025-11-04 20:12:06','2025-11-04 20:12:06'),(76,23,'1.05.01.2.09','Pemeliharaan Barang Milik Daerah Penunjang Urusan Pemerintahan Daerah','2025-11-04 20:12:06','2025-11-04 20:12:06'),(77,24,'1.05.02.2.01','Penanganan Gangguan Ketenteraman dan Ketertiban Umum dalam 1 (Satu) Daerah Kabupaten/Kota','2025-11-04 20:12:06','2025-11-04 20:12:06'),(78,25,'1.05.03.2.01','Pelayanan Informasi Rawan Bencana Kabupaten/Kota','2025-11-04 20:12:06','2025-11-04 20:12:06'),(79,25,'1.05.03.2.02','Pelayanan Pencegahan dan Kesiapsiagaan Terhadap Bencana','2025-11-04 20:12:06','2025-11-04 20:12:06'),(80,25,'1.05.03.2.03','Pelayanan Penyelamatan dan Evakuasi Korban Bencana','2025-11-04 20:12:06','2025-11-04 20:12:06'),(81,25,'1.05.03.2.04','Penataan Sistem Dasar Penanggulangan Bencana','2025-11-04 20:12:06','2025-11-04 20:12:06'),(82,26,'1.05.04.2.01','Pencegahan, Pengendalian, Pemadaman, Penyelamatan, dan Penanganan Bahan Berbahaya dan Beracun Kebakaran dalam Daerah Kabupaten/Kota','2025-11-04 20:12:06','2025-11-04 20:12:06'),(83,26,'1.05.04.2.02','Inspeksi Peralatan Proteksi Kebakaran','2025-11-04 20:12:06','2025-11-04 20:12:06'),(84,26,'1.05.04.2.03','Investigasi Kejadian Kebakaran','2025-11-04 20:12:06','2025-11-04 20:12:06'),(85,26,'1.05.04.2.04','Pemberdayaan Masyarakat dalam Pencegahan Kebakaran','2025-11-04 20:12:06','2025-11-04 20:12:06'),(86,27,'1.06.01.2.01','Perencanaan, Penganggaran, dan Evaluasi Kinerja Perangkat Daerah','2025-11-04 20:12:06','2025-11-04 20:12:06'),(87,27,'1.06.01.2.02','Administrasi Keuangan Perangkat Daerah','2025-11-04 20:12:06','2025-11-04 20:12:06'),(88,27,'1.06.01.2.06','Administrasi Umum Perangkat Daerah','2025-11-04 20:12:06','2025-11-04 20:12:06'),(89,27,'1.06.01.2.08','Penyediaan Jasa Penunjang Urusan Pemerintahan Daerah','2025-11-04 20:12:06','2025-11-04 20:12:06'),(90,27,'1.06.01.2.09','Pemeliharaan Barang Milik Daerah Penunjang Urusan Pemerintahan Daerah','2025-11-04 20:12:06','2025-11-04 20:12:06'),(91,28,'1.06.02.2.02','Pengumpulan Sumbangan dalam Daerah Kabupaten/Kota','2025-11-04 20:12:06','2025-11-04 20:12:06'),(92,28,'1.06.02.2.03','Pengembangan Potensi Sumber Kesejahteraan Sosial Daerah Kabupaten/Kota','2025-11-04 20:12:06','2025-11-04 20:12:06'),(93,29,'1.06.03.2.01','Pemulangan Warga Negara Migran Korban Tindak Kekerasan dari Titik Debarkasi di Daerah Kabupaten/Kota untuk Dipulangkan ke Desa/Kelurahan Asal','2025-11-04 20:12:06','2025-11-04 20:12:06'),(94,30,'1.06.04.2.01','Rehabilitasi Sosial Dasar Penyandang Disabilitas Terlantar, Anak Terlantar, Lanjut Usia Terlantar, serta Gelandangan Pengemis di Luar Panti Sosial','2025-11-04 20:12:06','2025-11-04 20:12:06'),(95,30,'1.06.04.2.02','Rehabilitasi Sosial Penyandang Masalah Kesejahteraan Sosial (PMKS) Lainnya Bukan Korban HIV/AIDS dan NAPZA di Luar Panti Sosial','2025-11-04 20:12:06','2025-11-04 20:12:06'),(96,31,'1.06.05.2.02','Pengelolaan Data Fakir Miskin Cakupan Daerah Kabupaten/Kota','2025-11-04 20:12:06','2025-11-04 20:12:06'),(97,32,'1.06.06.2.01','Perlindungan Sosial Korban Bencana Alam dan Sosial Kabupaten/Kota','2025-11-04 20:12:06','2025-11-04 20:12:06'),(98,32,'1.06.06.2.02','Penyelenggaraan Pemberdayaan Masyarakat Terhadap Kesiapsiagaan Bencana Kabupaten/Kota','2025-11-04 20:12:06','2025-11-04 20:12:06'),(99,33,'2.07.03.2.01','Pelaksanaan Pelatihan berdasarkan Unit Kompetensi','2025-11-04 20:12:06','2025-11-04 20:12:06'),(100,34,'2.07.04.2.03','Pengelolaan Informasi Pasar Kerja','2025-11-04 20:12:06','2025-11-04 20:12:06'),(101,35,'2.07.05.2.01','Pengesahan Peraturan Perusahaan dan Pendaftaran Perjanjian Kerja Bersama untuk Perusahaan yang Hanya Beroperasi dalam 1 (Satu) Daerah Kabupaten/Kota','2025-11-04 20:12:06','2025-11-04 20:12:06'),(102,35,'2.07.05.2.02','Pencegahan dan Penyelesaian Perselisihan Hubungan Industrial, Mogok Kerja dan Penutupan Perusahaan di Daerah Kabupaten/Kota','2025-11-04 20:12:06','2025-11-04 20:12:06'),(103,36,'2.08.01.2.01','Perencanaan, Penganggaran, dan Evaluasi Kinerja Perangkat Daerah','2025-11-04 20:12:06','2025-11-04 20:12:06'),(104,36,'2.08.01.2.02','Administrasi Keuangan Perangkat Daerah','2025-11-04 20:12:06','2025-11-04 20:12:06'),(105,36,'2.08.01.2.06','Administrasi Umum Perangkat Daerah','2025-11-04 20:12:06','2025-11-04 20:12:06'),(106,36,'2.08.01.2.08','Penyediaan Jasa Penunjang Urusan Pemerintahan Daerah','2025-11-04 20:12:06','2025-11-04 20:12:06'),(107,36,'2.08.01.2.09','Pemeliharaan Barang Milik Daerah Penunjang Urusan Pemerintahan Daerah','2025-11-04 20:12:06','2025-11-04 20:12:06'),(108,37,'2.08.02.2.01','Pelembagaan Pengarusutamaan Gender (PUG) pada Lembaga Pemerintah Kewenangan Kabupaten/Kota','2025-11-04 20:12:06','2025-11-04 20:12:06'),(109,37,'2.08.02.2.03','Penguatan dan Pengembangan Lembaga Penyedia Layanan Pemberdayaan Perempuan Kewenangan Kabupaten/Kota','2025-11-04 20:12:06','2025-11-04 20:12:06'),(110,38,'2.08.03.2.01','Pencegahan Kekerasan Terhadap Perempuan Lingkup Daerah Kabupaten/Kota','2025-11-04 20:12:06','2025-11-04 20:12:06'),(111,38,'2.08.03.2.02','Penyediaan Layanan Rujukan Lanjutan bagi Perempuan Korban Kekerasan yang Memerlukan Koordinasi Kewenangan Kabupaten/Kota','2025-11-04 20:12:06','2025-11-04 20:12:06'),(112,39,'2.08.04.2.01','Peningkatan Kualitas Keluarga dalam Mewujudkan Kesetaraan Gender (KG) dan Hak Anak Tingkat Daerah Kabupaten/Kota','2025-11-04 20:12:06','2025-11-04 20:12:06'),(113,39,'2.08.04.2.02','Penguatan dan Pengembangan Lembaga Penyedia Layanan Peningkatan Kualitas Keluarga dalam Mewujudkan KG dan Hak Anak yang Wilayah Kerjanya dalam Daerah Kabupaten/Kota','2025-11-04 20:12:06','2025-11-04 20:12:06'),(114,40,'2.08.05.2.01','Pengumpulan, Pengolahan Analisis dan Penyajian Data Gender dan Anak Dalam Kelembagaan Data di Tingkat Daerah Kabupaten/Kota','2025-11-04 20:12:06','2025-11-04 20:12:06'),(115,41,'2.08.06.2.01','Pelembagaan PHA pada Lembaga Pemerintah, Nonpemerintah, dan Dunia Usaha Kewenangan Kabupaten/Kota','2025-11-04 20:12:06','2025-11-04 20:12:06'),(116,41,'2.08.06.2.02','Penguatan dan Pengembangan Lembaga Penyedia Layanan Peningkatan Kualitas Hidup Anak Kewenangan Kabupaten/Kota','2025-11-04 20:12:06','2025-11-04 20:12:06'),(117,42,'2.08.07.2.01','Pencegahan Kekerasan Terhadap Anak yang Melibatkan para Pihak Lingkup Daerah Kabupaten/Kota','2025-11-04 20:12:06','2025-11-04 20:12:06'),(118,43,'2.09.01.2.02','Administrasi Keuangan Perangkat Daerah','2025-11-04 20:12:06','2025-11-04 20:12:06'),(119,43,'2.09.01.2.06','Administrasi Umum Perangkat Daerah','2025-11-04 20:12:06','2025-11-04 20:12:06'),(120,43,'2.09.01.2.09','Pemeliharaan Barang Milik Daerah Penunjang Urusan Pemerintahan Daerah','2025-11-04 20:12:06','2025-11-04 20:12:06'),(121,44,'2.09.03.2.01','Penyediaan dan Penyaluran Pangan Pokok atau Pangan Lainnya sesuai dengan Kebutuhan Daerah Kabupaten/Kota dalam rangka Stabilisasi Pasokan dan Harga Pangan','2025-11-04 20:12:06','2025-11-04 20:12:06'),(122,44,'2.09.03.2.02','Pengelolaan dan Keseimbangan Cadangan Pangan Kabupaten/Kota','2025-11-04 20:12:06','2025-11-04 20:12:06'),(123,44,'2.09.03.2.04','Pelaksanaan Pencapaian Target Konsumsi Pangan Perkapita/Tahun sesuai dengan Angka Kecukupan Gizi','2025-11-04 20:12:06','2025-11-04 20:12:06'),(124,45,'2.09.04.2.02','Penanganan Kerawanan Pangan Kewenangan Kabupaten/Kota','2025-11-04 20:12:06','2025-11-04 20:12:06'),(125,46,'2.09.05.2.01','Pelaksanaan Pengawasan Keamanan Pangan Segar Daerah Kabupaten/Kota','2025-11-04 20:12:06','2025-11-04 20:12:06'),(126,47,'2.10.04.2.01','Penyelesaian Sengketa Tanah Garapan dalam Daerah Kabupaten/Kota','2025-11-04 20:12:06','2025-11-04 20:12:06'),(127,48,'2.10.05.2.01','Penyelesaian Masalah Ganti Kerugian dan Santunan Tanah untuk Pembangunan oleh Pemerintah Daerah Kabupaten/Kota','2025-11-04 20:12:06','2025-11-04 20:12:06'),(128,49,'2.10.10.2.01','Penggunaan Tanah yang Hamparannya dalam satu Daerah Kabupaten/Kota','2025-11-04 20:12:06','2025-11-04 20:12:06'),(129,50,'2.11.01.2.01','Perencanaan, Penganggaran, dan Evaluasi Kinerja Perangkat Daerah','2025-11-04 20:12:06','2025-11-04 20:12:06'),(130,50,'2.11.01.2.02','Administrasi Keuangan Perangkat Daerah','2025-11-04 20:12:06','2025-11-04 20:12:06'),(131,50,'2.11.01.2.06','Administrasi Umum Perangkat Daerah','2025-11-04 20:12:06','2025-11-04 20:12:06'),(132,50,'2.11.01.2.07','Pengadaan Barang Milik Daerah Penunjang Urusan Pemerintah Daerah','2025-11-04 20:12:06','2025-11-04 20:12:06'),(133,50,'2.11.01.2.08','Penyediaan Jasa Penunjang Urusan Pemerintahan Daerah','2025-11-04 20:12:06','2025-11-04 20:12:06'),(134,50,'2.11.01.2.09','Pemeliharaan Barang Milik Daerah Penunjang Urusan Pemerintahan Daerah','2025-11-04 20:12:06','2025-11-04 20:12:06'),(135,51,'2.11.02.2.01','Rencana Perlindungan dan Pengelolaan Lingkungan Hidup (RPPLH) Kabupaten/Kota','2025-11-04 20:12:06','2025-11-04 20:12:06'),(136,52,'2.11.03.2.01','Pencegahan Pencemaran dan/atau Kerusakan Lingkungan Hidup Kabupaten/Kota','2025-11-04 20:12:06','2025-11-04 20:12:06'),(137,52,'2.11.03.2.02','Penanggulangan Pencemaran dan/atau Kerusakan Lingkungan Hidup Kabupaten/Kota','2025-11-04 20:12:06','2025-11-04 20:12:06'),(138,52,'2.11.03.2.03','Pemulihan Pencemaran dan/atau Kerusakan Lingkungan Hidup Kabupaten/Kota','2025-11-04 20:12:06','2025-11-04 20:12:06'),(139,53,'2.11.04.2.01','Pengelolaan Keanekaragaman Hayati Kabupaten/Kota','2025-11-04 20:12:06','2025-11-04 20:12:06'),(140,54,'2.11.06.2.01','Pembinaan dan Pengawasan Terhadap Usaha dan/atau Kegiatan yang Izin Lingkungan dan Izin PPLH Diterbitkan oleh Pemerintah Daerah Kabupaten/Kota','2025-11-04 20:12:06','2025-11-04 20:12:06'),(141,55,'2.11.08.2.01','Penyelenggaraan Pendidikan, Pelatihan, dan Penyuluhan Lingkungan Hidup untuk Lembaga Kemasyarakatan Tingkat Daerah Kabupaten/Kota','2025-11-04 20:12:06','2025-11-04 20:12:06'),(142,56,'2.11.11.2.01','Pengelolaan Sampah','2025-11-04 20:12:06','2025-11-04 20:12:06'),(143,57,'2.12.01.2.01','Perencanaan, Penganggaran, dan Evaluasi Kinerja Perangkat Daerah','2025-11-04 20:12:06','2025-11-04 20:12:06'),(144,57,'2.12.01.2.02','Administrasi Keuangan Perangkat Daerah','2025-11-04 20:12:06','2025-11-04 20:12:06'),(145,57,'2.12.01.2.05','Administrasi Kepegawaian Perangkat Daerah','2025-11-04 20:12:06','2025-11-04 20:12:06'),(146,57,'2.12.01.2.06','Administrasi Umum Perangkat Daerah','2025-11-04 20:12:06','2025-11-04 20:12:06'),(147,57,'2.12.01.2.07','Pengadaan Barang Milik Daerah Penunjang Urusan Pemerintah Daerah','2025-11-04 20:12:06','2025-11-04 20:12:06'),(148,57,'2.12.01.2.08','Penyediaan Jasa Penunjang Urusan Pemerintahan Daerah','2025-11-04 20:12:06','2025-11-04 20:12:06'),(149,57,'2.12.01.2.09','Pemeliharaan Barang Milik Daerah Penunjang Urusan Pemerintahan Daerah','2025-11-04 20:12:06','2025-11-04 20:12:06'),(150,58,'2.12.02.2.01','Pelayanan Pendaftaran Penduduk','2025-11-04 20:12:06','2025-11-04 20:12:06'),(151,59,'2.12.03.2.01','Pelayanan Pencatatan Sipil','2025-11-04 20:12:06','2025-11-04 20:12:06'),(152,60,'2.12.04.2.01','Pengumpulan Data Kependudukan dan Pemanfaatan dan Penyajian Database Kependudukan','2025-11-04 20:12:06','2025-11-04 20:12:06'),(153,60,'2.12.04.2.03','Penyelenggaraan Pengelolaan Informasi Administrasi Kependudukan','2025-11-04 20:12:06','2025-11-04 20:12:06'),(154,61,'2.12.05.2.01','Penyusunan Profil Kependudukan','2025-11-04 20:12:06','2025-11-04 20:12:06'),(155,62,'2.14.01.2.01','Perencanaan, Penganggaran, dan Evaluasi Kinerja Perangkat Daerah','2025-11-04 20:12:06','2025-11-04 20:12:06'),(156,62,'2.14.01.2.02','Administrasi Keuangan Perangkat Daerah','2025-11-04 20:12:06','2025-11-04 20:12:06'),(157,62,'2.14.01.2.06','Administrasi Umum Perangkat Daerah','2025-11-04 20:12:06','2025-11-04 20:12:06'),(158,62,'2.14.01.2.07','Pengadaan Barang Milik Daerah Penunjang Urusan Pemerintah Daerah','2025-11-04 20:12:06','2025-11-04 20:12:06'),(159,62,'2.14.01.2.08','Penyediaan Jasa Penunjang Urusan Pemerintahan Daerah','2025-11-04 20:12:06','2025-11-04 20:12:06'),(160,62,'2.14.01.2.09','Pemeliharaan Barang Milik Daerah Penunjang Urusan Pemerintahan Daerah','2025-11-04 20:12:06','2025-11-04 20:12:06'),(161,63,'2.14.02.2.01','Pemaduan dan Sinkronisasi Kebijakan Pemerintah Daerah Provinsi dengan Pemerintah Daerah Kabupaten/Kota dalam rangka Pengendalian Kuantitas Penduduk','2025-11-04 20:12:06','2025-11-04 20:12:06'),(162,63,'2.14.02.2.02','Pemetaan Perkiraan Pengendalian Penduduk Cakupan Daerah Kabupaten/Kota','2025-11-04 20:12:06','2025-11-04 20:12:06'),(163,64,'2.14.03.2.01','Pelaksanaan Advokasi, Komunikasi, Informasi dan Edukasi (KIE) Pengendalian Penduduk dan KB Sesuai Kearifan Budaya Lokal','2025-11-04 20:12:06','2025-11-04 20:12:06'),(164,64,'2.14.03.2.02','Pendayagunaan Tenaga Penyuluh KB/Petugas Lapangan KB (PKB/PLKB)','2025-11-04 20:12:06','2025-11-04 20:12:06'),(165,64,'2.14.03.2.03','Pengendalian dan Pendistribusian Kebutuhan Alat dan Obat Kontrasepsi serta Pelaksanaan Pelayanan KB di Daerah Kabupaten/Kota','2025-11-04 20:12:06','2025-11-04 20:12:06'),(166,64,'2.14.03.2.04','Pemberdayaan dan Peningkatan Peran Serta Organisasi Kemasyarakatan Tingkat Daerah Kabupaten/Kota dalam Pelaksanaan Pelayanan dan Pembinaan Kesertaan Ber-KB','2025-11-04 20:12:06','2025-11-04 20:12:06'),(167,65,'2.14.04.2.01','Pelaksanaan Pembangunan Keluarga Melalui Pembinaan Ketahanan dan Kesejahteraan Keluarga','2025-11-04 20:12:06','2025-11-04 20:12:06'),(168,65,'2.14.04.2.02','Pelaksanaan dan Peningkatan Peran Serta Organisasi Kemasyarakatan Tingkat Daerah Kabupaten/ Kota dalam Pembangunan Keluarga Melalui Pembinaan Ketahanan dan Kesejahteraan Keluarga','2025-11-04 20:12:06','2025-11-04 20:12:06'),(169,66,'2.15.01.2.01','Perencanaan, Penganggaran, dan Evaluasi Kinerja Perangkat Daerah','2025-11-04 20:12:06','2025-11-04 20:12:06'),(170,66,'2.15.01.2.02','Administrasi Keuangan Perangkat Daerah','2025-11-04 20:12:06','2025-11-04 20:12:06'),(171,66,'2.15.01.2.05','Administrasi Kepegawaian Perangkat Daerah','2025-11-04 20:12:06','2025-11-04 20:12:06'),(172,66,'2.15.01.2.06','Administrasi Umum Perangkat Daerah','2025-11-04 20:12:06','2025-11-04 20:12:06'),(173,66,'2.15.01.2.08','Penyediaan Jasa Penunjang Urusan Pemerintahan Daerah','2025-11-04 20:12:06','2025-11-04 20:12:06'),(174,66,'2.15.01.2.09','Pemeliharaan Barang Milik Daerah Penunjang Urusan Pemerintahan Daerah','2025-11-04 20:12:06','2025-11-04 20:12:06'),(175,67,'2.15.02.2.02','Penyediaan Perlengkapan Jalan di Jalan Kabupaten/Kota','2025-11-04 20:12:06','2025-11-04 20:12:06'),(176,67,'2.15.02.2.03','Pengelolaan Terminal Penumpang Tipe C','2025-11-04 20:12:06','2025-11-04 20:12:06'),(177,67,'2.15.02.2.04','Penerbitan Izin Penyelenggaraan dan Pembangunan Fasilitas Parkir','2025-11-04 20:12:06','2025-11-04 20:12:06'),(178,67,'2.15.02.2.05','Pengujian Berkala Kendaraan Bermotor','2025-11-04 20:12:06','2025-11-04 20:12:06'),(179,67,'2.15.02.2.06','Pelaksanaan Manajemen dan Rekayasa Lalu Lintas untuk Jaringan Jalan Kabupaten/Kota','2025-11-04 20:12:06','2025-11-04 20:12:06'),(180,67,'2.15.02.2.07','Persetujuan Hasil Analisis Dampak Lalu Lintas (Andalalin) untuk Jalan Kabupaten/Kota','2025-11-04 20:12:06','2025-11-04 20:12:06'),(181,67,'2.15.02.2.08','Audit dan Inspeksi Keselamatan LLAJ di Jalan','2025-11-04 20:12:06','2025-11-04 20:12:06'),(182,67,'2.15.02.2.09','Penyediaan Angkutan Umum untuk Jasa Angkutan Orang dan/atau Barang Antar Kota dalam 1 (Satu) Daerah Kabupaten/Kota','2025-11-04 20:12:06','2025-11-04 20:12:06'),(183,67,'2.15.02.2.11','Penetapan Rencana Umum Jaringan Trayek Perkotaan dalam 1 (Satu) Daerah Kabupaten/Kota','2025-11-04 20:12:06','2025-11-04 20:12:06'),(184,68,'2.16.01.2.01','Perencanaan, Penganggaran, dan Evaluasi Kinerja Perangkat Daerah','2025-11-04 20:12:06','2025-11-04 20:12:06'),(185,68,'2.16.01.2.02','Administrasi Keuangan Perangkat Daerah','2025-11-04 20:12:06','2025-11-04 20:12:06'),(186,68,'2.16.01.2.06','Administrasi Umum Perangkat Daerah','2025-11-04 20:12:06','2025-11-04 20:12:06'),(187,68,'2.16.01.2.08','Penyediaan Jasa Penunjang Urusan Pemerintahan Daerah','2025-11-04 20:12:06','2025-11-04 20:12:06'),(188,68,'2.16.01.2.09','Pemeliharaan Barang Milik Daerah Penunjang Urusan Pemerintahan Daerah','2025-11-04 20:12:06','2025-11-04 20:12:06'),(189,69,'2.16.02.2.01','Pengelolaan Informasi dan Komunikasi Publik Pemerintah Daerah Kabupaten/Kota','2025-11-04 20:12:06','2025-11-04 20:12:06'),(190,70,'2.16.03.2.02','Pengelolaan E-government di Lingkup Pemerintah Daerah Kabupaten/Kota','2025-11-04 20:12:06','2025-11-04 20:12:06'),(191,71,'2.17.01.2.01','Perencanaan, Penganggaran, dan Evaluasi Kinerja Perangkat Daerah','2025-11-04 20:12:06','2025-11-04 20:12:06'),(192,71,'2.17.01.2.02','Administrasi Keuangan Perangkat Daerah','2025-11-04 20:12:06','2025-11-04 20:12:06'),(193,71,'2.17.01.2.05','Administrasi Kepegawaian Perangkat Daerah','2025-11-04 20:12:06','2025-11-04 20:12:06'),(194,71,'2.17.01.2.06','Administrasi Umum Perangkat Daerah','2025-11-04 20:12:06','2025-11-04 20:12:06'),(195,71,'2.17.01.2.07','Pengadaan Barang Milik Daerah Penunjang Urusan Pemerintah Daerah','2025-11-04 20:12:06','2025-11-04 20:12:06'),(196,71,'2.17.01.2.08','Penyediaan Jasa Penunjang Urusan Pemerintahan Daerah','2025-11-04 20:12:06','2025-11-04 20:12:06'),(197,71,'2.17.01.2.09','Pemeliharaan Barang Milik Daerah Penunjang Urusan Pemerintahan Daerah','2025-11-04 20:12:06','2025-11-04 20:12:06'),(198,72,'2.17.03.2.01','Pemeriksaan dan Pengawasan Koperasi, Koperasi Simpan Pinjam/Unit Simpan Pinjam Koperasi yang Wilayah Keanggotaannya dalam Daerah Kabupaten/ Kota','2025-11-04 20:12:06','2025-11-04 20:12:06'),(199,73,'2.17.04.2.01','Penilaian Kesehatan Koperasi Simpan Pinjam/Unit Simpan Pinjam Koperasi yang Wilayah Keanggotaanya dalam 1 (Satu) Daerah Kabupaten/Kota','2025-11-04 20:12:06','2025-11-04 20:12:06'),(200,74,'2.17.05.2.01','Pendidikan dan Latihan Perkoperasian Bagi Koperasi yang Wilayah Keanggotaan dalam Daerah Kabupaten/Kota','2025-11-04 20:12:06','2025-11-04 20:12:06'),(201,75,'2.17.07.2.01','Pemberdayaan Usaha Mikro yang Dilakukan Melalui Pendataan, Kemitraan, Kemudahan Perizinan, Penguatan Kelembagaan dan Koordinasi dengan Para Pemangku Kepentingan','2025-11-04 20:12:06','2025-11-04 20:12:06'),(202,76,'2.17.08.2.01','Pengembangan Usaha Mikro dengan Orientasi Peningkatan Skala Usaha Menjadi Usaha Kecil','2025-11-04 20:12:06','2025-11-04 20:12:06'),(203,77,'2.18.01.2.01','Perencanaan, Penganggaran, dan Evaluasi Kinerja Perangkat Daerah','2025-11-04 20:12:06','2025-11-04 20:12:06'),(204,77,'2.18.01.2.02','Administrasi Keuangan Perangkat Daerah','2025-11-04 20:12:06','2025-11-04 20:12:06'),(205,77,'2.18.01.2.05','Administrasi Kepegawaian Perangkat Daerah','2025-11-04 20:12:06','2025-11-04 20:12:06'),(206,77,'2.18.01.2.06','Administrasi Umum Perangkat Daerah','2025-11-04 20:12:06','2025-11-04 20:12:06'),(207,77,'2.18.01.2.07','Pengadaan Barang Milik Daerah Penunjang Urusan Pemerintah Daerah','2025-11-04 20:12:06','2025-11-04 20:12:06'),(208,77,'2.18.01.2.08','Penyediaan Jasa Penunjang Urusan Pemerintahan Daerah','2025-11-04 20:12:06','2025-11-04 20:12:06'),(209,77,'2.18.01.2.09','Pemeliharaan Barang Milik Daerah Penunjang Urusan Pemerintahan Daerah','2025-11-04 20:12:06','2025-11-04 20:12:06'),(210,78,'2.18.02.2.01','Penetapan Pemberian Fasilitas/Insentif Dibidang Penanaman Modal yang Menjadi Kewenangan Daerah Kabupaten/Kota','2025-11-04 20:12:06','2025-11-04 20:12:06'),(211,78,'2.18.02.2.02','Pembuatan Peta Potensi Investasi Kabupaten/Kota','2025-11-04 20:12:06','2025-11-04 20:12:06'),(212,79,'2.18.03.2.01','Penyelenggaraan Promosi Penanaman Modal yang Menjadi Kewenangan Daerah Kabupaten/Kota','2025-11-04 20:12:06','2025-11-04 20:12:06'),(213,80,'2.18.04.2.01','Pelayanan Perizinan dan Non Perizinan Secara Terpadu Satu Pintu dibidang Penanaman Modal yang Menjadi Kewenangan Daerah Kabupaten/ Kota','2025-11-04 20:12:06','2025-11-04 20:12:06'),(214,81,'2.18.05.2.01','Pengendalian Pelaksanaan Penanaman Modal yang Menjadi Kewenangan Daerah Kabupaten/Kota','2025-11-04 20:12:06','2025-11-04 20:12:06'),(215,82,'2.18.06.2.01','Pengelolaan Data dan Informasi Perizinan dan Non Perizinan yang Terintegrasi pada Tingkat Daerah Kabupaten/Kota','2025-11-04 20:12:06','2025-11-04 20:12:06'),(216,83,'2.19.01.2.01','Perencanaan, Penganggaran, dan Evaluasi Kinerja Perangkat Daerah','2025-11-04 20:12:06','2025-11-04 20:12:06'),(217,83,'2.19.01.2.02','Administrasi Keuangan Perangkat Daerah','2025-11-04 20:12:06','2025-11-04 20:12:06'),(218,83,'2.19.01.2.06','Administrasi Umum Perangkat Daerah','2025-11-04 20:12:06','2025-11-04 20:12:06'),(219,83,'2.19.01.2.07','Pengadaan Barang Milik Daerah Penunjang Urusan Pemerintah Daerah','2025-11-04 20:12:06','2025-11-04 20:12:06'),(220,83,'2.19.01.2.08','Penyediaan Jasa Penunjang Urusan Pemerintahan Daerah','2025-11-04 20:12:06','2025-11-04 20:12:06'),(221,83,'2.19.01.2.09','Pemeliharaan Barang Milik Daerah Penunjang Urusan Pemerintahan Daerah','2025-11-04 20:12:06','2025-11-04 20:12:06'),(222,84,'2.19.02.2.01','Penyadaran, Pemberdayaan, dan Pengembangan Pemuda dan Kepemudaan Terhadap Pemuda Pelopor Kabupaten/Kota, Wirausaha Muda Pemula, dan Pemuda Kader Kabupaten/Kota','2025-11-04 20:12:06','2025-11-04 20:12:06'),(223,85,'2.19.03.2.01','Pembinaan dan Pengembangan Olahraga Pendidikan pada Jenjang Pendidikan yang Menjadi Kewenangan Daerah Kabupaten/Kota','2025-11-04 20:12:06','2025-11-04 20:12:06'),(224,85,'2.19.03.2.02','Penyelenggaraan Kejuaraan Olahraga Tingkat Daerah Kabupaten/Kota','2025-11-04 20:12:06','2025-11-04 20:12:06'),(225,85,'2.19.03.2.04','Pembinaan dan Pengembangan Organisasi Olahraga','2025-11-04 20:12:06','2025-11-04 20:12:06'),(226,85,'2.19.03.2.05','Pembinaan dan Pengembangan Olahraga Rekreasi','2025-11-04 20:12:06','2025-11-04 20:12:06'),(227,86,'2.19.04.2.01','Pembinaan dan Pengembangan Organisasi Kepramukaan','2025-11-04 20:12:06','2025-11-04 20:12:06'),(228,87,'2.20.02.2.01','Penyelenggaraan Statistik Sektoral di Lingkup Daerah Kabupaten/Kota','2025-11-04 20:12:06','2025-11-04 20:12:06'),(229,88,'2.21.02.2.01','Penyelenggaraan Persandian untuk Pengamanan Informasi Pemerintah Daerah Kabupaten/Kota','2025-11-04 20:12:06','2025-11-04 20:12:06'),(230,89,'2.22.02.2.02','Pelestarian Kesenian Tradisional yang Masyarakat Pelakunya dalam Daerah Kabupaten/Kota','2025-11-04 20:12:06','2025-11-04 20:12:06'),(231,90,'2.22.03.2.01','Pembinaan Kesenian yang Masyarakat Pelakunya dalam Daerah Kabupaten/Kota','2025-11-04 20:12:06','2025-11-04 20:12:06'),(232,91,'2.22.05.2.01','Penetapan Cagar Budaya Peringkat Kabupaten/Kota','2025-11-04 20:12:06','2025-11-04 20:12:06'),(233,91,'2.22.05.2.02','Pengelolaan Cagar Budaya Peringkat Kabupaten/Kota','2025-11-04 20:12:06','2025-11-04 20:12:06'),(234,92,'2.23.01.2.01','Perencanaan, Penganggaran, dan Evaluasi Kinerja Perangkat Daerah','2025-11-04 20:12:06','2025-11-04 20:12:06'),(235,93,'2.23.02.2.01','Pengelolaan Perpustakaan Tingkat Daerah Kabupaten/Kota','2025-11-04 20:12:06','2025-11-04 20:12:06'),(236,93,'2.23.02.2.02','Pembudayaan Gemar Membaca Tingkat Daerah Kabupaten/Kota','2025-11-04 20:12:06','2025-11-04 20:12:06'),(237,94,'2.23.03.2.01','Pelestarian Naskah Kuno Milik Daerah Kabupaten/Kota','2025-11-04 20:12:06','2025-11-04 20:12:06'),(238,95,'2.24.01.2.01','Perencanaan, Penganggaran, dan Evaluasi Kinerja Perangkat Daerah','2025-11-04 20:12:06','2025-11-04 20:12:06'),(239,95,'2.24.01.2.02','Administrasi Keuangan Perangkat Daerah','2025-11-04 20:12:06','2025-11-04 20:12:06'),(240,95,'2.24.01.2.06','Administrasi Umum Perangkat Daerah','2025-11-04 20:12:06','2025-11-04 20:12:06'),(241,95,'2.24.01.2.08','Penyediaan Jasa Penunjang Urusan Pemerintahan Daerah','2025-11-04 20:12:06','2025-11-04 20:12:06'),(242,95,'2.24.01.2.09','Pemeliharaan Barang Milik Daerah Penunjang Urusan Pemerintahan Daerah','2025-11-04 20:12:06','2025-11-04 20:12:06'),(243,96,'2.24.02.2.01','Pengelolaan Arsip Dinamis Daerah Kabupaten/Kota','2025-11-04 20:12:06','2025-11-04 20:12:06'),(244,96,'2.24.02.2.02','Pengelolaan Arsip Statis Daerah Kabupaten/Kota','2025-11-04 20:12:06','2025-11-04 20:12:06'),(245,96,'2.24.02.2.03','Pengelolaan Simpul Jaringan Informasi Kearsipan Nasional Tingkat Kabupaten/Kota','2025-11-04 20:12:06','2025-11-04 20:12:06'),(246,97,'2.24.03.2.01','Pemusnahan Arsip Dilingkungan Pemerintah Daerah Kabupaten/Kota yang Memiliki Retensi di Bawah 10 (Sepuluh) Tahun','2025-11-04 20:12:06','2025-11-04 20:12:06'),(247,97,'2.24.03.2.03','Penyelamatan Arsip Perangkat Daerah Kabupaten/Kota yang Digabung dan/atau Dibubarkan, dan Pemekaran Daerah Kecamatan dan Desa/Kelurahan','2025-11-04 20:12:06','2025-11-04 20:12:06'),(248,97,'2.24.03.2.05','Pencarian Arsip Statis Kabupaten/Kota yang Dinyatakan Hilang','2025-11-04 20:12:06','2025-11-04 20:12:06'),(249,98,'2.24.04.2.01','Pelayanan Izin Penggunaan Arsip yang Bersifat Tertutup di Kabupaten/Kota','2025-11-04 20:12:06','2025-11-04 20:12:06'),(250,99,'3.25.03.2.01','Pengelolaan Penangkapan Ikan di Wilayah Sungai, Danau, Waduk, Rawa, dan Genangan Air Lainnya yang Dapat Diusahakan dalam 1 (Satu) Daerah Kabupaten/ Kota','2025-11-04 20:12:06','2025-11-04 20:12:06'),(251,100,'3.25.04.2.04','Pengelolaan Pembudidayaan Ikan','2025-11-04 20:12:06','2025-11-04 20:12:06'),(252,101,'3.25.06.2.03','Penyediaan dan Penyaluran Bahan Baku Industri Pengolahan Ikan dalam 1 (Satu) Daerah Kabupaten/ Kota','2025-11-04 20:12:06','2025-11-04 20:12:06'),(253,102,'3.26.01.2.01','Perencanaan, Penganggaran, dan Evaluasi Kinerja Perangkat Daerah','2025-11-04 20:12:06','2025-11-04 20:12:06'),(254,102,'3.26.01.2.02','Administrasi Keuangan Perangkat Daerah','2025-11-04 20:12:06','2025-11-04 20:12:06'),(255,102,'3.26.01.2.06','Administrasi Umum Perangkat Daerah','2025-11-04 20:12:06','2025-11-04 20:12:06'),(256,102,'3.26.01.2.07','Pengadaan Barang Milik Daerah Penunjang Urusan Pemerintah Daerah','2025-11-04 20:12:06','2025-11-04 20:12:06'),(257,102,'3.26.01.2.08','Penyediaan Jasa Penunjang Urusan Pemerintahan Daerah','2025-11-04 20:12:06','2025-11-04 20:12:06'),(258,102,'3.26.01.2.09','Pemeliharaan Barang Milik Daerah Penunjang Urusan Pemerintahan Daerah','2025-11-04 20:12:06','2025-11-04 20:12:06'),(259,103,'3.26.02.2.02','Pengelolaan Kawasan Strategis Pariwisata Kabupaten/Kota','2025-11-04 20:12:06','2025-11-04 20:12:06'),(260,103,'3.26.02.2.03','Pengelolaan Destinasi Pariwisata Kabupaten/Kota','2025-11-04 20:12:07','2025-11-04 20:12:07'),(261,103,'3.26.02.2.04','Penetapan Tanda Daftar Usaha Pariwisata Daerah Kabupaten/Kota','2025-11-04 20:12:07','2025-11-04 20:12:07'),(262,104,'3.26.03.2.01','Pemasaran Pariwisata Dalam dan Luar Negeri Daya Tarik, Destinasi dan Kawasan Strategis Pariwisata Kabupaten/Kota','2025-11-04 20:12:07','2025-11-04 20:12:07'),(263,105,'3.26.05.2.01','Pelaksanaan Peningkatan Kapasitas Sumber Daya Manusia Pariwisata dan Ekonomi Kreatif Tingkat Dasar','2025-11-04 20:12:07','2025-11-04 20:12:07'),(264,105,'3.26.05.2.02','Pengembangan Kapasitas Pelaku Ekonomi Kreatif','2025-11-04 20:12:07','2025-11-04 20:12:07'),(265,106,'3.27.01.2.01','Perencanaan, Penganggaran, dan Evaluasi Kinerja Perangkat Daerah','2025-11-04 20:12:07','2025-11-04 20:12:07'),(266,106,'3.27.01.2.07','Pengadaan Barang Milik Daerah Penunjang Urusan Pemerintah Daerah','2025-11-04 20:12:07','2025-11-04 20:12:07'),(267,106,'3.27.01.2.08','Penyediaan Jasa Penunjang Urusan Pemerintahan Daerah','2025-11-04 20:12:07','2025-11-04 20:12:07'),(268,106,'3.27.01.2.09','Pemeliharaan Barang Milik Daerah Penunjang Urusan Pemerintahan Daerah','2025-11-04 20:12:07','2025-11-04 20:12:07'),(269,107,'3.27.02.2.02','Pengelolaan Sumber Daya Genetik (SDG) Hewan, Tumbuhan, dan Mikro Organisme Kewenangan Kabupaten/Kota','2025-11-04 20:12:07','2025-11-04 20:12:07'),(270,107,'3.27.02.2.06','Penyediaan Benih/Bibit Ternak dan Hijauan Pakan Ternak yang Sumbernya dalam 1 (Satu) Daerah Kabupaten/Kota Lain','2025-11-04 20:12:07','2025-11-04 20:12:07'),(271,108,'3.27.03.2.01','Pengembangan Prasarana Pertanian','2025-11-04 20:12:07','2025-11-04 20:12:07'),(272,109,'3.27.04.2.01','Penjaminan Kesehatan Hewan, Penutupan dan Pembukaan Daerah Wabah Penyakit Hewan Menular Dalam daerah Kabupaten/Kota','2025-11-04 20:12:07','2025-11-04 20:12:07'),(273,109,'3.27.04.2.04','Penerapan dan Pengawasan Persyaratan Teknis Kesehatan Masyarakat Veteriner','2025-11-04 20:12:07','2025-11-04 20:12:07'),(274,110,'3.27.06.2.01','Penerbitan Izin Usaha Pertanian yang Kegiatan Usahanya dalam Daerah Kabupaten/Kota','2025-11-04 20:12:07','2025-11-04 20:12:07'),(275,111,'3.27.07.2.01','Pelaksanaan Penyuluhan Pertanian','2025-11-04 20:12:07','2025-11-04 20:12:07'),(276,112,'3.30.01.2.01','Perencanaan, Penganggaran, dan Evaluasi Kinerja Perangkat Daerah','2025-11-04 20:12:07','2025-11-04 20:12:07'),(277,112,'3.30.01.2.02','Administrasi Keuangan Perangkat Daerah','2025-11-04 20:12:07','2025-11-04 20:12:07'),(278,112,'3.30.01.2.06','Administrasi Umum Perangkat Daerah','2025-11-04 20:12:07','2025-11-04 20:12:07'),(279,112,'3.30.01.2.07','Pengadaan Barang Milik Daerah Penunjang Urusan Pemerintah Daerah','2025-11-04 20:12:07','2025-11-04 20:12:07'),(280,112,'3.30.01.2.08','Penyediaan Jasa Penunjang Urusan Pemerintahan Daerah','2025-11-04 20:12:07','2025-11-04 20:12:07'),(281,112,'3.30.01.2.09','Pemeliharaan Barang Milik Daerah Penunjang Urusan Pemerintahan Daerah','2025-11-04 20:12:07','2025-11-04 20:12:07'),(282,113,'3.30.02.2.02','Penerbitan Tanda Daftar Gudang','2025-11-04 20:12:07','2025-11-04 20:12:07'),(283,113,'3.30.02.2.05','Penerbitan Surat Izin Usaha Perdagangan Minuman Beralkohol Golongan B dan C untuk Pengecer dan Penjual Langsung Minum di Tempat','2025-11-04 20:12:07','2025-11-04 20:12:07'),(284,114,'3.30.03.2.01','Pembangunan dan Pengelolaan Sarana Distribusi Perdagangan','2025-11-04 20:12:07','2025-11-04 20:12:07'),(285,114,'3.30.03.2.02','Pembinaan Terhadap Pengelola Sarana Distribusi Perdagangan Masyarakat di Wilayah Kerjanya','2025-11-04 20:12:07','2025-11-04 20:12:07'),(286,115,'3.30.04.2.01','Menjamin Ketersediaan Barang Kebutuhan Pokok dan Barang Penting di Tingkat Daerah Kabupaten/ Kota','2025-11-04 20:12:07','2025-11-04 20:12:07'),(287,115,'3.30.04.2.02','Pengendalian Harga, dan Stok Barang Kebutuhan Pokok dan Barang Penting di Tingkat Pasar Kabupaten/Kota','2025-11-04 20:12:07','2025-11-04 20:12:07'),(288,116,'3.30.06.2.01','Pelaksanaan Metrologi Legal, Berupa Tera, Tera Ulang, dan Pengawasan','2025-11-04 20:12:07','2025-11-04 20:12:07'),(289,117,'3.31.02.2.01','Penyusunan dan Evaluasi Rencana Pembangunan Industri Kabupaten/Kota','2025-11-04 20:12:07','2025-11-04 20:12:07'),(290,118,'3.31.03.2.01','Penerbitan Izin Usaha Industri (IUI), Izin Perluasan Usaha Industri (IPUI), Izin Usaha Kawasan Industri (IUKI) dan Izin Perluasan Kawasan Industri (IPKI) Kewenangan Kabupaten/Kota','2025-11-04 20:12:07','2025-11-04 20:12:07'),(291,119,'3.31.04.2.01','Penyediaan Informasi Industri untuk Informasi Industri untuk IUI, IPUI, IUKI dan IPKI Kewenangan Kabupaten/Kota','2025-11-04 20:12:07','2025-11-04 20:12:07'),(292,120,'4.01.01.2.01','Perencanaan, Penganggaran, dan Evaluasi Kinerja Perangkat Daerah','2025-11-04 20:12:07','2025-11-04 20:12:07'),(293,120,'4.01.01.2.02','Administrasi Keuangan Perangkat Daerah','2025-11-04 20:12:07','2025-11-04 20:12:07'),(294,120,'4.01.01.2.03','Administrasi Barang Milik Daerah pada Perangkat Daerah','2025-11-04 20:12:07','2025-11-04 20:12:07'),(295,120,'4.01.01.2.05','Administrasi Kepegawaian Perangkat Daerah','2025-11-04 20:12:07','2025-11-04 20:12:07'),(296,120,'4.01.01.2.06','Administrasi Umum Perangkat Daerah','2025-11-04 20:12:07','2025-11-04 20:12:07'),(297,120,'4.01.01.2.07','Pengadaan Barang Milik Daerah Penunjang Urusan Pemerintah Daerah','2025-11-04 20:12:07','2025-11-04 20:12:07'),(298,120,'4.01.01.2.08','Penyediaan Jasa Penunjang Urusan Pemerintahan Daerah','2025-11-04 20:12:07','2025-11-04 20:12:07'),(299,120,'4.01.01.2.09','Pemeliharaan Barang Milik Daerah Penunjang Urusan Pemerintahan Daerah','2025-11-04 20:12:07','2025-11-04 20:12:07'),(300,120,'4.01.01.2.11','Administrasi Keuangan dan Operasional Kepala Daerah dan Wakil Kepala Daerah','2025-11-04 20:12:07','2025-11-04 20:12:07'),(301,120,'4.01.01.2.12','Fasilitasi Kerumahtanggaan Sekretariat Daerah','2025-11-04 20:12:07','2025-11-04 20:12:07'),(302,120,'4.01.01.2.13','Penataan Organisasi','2025-11-04 20:12:07','2025-11-04 20:12:07'),(303,120,'4.01.01.2.14','Pelaksanaan Protokol dan Komunikasi Pimpinan','2025-11-04 20:12:07','2025-11-04 20:12:07'),(304,121,'4.01.02.2.01','Administrasi Tata Pemerintahan','2025-11-04 20:12:07','2025-11-04 20:12:07'),(305,121,'4.01.02.2.02','Pelaksanaan Kebijakan Kesejahteraan Rakyat','2025-11-04 20:12:07','2025-11-04 20:12:07'),(306,121,'4.01.02.2.03','Fasilitasi dan Koordinasi Hukum','2025-11-04 20:12:07','2025-11-04 20:12:07'),(307,122,'4.01.03.2.01','Pelaksanaan Kebijakan Perekonomian','2025-11-04 20:12:07','2025-11-04 20:12:07'),(308,122,'4.01.03.2.02','Pelaksanaan Administrasi Pembangunan','2025-11-04 20:12:07','2025-11-04 20:12:07'),(309,122,'4.01.03.2.03','Pengelolaan Pengadaan Barang dan Jasa','2025-11-04 20:12:07','2025-11-04 20:12:07'),(310,122,'4.01.03.2.04','Pemantauan Kebijakan Sumber Daya Alam','2025-11-04 20:12:07','2025-11-04 20:12:07'),(311,123,'4.02.01.2.01','Perencanaan, Penganggaran, dan Evaluasi Kinerja Perangkat Daerah','2025-11-04 20:12:07','2025-11-04 20:12:07'),(312,123,'4.02.01.2.02','Administrasi Keuangan Perangkat Daerah','2025-11-04 20:12:07','2025-11-04 20:12:07'),(313,123,'4.02.01.2.05','Administrasi Kepegawaian Perangkat Daerah','2025-11-04 20:12:07','2025-11-04 20:12:07'),(314,123,'4.02.01.2.06','Administrasi Umum Perangkat Daerah','2025-11-04 20:12:07','2025-11-04 20:12:07'),(315,123,'4.02.01.2.07','Pengadaan Barang Milik Daerah Penunjang Urusan Pemerintah Daerah','2025-11-04 20:12:07','2025-11-04 20:12:07'),(316,123,'4.02.01.2.08','Penyediaan Jasa Penunjang Urusan Pemerintahan Daerah','2025-11-04 20:12:07','2025-11-04 20:12:07'),(317,123,'4.02.01.2.09','Pemeliharaan Barang Milik Daerah Penunjang Urusan Pemerintahan Daerah','2025-11-04 20:12:07','2025-11-04 20:12:07'),(318,123,'4.02.01.2.15','Layanan Keuangan dan Kesejahteraan DPRD','2025-11-04 20:12:07','2025-11-04 20:12:07'),(319,124,'4.02.02.2.01','Pembentukan Peraturan Daerah dan Peraturan DPRD','2025-11-04 20:12:07','2025-11-04 20:12:07'),(320,124,'4.02.02.2.02','Pembahasan Kebijakan Anggaran','2025-11-04 20:12:07','2025-11-04 20:12:07'),(321,124,'4.02.02.2.03','Pengawasan Penyelenggaraan Pemerintahan','2025-11-04 20:12:07','2025-11-04 20:12:07'),(322,124,'4.02.02.2.04','Peningkatan Kapasitas DPRD','2025-11-04 20:12:07','2025-11-04 20:12:07'),(323,124,'4.02.02.2.05','Penyerapan dan Penghimpunan Aspirasi Masyarakat','2025-11-04 20:12:07','2025-11-04 20:12:07'),(324,124,'4.02.02.2.08','Fasilitasi Tugas DPRD','2025-11-04 20:12:07','2025-11-04 20:12:07'),(325,125,'5.01.01.2.01','Perencanaan, Penganggaran, dan Evaluasi Kinerja Perangkat Daerah','2025-11-04 20:12:07','2025-11-04 20:12:07'),(326,125,'5.01.01.2.02','Administrasi Keuangan Perangkat Daerah','2025-11-04 20:12:07','2025-11-04 20:12:07'),(327,125,'5.01.01.2.06','Administrasi Umum Perangkat Daerah','2025-11-04 20:12:07','2025-11-04 20:12:07'),(328,125,'5.01.01.2.07','Pengadaan Barang Milik Daerah Penunjang Urusan Pemerintah Daerah','2025-11-04 20:12:07','2025-11-04 20:12:07'),(329,125,'5.01.01.2.08','Penyediaan Jasa Penunjang Urusan Pemerintahan Daerah','2025-11-04 20:12:07','2025-11-04 20:12:07'),(330,125,'5.01.01.2.09','Pemeliharaan Barang Milik Daerah Penunjang Urusan Pemerintahan Daerah','2025-11-04 20:12:07','2025-11-04 20:12:07'),(331,126,'5.01.02.2.01','Penyusunan Perencanaan dan Pendanaan','2025-11-04 20:12:07','2025-11-04 20:12:07'),(332,126,'5.01.02.2.02','Analisis Data dan Informasi Pemerintahan Daerah Bidang Perencanaan Pembangunan Daerah','2025-11-04 20:12:07','2025-11-04 20:12:07'),(333,126,'5.01.02.2.03','Pengendalian, Evaluasi dan Pelaporan Bidang Perencanaan Pembangunan Daerah','2025-11-04 20:12:07','2025-11-04 20:12:07'),(334,127,'5.02.01.2.01','Perencanaan, Penganggaran, dan Evaluasi Kinerja Perangkat Daerah','2025-11-04 20:12:07','2025-11-04 20:12:07'),(335,127,'5.02.01.2.02','Administrasi Keuangan Perangkat Daerah','2025-11-04 20:12:07','2025-11-04 20:12:07'),(336,127,'5.02.01.2.05','Administrasi Kepegawaian Perangkat Daerah','2025-11-04 20:12:07','2025-11-04 20:12:07'),(337,127,'5.02.01.2.06','Administrasi Umum Perangkat Daerah','2025-11-04 20:12:07','2025-11-04 20:12:07'),(338,127,'5.02.01.2.08','Penyediaan Jasa Penunjang Urusan Pemerintahan Daerah','2025-11-04 20:12:07','2025-11-04 20:12:07'),(339,127,'5.02.01.2.09','Pemeliharaan Barang Milik Daerah Penunjang Urusan Pemerintahan Daerah','2025-11-04 20:12:07','2025-11-04 20:12:07'),(340,128,'5.02.02.2.01','Koordinasi dan Penyusunan Rencana Anggaran Daerah','2025-11-04 20:12:07','2025-11-04 20:12:07'),(341,128,'5.02.02.2.02','Koordinasi dan Pengelolaan Perbendaharaan Daerah','2025-11-04 20:12:07','2025-11-04 20:12:07'),(342,128,'5.02.02.2.03','Koordinasi dan Pelaksanaan Akuntansi dan Pelaporan Keuangan Daerah','2025-11-04 20:12:07','2025-11-04 20:12:07'),(343,128,'5.02.02.2.04','Penunjang Urusan Kewenangan Pengelolaan Keuangan Daerah','2025-11-04 20:12:07','2025-11-04 20:12:07'),(344,129,'5.02.03.2.01','Pengelolaan Barang Milik Daerah','2025-11-04 20:12:07','2025-11-04 20:12:07'),(345,130,'5.02.04.2.01','Kegiatan Pengelolaan Pendapatan Daerah','2025-11-04 20:12:07','2025-11-04 20:12:07');

#
# Structure for table "sub_kegiatan"
#

CREATE TABLE `sub_kegiatan` (
  `id` bigint(20) unsigned NOT NULL AUTO_INCREMENT,
  `id_kegiatan` bigint(20) unsigned NOT NULL,
  `kode` varchar(50) NOT NULL,
  `nama` longtext NOT NULL,
  `id_pptk` bigint(20) unsigned DEFAULT NULL,
  `created_at` timestamp NULL DEFAULT NULL,
  `updated_at` timestamp NULL DEFAULT NULL,
  PRIMARY KEY (`id`),
  KEY `sub_kegiatan_id_kegiatan_foreign` (`id_kegiatan`),
  CONSTRAINT `sub_kegiatan_id_kegiatan_foreign` FOREIGN KEY (`id_kegiatan`) REFERENCES `kegiatan` (`id`) ON DELETE CASCADE
) ENGINE=InnoDB AUTO_INCREMENT=1245 DEFAULT CHARSET=utf8mb4 COLLATE=utf8mb4_unicode_ci;

#
# Data for table "sub_kegiatan"
#

INSERT INTO `sub_kegiatan` VALUES (231,1,'1.01.01.2.01.0001','Penyusunan Dokumen Perencanaan Perangkat Daerah',NULL,'2025-11-04 20:23:32','2025-11-04 20:23:32'),(232,1,'1.01.01.2.01.0002','Koordinasi dan Penyusunan Dokumen RKA-SKPD',NULL,'2025-11-04 20:23:32','2025-11-04 20:23:32'),(233,1,'1.01.01.2.01.0003','Koordinasi dan Penyusunan Dokumen Perubahan RKA-SKPD',NULL,'2025-11-04 20:23:32','2025-11-04 20:23:32'),(234,1,'1.01.01.2.01.0006','Koordinasi dan Penyusunan Laporan Capaian Kinerja dan Ikhtisar Realisasi Kinerja SKPD',NULL,'2025-11-04 20:23:32','2025-11-04 20:23:32'),(235,2,'1.01.01.2.02.0001','Penyediaan Gaji dan Tunjangan ASN',NULL,'2025-11-04 20:23:32','2025-11-04 20:23:32'),(236,2,'1.01.01.2.02.0007','Koordinasi dan Penyusunan Laporan Keuangan Bulanan/ Triwulanan/ Semesteran SKPD',NULL,'2025-11-04 20:23:32','2025-11-04 20:23:32'),(237,3,'1.01.01.2.03.0006','Penatausahaan Barang Milik Daerah pada SKPD',NULL,'2025-11-04 20:23:32','2025-11-04 20:23:32'),(238,4,'1.01.01.2.05.0005','Monitoring, Evaluasi, dan Penilaian Kinerja Pegawai',NULL,'2025-11-04 20:23:32','2025-11-04 20:23:32'),(239,5,'1.01.01.2.06.0001','Penyediaan Komponen Instalasi\n\nListrik/Penerangan Bangunan Kantor',NULL,'2025-11-04 20:23:32','2025-11-04 20:23:32'),(240,5,'1.01.01.2.06.0002','Penyediaan Peralatan dan Perlengkapan Kantor',NULL,'2025-11-04 20:23:32','2025-11-04 20:23:32'),(241,5,'1.01.01.2.06.0004','Penyediaan Bahan Logistik Kantor',NULL,'2025-11-04 20:23:32','2025-11-04 20:23:32'),(242,5,'1.01.01.2.06.0005','Penyediaan Barang Cetakan dan Penggandaan',NULL,'2025-11-04 20:23:32','2025-11-04 20:23:32'),(243,5,'1.01.01.2.06.0006','Penyediaan Bahan Bacaan dan Peraturan Perundang-undangan',NULL,'2025-11-04 20:23:32','2025-11-04 20:23:32'),(244,5,'1.01.01.2.06.0008','Fasilitasi Kunjungan Tamu',NULL,'2025-11-04 20:23:32','2025-11-04 20:23:32'),(245,5,'1.01.01.2.06.0009','Penyelenggaraan Rapat Koordinasi dan Konsultasi SKPD',NULL,'2025-11-04 20:23:32','2025-11-04 20:23:32'),(246,6,'1.01.01.2.07.0005','Pengadaan Mebel',NULL,'2025-11-04 20:23:32','2025-11-04 20:23:32'),(247,6,'1.01.01.2.07.0011','Pengadaan Sarana dan Prasarana Pendukung Gedung Kantor atau Bangunan Lainnya',NULL,'2025-11-04 20:23:32','2025-11-04 20:23:32'),(248,7,'1.01.01.2.08.0002','Penyediaan Jasa Komunikasi, Sumber Daya Air dan Listrik',NULL,'2025-11-04 20:23:32','2025-11-04 20:23:32'),(249,7,'1.01.01.2.08.0003','Penyediaan Jasa Peralatan dan Perlengkapan Kantor',NULL,'2025-11-04 20:23:32','2025-11-04 20:23:32'),(250,7,'1.01.01.2.08.0004','Penyediaan Jasa Pelayanan Umum Kantor',NULL,'2025-11-04 20:23:32','2025-11-04 20:23:32'),(251,8,'1.01.01.2.09.0001','Penyediaan Jasa Pemeliharaan, Biaya Pemeliharaan, dan Pajak Kendaraan Perorangan Dinas atau Kendaraan Dinas Jabatan',NULL,'2025-11-04 20:23:32','2025-11-04 20:23:32'),(252,8,'1.01.01.2.09.0002','Penyediaan Jasa Pemeliharaan, Biaya Pemeliharaan, Pajak dan Perizinan Kendaraan Dinas Operasional atau Lapangan',NULL,'2025-11-04 20:23:32','2025-11-04 20:23:32'),(253,8,'1.01.01.2.09.0006','Pemeliharaan Peralatan dan Mesin Lainnya',NULL,'2025-11-04 20:23:32','2025-11-04 20:23:32'),(254,8,'1.01.01.2.09.0009','Pemeliharaan/Rehabilitasi Gedung Kantor dan Bangunan Lainnya',NULL,'2025-11-04 20:23:32','2025-11-04 20:23:32'),(255,9,'1.01.02.2.01.0001','Pembangunan Unit Sekolah Baru (USB)',NULL,'2025-11-04 20:23:32','2025-11-04 20:23:32'),(256,9,'1.01.02.2.01.0003','Pembangunan Ruang Guru/Kepala Sekolah/TU',NULL,'2025-11-04 20:23:32','2025-11-04 20:23:32'),(257,9,'1.01.02.2.01.0004','Pembangunan Ruang Unit Kesehatan Sekolah',NULL,'2025-11-04 20:23:32','2025-11-04 20:23:32'),(258,9,'1.01.02.2.01.0005','Pembangunan Perpustakaan Sekolah',NULL,'2025-11-04 20:23:32','2025-11-04 20:23:32'),(259,9,'1.01.02.2.01.0006','Pembangunan Sarana, Prasarana dan Utilitas Sekolah',NULL,'2025-11-04 20:23:32','2025-11-04 20:23:32'),(260,9,'1.01.02.2.01.0009','Rehabilitasi Sedang/Berat Ruang Guru/Kepala Sekolah/TU',NULL,'2025-11-04 20:23:32','2025-11-04 20:23:32'),(261,9,'1.01.02.2.01.0011','Rehabilitasi Sedang/Berat Perpustakaan Sekolah',NULL,'2025-11-04 20:23:32','2025-11-04 20:23:32'),(262,9,'1.01.02.2.01.0014','Pengadaan Mebel Sekolah',NULL,'2025-11-04 20:23:32','2025-11-04 20:23:32'),(263,9,'1.01.02.2.01.0016','Pengadaan Perlengkapan Sekolah',NULL,'2025-11-04 20:23:32','2025-11-04 20:23:32'),(264,9,'1.01.02.2.01.0025','Pembinaan Minat, Bakat dan Kreativitas Siswa',NULL,'2025-11-04 20:23:32','2025-11-04 20:23:32'),(265,9,'1.01.02.2.01.0028','Pembinaan Kelembagaan dan Manajemen Sekolah',NULL,'2025-11-04 20:23:32','2025-11-04 20:23:32'),(266,9,'1.01.02.2.01.0029','Pengelolaan Dana BOS Sekolah Dasar',NULL,'2025-11-04 20:23:32','2025-11-04 20:23:32'),(267,9,'1.01.02.2.01.0036','Pengembangan konten digital untuk pendidikan',NULL,'2025-11-04 20:23:32','2025-11-04 20:23:32'),(268,9,'1.01.02.2.01.0037','Pelatihan Penggunaan Aplikasi Bidang Pendidikan',NULL,'2025-11-04 20:23:32','2025-11-04 20:23:32'),(269,9,'1.01.02.2.01.0038','Koordinasi, Perencanaan, Supervisi dan Evaluasi Layanan di Bidang Pendidikan',NULL,'2025-11-04 20:23:32','2025-11-04 20:23:32'),(270,9,'1.01.02.2.01.0039','Sosialisasi dan Advokasi Kebijakan Bidang Pendidikan',NULL,'2025-11-04 20:23:32','2025-11-04 20:23:32'),(271,9,'1.01.02.2.01.0041','Fasilitasi Komunitas Belajar Pendidik dan Tenaga Kependidikan',NULL,'2025-11-04 20:23:32','2025-11-04 20:23:32'),(272,9,'1.01.02.2.01.0043','Pemberian layanan pendampingan bagi satuan pendidikan untuk pencegahan perundungan, kekerasan, dan intoleransi',NULL,'2025-11-04 20:23:32','2025-11-04 20:23:32'),(273,9,'1.01.02.2.01.0046','Pengadaan Perlengkapan Peserta Didik',NULL,'2025-11-04 20:23:32','2025-11-04 20:23:32'),(274,9,'1.01.02.2.01.0047','Pembangunan Ruang Kelas Baru',NULL,'2025-11-04 20:23:32','2025-11-04 20:23:32'),(275,9,'1.01.02.2.01.0048','Rehabilitasi Sedang/Berat Sarana, Prasarana dan Utilitas Sekolah',NULL,'2025-11-04 20:23:32','2025-11-04 20:23:32'),(276,9,'1.01.02.2.01.0050','Penyelenggaraan Proses Belajar Bagi Peserta Didik',NULL,'2025-11-04 20:23:32','2025-11-04 20:23:32'),(277,9,'1.01.02.2.01.0051','Rehabilitasi Sedang/Berat Ruang Kelas Sekolah',NULL,'2025-11-04 20:23:32','2025-11-04 20:23:32'),(278,10,'1.01.02.2.02.0001','Pembangunan Unit Sekolah Baru (USB)',NULL,'2025-11-04 20:23:32','2025-11-04 20:23:32'),(279,10,'1.01.02.2.02.0003','Pembangunan Ruang Guru/Kepala Sekolah/TU',NULL,'2025-11-04 20:23:32','2025-11-04 20:23:32'),(280,10,'1.01.02.2.02.0004','Pembangunan Ruang Unit Kesehatan Sekolah',NULL,'2025-11-04 20:23:32','2025-11-04 20:23:32'),(281,10,'1.01.02.2.02.0005','Pembangunan Perpustakaan Sekolah',NULL,'2025-11-04 20:23:32','2025-11-04 20:23:32'),(282,10,'1.01.02.2.02.0006','Pembangunan Laboratorium',NULL,'2025-11-04 20:23:32','2025-11-04 20:23:32'),(283,10,'1.01.02.2.02.0012','Pembangunan Sarana, Prasarana dan Utilitas Sekolah',NULL,'2025-11-04 20:23:32','2025-11-04 20:23:32'),(284,10,'1.01.02.2.02.0014','Rehabilitasi Sedang/Berat Ruang Kelas Sekolah',NULL,'2025-11-04 20:23:32','2025-11-04 20:23:32'),(285,10,'1.01.02.2.02.0017','Rehabilitasi Sedang/Berat Perpustakaan Sekolah',NULL,'2025-11-04 20:23:32','2025-11-04 20:23:32'),(286,10,'1.01.02.2.02.0018','Rehabilitasi Sedang/Berat Laboratorium',NULL,'2025-11-04 20:23:32','2025-11-04 20:23:32'),(287,10,'1.01.02.2.02.0021','Rehabilitasi Sedang/Berat Rumah Dinas Kepala Sekolah/Guru/Penjaga Sekolah',NULL,'2025-11-04 20:23:32','2025-11-04 20:23:32'),(288,10,'1.01.02.2.02.0024','Rehabilitasi Sedang/Berat Sarana, Prasarana dan Utilitas Sekolah',NULL,'2025-11-04 20:23:32','2025-11-04 20:23:32'),(289,10,'1.01.02.2.02.0025','Pengadaan Mebel Sekolah',NULL,'2025-11-04 20:23:32','2025-11-04 20:23:32'),(290,10,'1.01.02.2.02.0038','Pembinaan Minat, Bakat dan Kreativitas Siswa',NULL,'2025-11-04 20:23:32','2025-11-04 20:23:32'),(291,10,'1.01.02.2.02.0040','Pengembangan Karir Pendidik dan Tenaga Kependidikan pada Satuan Pendidikan Sekolah Menengah Pertama',NULL,'2025-11-04 20:23:32','2025-11-04 20:23:32'),(292,10,'1.01.02.2.02.0041','Pembinaan Kelembagaan dan Manajemen Sekolah',NULL,'2025-11-04 20:23:32','2025-11-04 20:23:32'),(293,10,'1.01.02.2.02.0042','Pengelolaan Dana BOS Sekolah Menengah Pertama',NULL,'2025-11-04 20:23:32','2025-11-04 20:23:32'),(294,10,'1.01.02.2.02.0048','Pembinaan Penggunaan Teknologi, Informasi dan Komunikasi (TIK) untuk Pendidikan',NULL,'2025-11-04 20:23:32','2025-11-04 20:23:32'),(295,10,'1.01.02.2.02.0049','Pengembangan konten digital untuk pendidikan',NULL,'2025-11-04 20:23:32','2025-11-04 20:23:32'),(296,10,'1.01.02.2.02.0050','Pelatihan Penggunaan Aplikasi Bidang Pendidikan',NULL,'2025-11-04 20:23:32','2025-11-04 20:23:32'),(297,10,'1.01.02.2.02.0051','Koordinasi, Perencanaan, Supervisi dan Evaluasi Layanan di Bidang Pendidikan',NULL,'2025-11-04 20:23:32','2025-11-04 20:23:32'),(298,10,'1.01.02.2.02.0054','Fasilitasi Komunitas Belajar Pendidik dan Tenaga Kependidikan',NULL,'2025-11-04 20:23:32','2025-11-04 20:23:32'),(299,10,'1.01.02.2.02.0055','Pemberian layanan pendampingan bagi satuan pendidikan untuk pencegahan perundungan, kekerasan, dan intoleransi',NULL,'2025-11-04 20:23:32','2025-11-04 20:23:32'),(300,10,'1.01.02.2.02.0058','Penyelenggaraan Proses Belajar bagi Peserta Didik',NULL,'2025-11-04 20:23:32','2025-11-04 20:23:32'),(301,10,'1.01.02.2.02.0059','Pembangunan Ruang Kelas Baru',NULL,'2025-11-04 20:23:32','2025-11-04 20:23:32'),(302,10,'1.01.02.2.02.0060','Bimbingan Teknis, Pelatihan, dan/atau Magang/PKL untuk Peningkatan Kapasitas Bidang Pendidikan',NULL,'2025-11-04 20:23:32','2025-11-04 20:23:32'),(303,10,'1.01.02.2.02.0061','Perlengkapan Dasar Buku Teks dan Non Teks Peserta Didik',NULL,'2025-11-04 20:23:32','2025-11-04 20:23:32'),(304,10,'1.01.02.2.02.0062','Pengadaan Perlengkapan Peserta Didik',NULL,'2025-11-04 20:23:32','2025-11-04 20:23:32'),(305,10,'1.01.02.2.02.0064','Rehabilitasi Sedang/Berat Ruang Guru/Kepala Sekolah/TU',NULL,'2025-11-04 20:23:32','2025-11-04 20:23:32'),(306,10,'1.01.02.2.02.0067','Pengadaan Alat Praktik dan Peraga Peserta Didik',NULL,'2025-11-04 20:23:32','2025-11-04 20:23:32'),(307,11,'1.01.02.2.03.0002','Pembangunan Sarana, Prasarana dan Utilitas PAUD',NULL,'2025-11-04 20:23:32','2025-11-04 20:23:32'),(308,11,'1.01.02.2.03.0011','Penyediaan Biaya Personil Peserta Didik PAUD',NULL,'2025-11-04 20:23:32','2025-11-04 20:23:32'),(309,11,'1.01.02.2.03.0016','Pengembangan Karir Pendidik dan Tenaga Kependidikan pada Satuan Pendidikan PAUD',NULL,'2025-11-04 20:23:32','2025-11-04 20:23:32'),(310,11,'1.01.02.2.03.0017','Pembinaan Kelembagaan dan Manajemen PAUD',NULL,'2025-11-04 20:23:32','2025-11-04 20:23:32'),(311,11,'1.01.02.2.03.0018','Pengelolaan Dana BOP PAUD',NULL,'2025-11-04 20:23:32','2025-11-04 20:23:32'),(312,11,'1.01.02.2.03.0023','Pengembangan konten digital untuk pendidikan',NULL,'2025-11-04 20:23:32','2025-11-04 20:23:32'),(313,11,'1.01.02.2.03.0024','Pelatihan Penggunaan Aplikasi Bidang Pendidikan',NULL,'2025-11-04 20:23:32','2025-11-04 20:23:32'),(314,11,'1.01.02.2.03.0026','Sosialisasi dan Advokasi Kebijakan Bidang Pendidikan',NULL,'2025-11-04 20:23:32','2025-11-04 20:23:32'),(315,11,'1.01.02.2.03.0029','Fasilitasi Komunitas Belajar Pendidik dan Tenaga Kependidikan',NULL,'2025-11-04 20:23:32','2025-11-04 20:23:32'),(316,11,'1.01.02.2.03.0039','Bimbingan Teknis, Pelatihan, dan/atau Magang/PKL untuk Peningkatan Kapasitas Bidang Pendidikan',NULL,'2025-11-04 20:23:32','2025-11-04 20:23:32'),(317,11,'1.01.02.2.03.0041','Pengadaan Perlengkapan Peserta Didik',NULL,'2025-11-04 20:23:32','2025-11-04 20:23:32'),(318,11,'1.01.02.2.03.0046','Pengadaan Alat Praktik dan Peraga  Peserta Didik PAUD',NULL,'2025-11-04 20:23:32','2025-11-04 20:23:32'),(319,11,'1.01.02.2.03.0047','Penyelenggaraan Proses Belajar PAUD',NULL,'2025-11-04 20:23:32','2025-11-04 20:23:32'),(320,12,'1.01.02.2.04.0010','Penyediaan Biaya Personil Peserta Didik Nonformal/Kesetaraan',NULL,'2025-11-04 20:23:32','2025-11-04 20:23:32'),(321,12,'1.01.02.2.04.0016','Pembinaan Kelembagaan dan Manajemen Sekolah Nonformal/Kesetaraan',NULL,'2025-11-04 20:23:32','2025-11-04 20:23:32'),(322,12,'1.01.02.2.04.0017','Pengelolaan Dana BOP Sekolah Nonformal/Kesetaraan',NULL,'2025-11-04 20:23:32','2025-11-04 20:23:32'),(323,12,'1.01.02.2.04.0027','Koordinasi, Perencanaan, Supervisi dan Evaluasi Layanan di Bidang Pendidikan',NULL,'2025-11-04 20:23:32','2025-11-04 20:23:32'),(324,12,'1.01.02.2.04.0028','Sosialisasi dan Advokasi Kebijakan Bidang Pendidikan',NULL,'2025-11-04 20:23:32','2025-11-04 20:23:32'),(325,12,'1.01.02.2.04.0039','Pembangunan Ruang Kelas Baru',NULL,'2025-11-04 20:23:32','2025-11-04 20:23:32'),(326,12,'1.01.02.2.04.0041','Rehabilitasi Sedang/Berat Sarana, Prasarana dan Utilitas Sekolah',NULL,'2025-11-04 20:23:32','2025-11-04 20:23:32'),(327,12,'1.01.02.2.04.0046','Penyelenggaraan Proses Belajar bagi Peserta Didik',NULL,'2025-11-04 20:23:32','2025-11-04 20:23:32'),(328,13,'1.01.04.2.01.0001','Perhitungan dan Pemetaan Pendidik dan Tenaga Kependidikan Satuan Pendidikan Dasar, PAUD, dan Pendidikan Nonformal/Kesetaraan',NULL,'2025-11-04 20:23:32','2025-11-04 20:23:32'),(329,13,'1.01.04.2.01.0002','Penataan Pendistribusian Pendidik dan Tenaga Kependidikan bagi Satuan Pendidikan Dasar, PAUD, dan Pendidikan Nonformal/Kesetaraan',NULL,'2025-11-04 20:23:32','2025-11-04 20:23:32'),(330,14,'1.02.01.2.01.0001','Penyusunan Dokumen Perencanaan Perangkat Daerah',NULL,'2025-11-04 20:23:32','2025-11-04 20:23:32'),(331,14,'1.02.01.2.01.0002','Koordinasi dan Penyusunan Dokumen RKA-SKPD',NULL,'2025-11-04 20:23:32','2025-11-04 20:23:32'),(332,14,'1.02.01.2.01.0005','Koordinasi dan Penyusunan Perubahan DPA- SKPD',NULL,'2025-11-04 20:23:32','2025-11-04 20:23:32'),(333,14,'1.02.01.2.01.0006','Koordinasi dan Penyusunan Laporan Capaian Kinerja dan Ikhtisar Realisasi Kinerja SKPD',NULL,'2025-11-04 20:23:32','2025-11-04 20:23:32'),(334,14,'1.02.01.2.01.0007','Evaluasi Kinerja Perangkat Daerah',NULL,'2025-11-04 20:23:32','2025-11-04 20:23:32'),(335,15,'1.02.01.2.02.0001','Penyediaan Gaji dan Tunjangan ASN',NULL,'2025-11-04 20:23:32','2025-11-04 20:23:32'),(336,15,'1.02.01.2.02.0004','Koordinasi dan Pelaksanaan Akuntansi SKPD',NULL,'2025-11-04 20:23:32','2025-11-04 20:23:32'),(337,15,'1.02.01.2.02.0005','Koordinasi dan Penyusunan Laporan Keuangan Akhir Tahun SKPD',NULL,'2025-11-04 20:23:32','2025-11-04 20:23:32'),(338,15,'1.02.01.2.02.0006','Pengelolaan dan Penyiapan Bahan Tanggapan Pemeriksaan',NULL,'2025-11-04 20:23:32','2025-11-04 20:23:32'),(339,15,'1.02.01.2.02.0007','Koordinasi dan Penyusunan Laporan Keuangan Bulanan/ Triwulanan/ Semesteran SKPD',NULL,'2025-11-04 20:23:32','2025-11-04 20:23:32'),(340,15,'1.02.01.2.02.0008','Penyusunan Pelaporan dan Analisis Prognosis Realisasi Anggaran',NULL,'2025-11-04 20:23:32','2025-11-04 20:23:32'),(341,16,'1.02.01.2.03.0004','Pembinaan, Pengawasan, dan Pengendalian Barang Milik Daerah pada SKPD',NULL,'2025-11-04 20:23:32','2025-11-04 20:23:32'),(342,17,'1.02.01.2.05.0005','Monitoring, Evaluasi, dan Penilaian Kinerja Pegawai',NULL,'2025-11-04 20:23:32','2025-11-04 20:23:32'),(343,18,'1.02.01.2.06.0001','Penyediaan Komponen Instalasi\n\nListrik/Penerangan Bangunan Kantor',NULL,'2025-11-04 20:23:32','2025-11-04 20:23:32'),(344,18,'1.02.01.2.06.0002','Penyediaan Peralatan dan Perlengkapan Kantor',NULL,'2025-11-04 20:23:32','2025-11-04 20:23:32'),(345,18,'1.02.01.2.06.0003','Penyediaan Peralatan Rumah Tangga',NULL,'2025-11-04 20:23:32','2025-11-04 20:23:32'),(346,18,'1.02.01.2.06.0004','Penyediaan Bahan Logistik Kantor',NULL,'2025-11-04 20:23:32','2025-11-04 20:23:32'),(347,18,'1.02.01.2.06.0005','Penyediaan Barang Cetakan dan Penggandaan',NULL,'2025-11-04 20:23:32','2025-11-04 20:23:32'),(348,18,'1.02.01.2.06.0006','Penyediaan Bahan Bacaan dan Peraturan Perundang-undangan',NULL,'2025-11-04 20:23:32','2025-11-04 20:23:32'),(349,18,'1.02.01.2.06.0008','Fasilitasi Kunjungan Tamu',NULL,'2025-11-04 20:23:32','2025-11-04 20:23:32'),(350,18,'1.02.01.2.06.0009','Penyelenggaraan Rapat Koordinasi dan Konsultasi SKPD',NULL,'2025-11-04 20:23:32','2025-11-04 20:23:32'),(351,19,'1.02.01.2.08.0002','Penyediaan Jasa Komunikasi, Sumber Daya Air dan Listrik',NULL,'2025-11-04 20:23:32','2025-11-04 20:23:32'),(352,19,'1.02.01.2.08.0004','Penyediaan Jasa Pelayanan Umum Kantor',NULL,'2025-11-04 20:23:32','2025-11-04 20:23:32'),(353,20,'1.02.01.2.09.0001','Penyediaan Jasa Pemeliharaan, Biaya Pemeliharaan, dan Pajak Kendaraan Perorangan Dinas atau Kendaraan Dinas Jabatan',NULL,'2025-11-04 20:23:32','2025-11-04 20:23:32'),(354,20,'1.02.01.2.09.0002','Penyediaan Jasa Pemeliharaan, Biaya Pemeliharaan, Pajak dan Perizinan Kendaraan Dinas Operasional atau Lapangan',NULL,'2025-11-04 20:23:32','2025-11-04 20:23:32'),(355,20,'1.02.01.2.09.0006','Pemeliharaan Peralatan dan Mesin Lainnya',NULL,'2025-11-04 20:23:32','2025-11-04 20:23:32'),(356,20,'1.02.01.2.09.0011','Pemeliharaan/Rehabilitasi Sarana dan Prasarana Pendukung Gedung Kantor atau Bangunan Lainnya',NULL,'2025-11-04 20:23:32','2025-11-04 20:23:32'),(357,21,'1.02.01.2.10.0001','Pelayanan dan Penunjang Pelayanan BLUD',NULL,'2025-11-04 20:23:32','2025-11-04 20:23:32'),(358,22,'1.02.02.2.01.0003','Pembangunan Fasilitas Kesehatan Lainnya',NULL,'2025-11-04 20:23:32','2025-11-04 20:23:32'),(359,22,'1.02.02.2.01.0009','Rehabilitasi dan Pemeliharaan Puskesmas',NULL,'2025-11-04 20:23:32','2025-11-04 20:23:32'),(360,22,'1.02.02.2.01.0014','Pengadaan Alat Kesehatan/Alat Penunjang Medik Fasilitas Pelayanan Kesehatan',NULL,'2025-11-04 20:23:32','2025-11-04 20:23:32'),(361,22,'1.02.02.2.01.0015','Pengadaan dan Pemeliharaan Alat Kalibrasi',NULL,'2025-11-04 20:23:32','2025-11-04 20:23:32'),(362,22,'1.02.02.2.01.0023','Pengadaan Obat, Bahan Habis Pakai, Bahan Medis Habis Pakai,, Vaksin, Makanan dan Minuman di Fasilitas Kesehatan',NULL,'2025-11-04 20:23:32','2025-11-04 20:23:32'),(363,22,'1.02.02.2.01.0026','Distribusi  Alat Kesehatan, Obat, Bahan Habis Pakai, Bahan Medis Habis Pakai, Vaksin, Makanan dan Minuman ke Fasilitas Kesehatan',NULL,'2025-11-04 20:23:32','2025-11-04 20:23:32'),(364,23,'1.02.02.2.02.0001','Pengelolaan Pelayanan Kesehatan Ibu Hamil',NULL,'2025-11-04 20:23:32','2025-11-04 20:23:32'),(365,23,'1.02.02.2.02.0002','Pengelolaan Pelayanan Kesehatan Ibu Bersalin',NULL,'2025-11-04 20:23:32','2025-11-04 20:23:32'),(366,23,'1.02.02.2.02.0003','Pengelolaan Pelayanan Kesehatan Bayi Baru Lahir',NULL,'2025-11-04 20:23:32','2025-11-04 20:23:32'),(367,23,'1.02.02.2.02.0004','Pengelolaan Pelayanan Kesehatan Balita',NULL,'2025-11-04 20:23:32','2025-11-04 20:23:32'),(368,23,'1.02.02.2.02.0005','Pengelolaan Pelayanan Kesehatan pada Usia Pendidikan Dasar',NULL,'2025-11-04 20:23:32','2025-11-04 20:23:32'),(369,23,'1.02.02.2.02.0006','Pengelolaan Pelayanan Kesehatan pada Usia Produktif',NULL,'2025-11-04 20:23:32','2025-11-04 20:23:32'),(370,23,'1.02.02.2.02.0007','Pengelolaan Pelayanan Kesehatan pada Usia Lanjut',NULL,'2025-11-04 20:23:32','2025-11-04 20:23:32'),(371,23,'1.02.02.2.02.0008','Pengelolaan Pelayanan Kesehatan Penderita Hipertensi',NULL,'2025-11-04 20:23:32','2025-11-04 20:23:32'),(372,23,'1.02.02.2.02.0009','Pengelolaan Pelayanan Kesehatan Penderita Diabetes Melitus',NULL,'2025-11-04 20:23:32','2025-11-04 20:23:32'),(373,23,'1.02.02.2.02.0010','Pengelolaan Pelayanan Kesehatan Orang dengan Gangguan Jiwa Berat',NULL,'2025-11-04 20:23:32','2025-11-04 20:23:32'),(374,23,'1.02.02.2.02.0011','Pengelolaan Pelayanan Kesehatan Orang Terduga Tuberkulosis',NULL,'2025-11-04 20:23:32','2025-11-04 20:23:32'),(375,23,'1.02.02.2.02.0012','Pengelolaan Pelayanan Kesehatan Orang dengan Risiko Terinfeksi HIV',NULL,'2025-11-04 20:23:32','2025-11-04 20:23:32'),(376,23,'1.02.02.2.02.0013','Pengelolaan Pelayanan Kesehatan bagi Penduduk pada Kondisi Kejadian Luar Biasa (KLB)',NULL,'2025-11-04 20:23:32','2025-11-04 20:23:32'),(377,23,'1.02.02.2.02.0014','Pengelolaan Pelayanan Kesehatan bagi Penduduk Terdampak Krisis Kesehatan Akibat Bencana dan/atau Berpotensi Bencana',NULL,'2025-11-04 20:23:32','2025-11-04 20:23:32'),(378,23,'1.02.02.2.02.0015','Pengelolaan Pelayanan Kesehatan Gizi Masyarakat',NULL,'2025-11-04 20:23:32','2025-11-04 20:23:32'),(379,23,'1.02.02.2.02.0016','Pengelolaan Pelayanan Kesehatan Kerja dan Olahraga',NULL,'2025-11-04 20:23:32','2025-11-04 20:23:32'),(380,23,'1.02.02.2.02.0017','Pengelolaan Pelayanan Kesehatan Lingkungan',NULL,'2025-11-04 20:23:32','2025-11-04 20:23:32'),(381,23,'1.02.02.2.02.0018','Pengelolaan Pelayanan Promosi Kesehatan',NULL,'2025-11-04 20:23:32','2025-11-04 20:23:32'),(382,23,'1.02.02.2.02.0019','Pengelolaan Pelayanan Kesehatan Tradisional, Akupuntur, Asuhan Mandiri, dan Tradisional Lainnya',NULL,'2025-11-04 20:23:32','2025-11-04 20:23:32'),(383,23,'1.02.02.2.02.0020','Pengelolaan Surveilans Kesehatan',NULL,'2025-11-04 20:23:32','2025-11-04 20:23:32'),(384,23,'1.02.02.2.02.0021','Pengelolaan Pelayanan Kesehatan Orang dengan Masalah Kesehatan Jiwa (ODMK)',NULL,'2025-11-04 20:23:32','2025-11-04 20:23:32'),(385,23,'1.02.02.2.02.0025','Pelayanan Kesehatan Penyakit Menular dan Tidak Menular',NULL,'2025-11-04 20:23:32','2025-11-04 20:23:32'),(386,23,'1.02.02.2.02.0026','Pengelolaan Jaminan Kesehatan Masyarakat',NULL,'2025-11-04 20:23:32','2025-11-04 20:23:32'),(387,23,'1.02.02.2.02.0027','Deteksi Dini Penyalahgunaan NAPZA di Fasyankes dan Sekolah',NULL,'2025-11-04 20:23:32','2025-11-04 20:23:32'),(388,23,'1.02.02.2.02.0028','Pengambilan dan Pengiriman Spesimen Penyakit Potensial KLB ke Laboratorium Rujukan/Nasional',NULL,'2025-11-04 20:23:32','2025-11-04 20:23:32'),(389,23,'1.02.02.2.02.0029','Penyelenggaraan Kabupaten/Kota Sehat',NULL,'2025-11-04 20:23:32','2025-11-04 20:23:32'),(390,23,'1.02.02.2.02.0032','Operasional Pelayanan Rumah Sakit',NULL,'2025-11-04 20:23:32','2025-11-04 20:23:32'),(391,23,'1.02.02.2.02.0033','Operasional Pelayanan Puskesmas',NULL,'2025-11-04 20:23:32','2025-11-04 20:23:32'),(392,23,'1.02.02.2.02.0034','Operasional Pelayanan Fasilitas Kesehatan Lainnya',NULL,'2025-11-04 20:23:32','2025-11-04 20:23:32'),(393,23,'1.02.02.2.02.0035','Pelaksanaan Akreditasi Fasilitas Kesehatan di Kabupaten/Kota',NULL,'2025-11-04 20:23:32','2025-11-04 20:23:32'),(394,23,'1.02.02.2.02.0036','Investigasi Awal Kejadian Tidak Diharapkan (Kejadian Ikutan Pasca Imunisasi dan Pemberian Obat Massal)',NULL,'2025-11-04 20:23:32','2025-11-04 20:23:32'),(395,23,'1.02.02.2.02.0038','Penyediaan dan Pengelolaan Sistem Penanganan Gawat Darurat Terpadu (SPGDT)',NULL,'2025-11-04 20:23:32','2025-11-04 20:23:32'),(396,23,'1.02.02.2.02.0040','Pengelolaan pelayanan kesehatan orang dengan Tuberkulosis',NULL,'2025-11-04 20:23:32','2025-11-04 20:23:32'),(397,23,'1.02.02.2.02.0041','Pengelolaan pelayanan kesehatan orang dengan HIV (ODHIV)',NULL,'2025-11-04 20:23:32','2025-11-04 20:23:32'),(398,23,'1.02.02.2.02.0042','Pengelolaan pelayanan kesehatan Malaria',NULL,'2025-11-04 20:23:32','2025-11-04 20:23:32'),(399,23,'1.02.02.2.02.0050','Pengelolaan Pelayanan Kesehatan Haji',NULL,'2025-11-04 20:23:32','2025-11-04 20:23:32'),(400,24,'1.02.02.2.03.0002','Pengelolaan Sistem Informasi Kesehatan',NULL,'2025-11-04 20:23:32','2025-11-04 20:23:32'),(401,25,'1.02.02.2.04.0001','Pengendalian dan Pengawasan serta Tindak Lanjut Pengawasan Perizinan Rumah Sakit Kelas C, D dan Fasilitas Pelayanan Kesehatan Lainnya',NULL,'2025-11-04 20:23:32','2025-11-04 20:23:32'),(402,25,'1.02.02.2.04.0002','Peningkatan Tata Kelola Rumah Sakit dan Fasilitas Pelayanan Kesehatan Tingkat Daerah Kabupaten/Kota',NULL,'2025-11-04 20:23:32','2025-11-04 20:23:32'),(403,26,'1.02.03.2.01.0002','Pembinaan dan Pengawasan Tenaga Kesehatan serta Tindak Lanjut Perizinan Praktik Tenaga Kesehatan',NULL,'2025-11-04 20:23:32','2025-11-04 20:23:32'),(404,27,'1.02.03.2.02.0002','Pemenuhan Kebutuhan Sumber Daya Manusia Kesehatan Sesuai Standar',NULL,'2025-11-04 20:23:32','2025-11-04 20:23:32'),(405,27,'1.02.03.2.02.0003','Pembinaan dan Pengawasan Sumber Daya Manusia Kesehatan',NULL,'2025-11-04 20:23:32','2025-11-04 20:23:32'),(406,28,'1.02.03.2.03.0001','Pengembangan Mutu dan Peningkatan Kompetensi Teknis Sumber Daya Manusia Kesehatan Tingkat Daerah Kabupaten/Kota',NULL,'2025-11-04 20:23:32','2025-11-04 20:23:32'),(407,29,'1.02.04.2.01.0001','Pengendalian dan Pengawasan serta Tindak Lanjut Pengawasan Perizinan Apotek, Toko Obat, Toko Alat Kesehatan, dan Optikal, Usaha Mikro Obat Tradisional (UMOT)',NULL,'2025-11-04 20:23:32','2025-11-04 20:23:32'),(408,30,'1.02.04.2.02.0001','Pengendalian dan Pengawasan serta Tindak Lanjut Pengawasan Sertifikat Produksi Alat Kesehatan Kelas 1 Tertentu dan PKRT Kelas 1 Tertentu Perusahaan Rumah Tangga',NULL,'2025-11-04 20:23:32','2025-11-04 20:23:32'),(409,31,'1.02.04.2.03.0001','Pengendalian dan Pengawasan serta Tindak Lanjut Pengawasan Sertifikat Produksi Pangan Industri Rumah Tangga dan Nomor P-IRT sebagai Izin Produksi, untuk Produk Makanan Minuman Tertentu yang Dapat Diproduksi oleh Industri Rumah Tangga',NULL,'2025-11-04 20:23:32','2025-11-04 20:23:32'),(410,32,'1.02.04.2.04.0001','Pengendalian dan Pengawasan serta Tindak Lanjut Pengawasan Penerbitan Sertifikat Laik Higiene Sanitasi Tempat Pengelolaan Makanan (TPM) antara lain Jasa Boga, Rumah Makan/Restoran dan Depot Air Minum (DAM)',NULL,'2025-11-04 20:23:32','2025-11-04 20:23:32'),(411,33,'1.02.04.2.05.0001','Pengendalian dan Pengawasan serta Tindak Lanjut Penerbitan Stiker Pembinaan pada Makanan Jajanan dan Sentra Makanan Jajanan',NULL,'2025-11-04 20:23:32','2025-11-04 20:23:32'),(412,34,'1.02.04.2.06.0001','Pemeriksaan Post Market pada Produk Makanan-Minuman Industri Rumah Tangga yang Beredar dan Pengawasan serta Tindak Lanjut Pengawasan',NULL,'2025-11-04 20:23:32','2025-11-04 20:23:32'),(413,35,'1.02.05.2.01.0001','Peningkatan Upaya Promosi Kesehatan, Advokasi, Kemitraan dan Pemberdayaan Masyarakat',NULL,'2025-11-04 20:23:32','2025-11-04 20:23:32'),(414,36,'1.02.05.2.02.0001','Penyelenggaraan Promosi Kesehatan dan Gerakan Hidup Bersih dan Sehat',NULL,'2025-11-04 20:23:32','2025-11-04 20:23:32'),(415,37,'1.02.05.2.03.0001','Bimbingan Teknis dan Supervisi Pengembangan dan Pelaksanaan Upaya Kesehatan Bersumber Daya Masyarakat (UKBM)',NULL,'2025-11-04 20:23:32','2025-11-04 20:23:32'),(416,38,'1.03.01.2.01.0001','Penyusunan Dokumen Perencanaan Perangkat Daerah',NULL,'2025-11-04 20:23:32','2025-11-04 20:23:32'),(417,38,'1.03.01.2.01.0002','Koordinasi dan Penyusunan Dokumen RKA-SKPD',NULL,'2025-11-04 20:23:32','2025-11-04 20:23:32'),(418,38,'1.03.01.2.01.0003','Koordinasi dan Penyusunan Dokumen Perubahan RKA-SKPD',NULL,'2025-11-04 20:23:32','2025-11-04 20:23:32'),(419,38,'1.03.01.2.01.0006','Koordinasi dan Penyusunan Laporan Capaian Kinerja dan Ikhtisar Realisasi Kinerja SKPD',NULL,'2025-11-04 20:23:32','2025-11-04 20:23:32'),(420,39,'1.03.01.2.02.0001','Penyediaan Gaji dan Tunjangan ASN',NULL,'2025-11-04 20:23:32','2025-11-04 20:23:32'),(421,39,'1.03.01.2.02.0005','Koordinasi dan Penyusunan Laporan Keuangan Akhir Tahun SKPD',NULL,'2025-11-04 20:23:32','2025-11-04 20:23:32'),(422,40,'1.03.01.2.03.0001','Penyusunan Perencanaan Kebutuhan Barang Milik Daerah SKPD',NULL,'2025-11-04 20:23:32','2025-11-04 20:23:32'),(423,40,'1.03.01.2.03.0004','Pembinaan, Pengawasan, dan Pengendalian Barang Milik Daerah pada SKPD',NULL,'2025-11-04 20:23:32','2025-11-04 20:23:32'),(424,40,'1.03.01.2.03.0005','Rekonsiliasi dan Penyusunan Laporan Barang Milik Daerah pada SKPD',NULL,'2025-11-04 20:23:32','2025-11-04 20:23:32'),(425,41,'1.03.01.2.05.0011','Bimbingan Teknis Implementasi Peraturan Perundang-Undangan',NULL,'2025-11-04 20:23:32','2025-11-04 20:23:32'),(426,42,'1.03.01.2.06.0001','Penyediaan Komponen Instalasi\n\nListrik/Penerangan Bangunan Kantor',NULL,'2025-11-04 20:23:32','2025-11-04 20:23:32'),(427,42,'1.03.01.2.06.0002','Penyediaan Peralatan dan Perlengkapan Kantor',NULL,'2025-11-04 20:23:32','2025-11-04 20:23:32'),(428,42,'1.03.01.2.06.0004','Penyediaan Bahan Logistik Kantor',NULL,'2025-11-04 20:23:32','2025-11-04 20:23:32'),(429,42,'1.03.01.2.06.0005','Penyediaan Barang Cetakan dan Penggandaan',NULL,'2025-11-04 20:23:32','2025-11-04 20:23:32'),(430,42,'1.03.01.2.06.0006','Penyediaan Bahan Bacaan dan Peraturan Perundang-undangan',NULL,'2025-11-04 20:23:32','2025-11-04 20:23:32'),(431,42,'1.03.01.2.06.0008','Fasilitasi Kunjungan Tamu',NULL,'2025-11-04 20:23:32','2025-11-04 20:23:32'),(432,42,'1.03.01.2.06.0009','Penyelenggaraan Rapat Koordinasi dan Konsultasi SKPD',NULL,'2025-11-04 20:23:32','2025-11-04 20:23:32'),(433,43,'1.03.01.2.07.0001','Pengadaan Kendaraan Perorangan Dinas atau Kendaraan Dinas Jabatan',NULL,'2025-11-04 20:23:32','2025-11-04 20:23:32'),(434,43,'1.03.01.2.07.0003','Pengadaan Alat Besar',NULL,'2025-11-04 20:23:32','2025-11-04 20:23:32'),(435,43,'1.03.01.2.07.0005','Pengadaan Mebel',NULL,'2025-11-04 20:23:32','2025-11-04 20:23:32'),(436,43,'1.03.01.2.07.0011','Pengadaan Sarana dan Prasarana Pendukung Gedung Kantor atau Bangunan Lainnya',NULL,'2025-11-04 20:23:32','2025-11-04 20:23:32'),(437,44,'1.03.01.2.08.0002','Penyediaan Jasa Komunikasi, Sumber Daya Air dan Listrik',NULL,'2025-11-04 20:23:32','2025-11-04 20:23:32'),(438,44,'1.03.01.2.08.0004','Penyediaan Jasa Pelayanan Umum Kantor',NULL,'2025-11-04 20:23:32','2025-11-04 20:23:32'),(439,45,'1.03.01.2.09.0001','Penyediaan Jasa Pemeliharaan, Biaya Pemeliharaan, dan Pajak Kendaraan Perorangan Dinas atau Kendaraan Dinas Jabatan',NULL,'2025-11-04 20:23:32','2025-11-04 20:23:32'),(440,45,'1.03.01.2.09.0002','Penyediaan Jasa Pemeliharaan, Biaya Pemeliharaan, Pajak dan Perizinan Kendaraan Dinas Operasional atau Lapangan',NULL,'2025-11-04 20:23:32','2025-11-04 20:23:32'),(441,45,'1.03.01.2.09.0003','Penyediaan Jasa Pemeliharaan, Biaya\n\nPemeliharaan dan Perizinan Alat Besar',NULL,'2025-11-04 20:23:32','2025-11-04 20:23:32'),(442,45,'1.03.01.2.09.0006','Pemeliharaan Peralatan dan Mesin Lainnya',NULL,'2025-11-04 20:23:32','2025-11-04 20:23:32'),(443,45,'1.03.01.2.09.0009','Pemeliharaan/Rehabilitasi Gedung Kantor dan Bangunan Lainnya',NULL,'2025-11-04 20:23:32','2025-11-04 20:23:32'),(444,46,'1.03.02.2.01.0080','Operasi dan Pemeliharaan Tanggul dan Tebing Sungai',NULL,'2025-11-04 20:23:32','2025-11-04 20:23:32'),(445,47,'1.03.02.2.02.0014','Rehabilitasi Jaringan Irigasi Permukaan',NULL,'2025-11-04 20:23:32','2025-11-04 20:23:32'),(446,47,'1.03.02.2.02.0021','Operasi dan Pemeliharaan Jaringan Irigasi Permukaan',NULL,'2025-11-04 20:23:32','2025-11-04 20:23:32'),(447,47,'1.03.02.2.02.0035','Penyusunan Rencana Teknis dan Dokumen Lingkungan Hidup untuk Konstruksi Irigasi dan Rawa',NULL,'2025-11-04 20:23:32','2025-11-04 20:23:32'),(448,48,'1.03.03.2.01.0025','Penyusunan Rencana, Kebijakan, Strategi dan Teknis Sistem Penyediaan Air Minum (SPAM)',NULL,'2025-11-04 20:23:32','2025-11-04 20:23:32'),(449,48,'1.03.03.2.01.0028','Pembangunan Sistem Penyediaan Air Minum (SPAM) Jaringan Perpipaan',NULL,'2025-11-04 20:23:32','2025-11-04 20:23:32'),(450,48,'1.03.03.2.01.0029','Operasi dan Pemeliharaan Sistem Penyediaan Air Minum (SPAM)',NULL,'2025-11-04 20:23:32','2025-11-04 20:23:32'),(451,49,'1.03.05.2.01.0033','Penyediaan Jasa Penyedotan Lumpur Tinja',NULL,'2025-11-04 20:23:32','2025-11-04 20:23:32'),(452,49,'1.03.05.2.01.0038','Operasi dan Pemeliharaan Sistem Pengelolaan Air Limbah Domestik (SPALD)',NULL,'2025-11-04 20:23:32','2025-11-04 20:23:32'),(453,50,'1.03.06.2.01.0024','Peningkatan Sistem Drainase Perkotaan',NULL,'2025-11-04 20:23:32','2025-11-04 20:23:32'),(454,50,'1.03.06.2.01.0025','Pembinaan Teknis Sistem Drainase Perkotaan',NULL,'2025-11-04 20:23:32','2025-11-04 20:23:32'),(455,50,'1.03.06.2.01.0030','Penyusunan Rencana, Kebijakan, Strategi dan Teknis Sistem Drainase Perkotaan',NULL,'2025-11-04 20:23:32','2025-11-04 20:23:32'),(456,50,'1.03.06.2.01.0031','Operasi dan Pemeliharaan Sistem Drainase Perkotaan',NULL,'2025-11-04 20:23:32','2025-11-04 20:23:32'),(457,51,'1.03.08.2.01.0018','Pemeliharaan, Perawatan, dan Pemeriksaan Berkala Bangunan Gedung untuk Kepentingan Strategis Daerah Kabupaten/Kota',NULL,'2025-11-04 20:23:32','2025-11-04 20:23:32'),(458,51,'1.03.08.2.01.0019','Penyusunan Kebijakan terkait Penyelenggaraan Bangunan Gedung',NULL,'2025-11-04 20:23:32','2025-11-04 20:23:32'),(459,51,'1.03.08.2.01.0021','Pembangunan, Pemanfaatan,  Pelestariaan dan Pembongkaran Bangunan Gedung untuk Kepentingan Strategis Daerah Kabupaten/Kota',NULL,'2025-11-04 20:23:32','2025-11-04 20:23:32'),(460,51,'1.03.08.2.01.0022','Pembinaan dan Pengawasan Penyelenggaraan Bangunan Gedung',NULL,'2025-11-04 20:23:32','2025-11-04 20:23:32'),(461,51,'1.03.08.2.01.0023','Penyelenggaraan Penerbitan Persetujuan Bangunan Gedung (PBG), Sertifikat Laik Fungsi (SLF), Surat Bukti Kepemilikan Bangunan Gedung (SBKBG),  Rencana Teknis Pembongkaran Bangunan Gedung (RTB),  Tim Profesi Ahli (TPA), Tim Penilai Teknis (TPT), Penilik, dan Pendataan Bangunan Gedung melalui SIMBG',NULL,'2025-11-04 20:23:32','2025-11-04 20:23:32'),(462,52,'1.03.10.2.01.0029','Penyusunan Rencana, Kebijakan, Strategi dan Teknis Pengembangan Jaringan Jalan serta Perencanaan Teknis Penyelenggaraan Jalan dan Jembatan',NULL,'2025-11-04 20:23:32','2025-11-04 20:23:32'),(463,52,'1.03.10.2.01.0032','Pembangunan Jalan',NULL,'2025-11-04 20:23:32','2025-11-04 20:23:32'),(464,52,'1.03.10.2.01.0034','Pemeliharaan Berkala Jalan',NULL,'2025-11-04 20:23:32','2025-11-04 20:23:32'),(465,52,'1.03.10.2.01.0038','Pemeliharaan Rutin Jembatan',NULL,'2025-11-04 20:23:32','2025-11-04 20:23:32'),(466,52,'1.03.10.2.01.0043','Survey Kondisi Jalan/Jembatan',NULL,'2025-11-04 20:23:32','2025-11-04 20:23:32'),(467,52,'1.03.10.2.01.0044','Rehabilitasi Jalan',NULL,'2025-11-04 20:23:32','2025-11-04 20:23:32'),(468,52,'1.03.10.2.01.0046','Pemeliharaan Rutin Jalan',NULL,'2025-11-04 20:23:32','2025-11-04 20:23:32'),(469,53,'1.03.11.2.01.0016','Pelatihan Tenaga Kerja Konstruksi Kualifikasi Jabatan Operator, Teknisi atau Analis',NULL,'2025-11-04 20:23:32','2025-11-04 20:23:32'),(470,54,'1.03.11.2.02.0013','Penyediaan Data dan Informasi Jasa Konstruksi Cakupan Kabupaten/Kota',NULL,'2025-11-04 20:23:32','2025-11-04 20:23:32'),(471,55,'1.03.12.2.01.0003','Penetapan Kebijakan dalam rangka Pelaksanaan Penataan Ruang',NULL,'2025-11-04 20:23:32','2025-11-04 20:23:32'),(472,55,'1.03.12.2.01.0013','Sosialisasi Kebijakan dan Peraturan Perundang-Undangan Bidang Penataan Ruang',NULL,'2025-11-04 20:23:32','2025-11-04 20:23:32'),(473,56,'1.03.12.2.03.0004','Pelaksanaan Persetujuan Kesesuaian Kegiatan Pemanfaatan Ruang',NULL,'2025-11-04 20:23:32','2025-11-04 20:23:32'),(474,57,'1.03.12.2.04.0003','Operasionalisasi Tugas dan Fungsi Penyidik Pegawai Negeri Sipil (PPNS) Bidang Penataan Ruang',NULL,'2025-11-04 20:23:32','2025-11-04 20:23:32'),(475,57,'1.03.12.2.04.0009','Operasionalisasi Tugas dan Fungsi Forum Penataan Ruang',NULL,'2025-11-04 20:23:32','2025-11-04 20:23:32'),(476,57,'1.03.12.2.04.0013','Penyelesaian Sengketa Penataan Ruang',NULL,'2025-11-04 20:23:32','2025-11-04 20:23:32'),(477,58,'1.04.01.2.01.0001','Penyusunan Dokumen Perencanaan Perangkat Daerah',NULL,'2025-11-04 20:23:32','2025-11-04 20:23:32'),(478,58,'1.04.01.2.01.0002','Koordinasi dan Penyusunan Dokumen RKA-SKPD',NULL,'2025-11-04 20:23:32','2025-11-04 20:23:32'),(479,58,'1.04.01.2.01.0003','Koordinasi dan Penyusunan Dokumen Perubahan RKA-SKPD',NULL,'2025-11-04 20:23:32','2025-11-04 20:23:32'),(480,58,'1.04.01.2.01.0006','Koordinasi dan Penyusunan Laporan Capaian Kinerja dan Ikhtisar Realisasi Kinerja SKPD',NULL,'2025-11-04 20:23:32','2025-11-04 20:23:32'),(481,59,'1.04.01.2.02.0001','Penyediaan Gaji dan Tunjangan ASN',NULL,'2025-11-04 20:23:32','2025-11-04 20:23:32'),(482,59,'1.04.01.2.02.0005','Koordinasi dan Penyusunan Laporan Keuangan Akhir Tahun SKPD',NULL,'2025-11-04 20:23:32','2025-11-04 20:23:32'),(483,60,'1.04.01.2.06.0001','Penyediaan Komponen Instalasi\n\nListrik/Penerangan Bangunan Kantor',NULL,'2025-11-04 20:23:32','2025-11-04 20:23:32'),(484,60,'1.04.01.2.06.0002','Penyediaan Peralatan dan Perlengkapan Kantor',NULL,'2025-11-04 20:23:32','2025-11-04 20:23:32'),(485,60,'1.04.01.2.06.0004','Penyediaan Bahan Logistik Kantor',NULL,'2025-11-04 20:23:32','2025-11-04 20:23:32'),(486,60,'1.04.01.2.06.0005','Penyediaan Barang Cetakan dan Penggandaan',NULL,'2025-11-04 20:23:32','2025-11-04 20:23:32'),(487,60,'1.04.01.2.06.0006','Penyediaan Bahan Bacaan dan Peraturan Perundang-undangan',NULL,'2025-11-04 20:23:32','2025-11-04 20:23:32'),(488,60,'1.04.01.2.06.0008','Fasilitasi Kunjungan Tamu',NULL,'2025-11-04 20:23:32','2025-11-04 20:23:32'),(489,60,'1.04.01.2.06.0009','Penyelenggaraan Rapat Koordinasi dan Konsultasi SKPD',NULL,'2025-11-04 20:23:32','2025-11-04 20:23:32'),(490,61,'1.04.01.2.07.0010','Pengadaan Sarana dan Prasarana Gedung Kantor atau Bangunan Lainnya',NULL,'2025-11-04 20:23:32','2025-11-04 20:23:32'),(491,62,'1.04.01.2.08.0002','Penyediaan Jasa Komunikasi, Sumber Daya Air dan Listrik',NULL,'2025-11-04 20:23:32','2025-11-04 20:23:32'),(492,62,'1.04.01.2.08.0004','Penyediaan Jasa Pelayanan Umum Kantor',NULL,'2025-11-04 20:23:32','2025-11-04 20:23:32'),(493,63,'1.04.01.2.09.0001','Penyediaan Jasa Pemeliharaan, Biaya Pemeliharaan, dan Pajak Kendaraan Perorangan Dinas atau Kendaraan Dinas Jabatan',NULL,'2025-11-04 20:23:32','2025-11-04 20:23:32'),(494,63,'1.04.01.2.09.0002','Penyediaan Jasa Pemeliharaan, Biaya Pemeliharaan, Pajak dan Perizinan Kendaraan Dinas Operasional atau Lapangan',NULL,'2025-11-04 20:23:32','2025-11-04 20:23:32'),(495,63,'1.04.01.2.09.0006','Pemeliharaan Peralatan dan Mesin Lainnya',NULL,'2025-11-04 20:23:32','2025-11-04 20:23:32'),(496,63,'1.04.01.2.09.0010','Pemeliharaan/Rehabilitasi Sarana dan Prasarana Gedung Kantor atau Bangunan Lainnya',NULL,'2025-11-04 20:23:32','2025-11-04 20:23:32'),(497,63,'1.04.01.2.09.0011','Pemeliharaan/Rehabilitasi Sarana dan Prasarana Pendukung Gedung Kantor atau Bangunan Lainnya',NULL,'2025-11-04 20:23:32','2025-11-04 20:23:32'),(498,64,'1.04.02.2.03.0001','Rehabilitasi Rumah bagi Korban Bencana',NULL,'2025-11-04 20:23:32','2025-11-04 20:23:32'),(499,65,'1.04.02.2.05.0001','Fasilitasi Pengelolaan Kelembagaan dan Pemilik/Penghuni Rumah Susun',NULL,'2025-11-04 20:23:32','2025-11-04 20:23:32'),(500,66,'1.04.02.2.06.0003','Koordinasi dan Sinkronisasi Pengendalian Pembangunan dan Pengembangan Perumahan',NULL,'2025-11-04 20:23:32','2025-11-04 20:23:32'),(501,67,'1.04.03.2.02.0008','Penyusunan/Review/Legalisasi Kebijakan Bidang PKP',NULL,'2025-11-04 20:23:32','2025-11-04 20:23:32'),(502,67,'1.04.03.2.02.0012','Pembentukan/Pembinaan Kelompok Swadaya Masyarakat di Permukiman Kumuh',NULL,'2025-11-04 20:23:32','2025-11-04 20:23:32'),(503,68,'1.04.03.2.03.0003','Kerja Sama Perbaikan Rumah Tidak Layak Huni Beserta PSU',NULL,'2025-11-04 20:23:32','2025-11-04 20:23:32'),(504,69,'1.04.04.2.01.0001','Perbaikan Rumah Tidak Layak Huni untuk Pencegahan Terhadap Tumbuh dan Berkembangnya Permukiman Kumuh di Luar Kawasan Permukiman Kumuh dengan Luas di Bawah 10 (Sepuluh) Ha',NULL,'2025-11-04 20:23:32','2025-11-04 20:23:32'),(505,69,'1.04.04.2.01.0005','Penatausahaan Serah Terima Rumah Baru Layak Huni bagi Masyarakat untuk Pencegahan terhadap Tumbuh dan Berkembangnya Permukiman Kumuh di luar Kawasan Permukiman Kumuh',NULL,'2025-11-04 20:23:32','2025-11-04 20:23:32'),(506,70,'1.04.05.2.01.0002','Penyediaan Prasarana, Sarana, dan Utilitas Umum di Perumahan untuk Menunjang Fungsi Hunian',NULL,'2025-11-04 20:23:32','2025-11-04 20:23:32'),(507,70,'1.04.05.2.01.0009','Kerja Sama Penyediaan/Pengelolaan PSU Perumahan',NULL,'2025-11-04 20:23:32','2025-11-04 20:23:32'),(508,71,'1.05.01.2.01.0001','Penyusunan Dokumen Perencanaan Perangkat Daerah',NULL,'2025-11-04 20:23:32','2025-11-04 20:23:32'),(509,71,'1.05.01.2.01.0002','Koordinasi dan Penyusunan Dokumen RKA-SKPD',NULL,'2025-11-04 20:23:32','2025-11-04 20:23:32'),(510,71,'1.05.01.2.01.0003','Koordinasi dan Penyusunan Dokumen Perubahan RKA-SKPD',NULL,'2025-11-04 20:23:32','2025-11-04 20:23:32'),(511,71,'1.05.01.2.01.0006','Koordinasi dan Penyusunan Laporan Capaian Kinerja dan Ikhtisar Realisasi Kinerja SKPD',NULL,'2025-11-04 20:23:32','2025-11-04 20:23:32'),(512,71,'1.05.01.2.01.0010','Pelaksanaan Forum Perangkat Daerah Berdasarkan Bidang Urusan yang Diampu dalam Rangka Penyusunan Dokumen Perencanaan Perangkat Daerah',NULL,'2025-11-04 20:23:32','2025-11-04 20:23:32'),(513,72,'1.05.01.2.02.0001','Penyediaan Gaji dan Tunjangan ASN',NULL,'2025-11-04 20:23:32','2025-11-04 20:23:32'),(514,72,'1.05.01.2.02.0005','Koordinasi dan Penyusunan Laporan Keuangan Akhir Tahun SKPD',NULL,'2025-11-04 20:23:32','2025-11-04 20:23:32'),(515,72,'1.05.01.2.02.0007','Koordinasi dan Penyusunan Laporan Keuangan Bulanan/ Triwulanan/ Semesteran SKPD',NULL,'2025-11-04 20:23:32','2025-11-04 20:23:32'),(516,73,'1.05.01.2.06.0001','Penyediaan Komponen Instalasi\n\nListrik/Penerangan Bangunan Kantor',NULL,'2025-11-04 20:23:32','2025-11-04 20:23:32'),(517,73,'1.05.01.2.06.0002','Penyediaan Peralatan dan Perlengkapan Kantor',NULL,'2025-11-04 20:23:32','2025-11-04 20:23:32'),(518,73,'1.05.01.2.06.0004','Penyediaan Bahan Logistik Kantor',NULL,'2025-11-04 20:23:32','2025-11-04 20:23:32'),(519,73,'1.05.01.2.06.0005','Penyediaan Barang Cetakan dan Penggandaan',NULL,'2025-11-04 20:23:32','2025-11-04 20:23:32'),(520,73,'1.05.01.2.06.0006','Penyediaan Bahan Bacaan dan Peraturan Perundang-undangan',NULL,'2025-11-04 20:23:32','2025-11-04 20:23:32'),(521,73,'1.05.01.2.06.0008','Fasilitasi Kunjungan Tamu',NULL,'2025-11-04 20:23:32','2025-11-04 20:23:32'),(522,73,'1.05.01.2.06.0009','Penyelenggaraan Rapat Koordinasi dan Konsultasi SKPD',NULL,'2025-11-04 20:23:32','2025-11-04 20:23:32'),(523,74,'1.05.01.2.07.0001','Pengadaan Kendaraan Perorangan Dinas atau Kendaraan Dinas Jabatan',NULL,'2025-11-04 20:23:32','2025-11-04 20:23:32'),(524,74,'1.05.01.2.07.0005','Pengadaan Mebel',NULL,'2025-11-04 20:23:32','2025-11-04 20:23:32'),(525,74,'1.05.01.2.07.0006','Pengadaan Peralatan dan Mesin Lainnya',NULL,'2025-11-04 20:23:32','2025-11-04 20:23:32'),(526,75,'1.05.01.2.08.0002','Penyediaan Jasa Komunikasi, Sumber Daya Air dan Listrik',NULL,'2025-11-04 20:23:32','2025-11-04 20:23:32'),(527,75,'1.05.01.2.08.0004','Penyediaan Jasa Pelayanan Umum Kantor',NULL,'2025-11-04 20:23:32','2025-11-04 20:23:32'),(528,76,'1.05.01.2.09.0001','Penyediaan Jasa Pemeliharaan, Biaya Pemeliharaan, dan Pajak Kendaraan Perorangan Dinas atau Kendaraan Dinas Jabatan',NULL,'2025-11-04 20:23:32','2025-11-04 20:23:32'),(529,76,'1.05.01.2.09.0002','Penyediaan Jasa Pemeliharaan, Biaya Pemeliharaan, Pajak dan Perizinan Kendaraan Dinas Operasional atau Lapangan',NULL,'2025-11-04 20:23:32','2025-11-04 20:23:32'),(530,76,'1.05.01.2.09.0006','Pemeliharaan Peralatan dan Mesin Lainnya',NULL,'2025-11-04 20:23:32','2025-11-04 20:23:32'),(531,76,'1.05.01.2.09.0009','Pemeliharaan/Rehabilitasi Gedung Kantor dan Bangunan Lainnya',NULL,'2025-11-04 20:23:32','2025-11-04 20:23:32'),(532,76,'1.05.01.2.09.0011','Pemeliharaan/Rehabilitasi Sarana dan Prasarana Pendukung Gedung Kantor atau Bangunan Lainnya',NULL,'2025-11-04 20:23:32','2025-11-04 20:23:32'),(533,77,'1.05.02.2.01.0004','Pemberdayaan Perlindungan Masyarakat dalam rangka Ketentraman dan Ketertiban Umum',NULL,'2025-11-04 20:23:32','2025-11-04 20:23:32'),(534,77,'1.05.02.2.01.0015','Pencegahan Gangguan Ketenteraman dan Ketertiban Umum Melalui Deteksi Dini dan Cegah Dini, Pembinaan dan Penyuluhan, Pelaksanaan Patroli, Pengamanan, dan Pengawalan',NULL,'2025-11-04 20:23:32','2025-11-04 20:23:32'),(535,77,'1.05.02.2.01.0016','Penindakan Atas Gangguan Ketenteraman dan Ketertiban Umum berdasarkan Perda dan Perkada Melalui Penertiban dan Penanganan Unjuk Rasa dan Kerusuhan Massa',NULL,'2025-11-04 20:23:32','2025-11-04 20:23:32'),(536,78,'1.05.03.2.01.0007','Sosialisasi, Komunikasi, Informasi dan Edukasi (KIE) Rawan Bencana Kabupaten/Kota (Per Jenis Ancaman Bencana)',NULL,'2025-11-04 20:23:32','2025-11-04 20:23:32'),(537,79,'1.05.03.2.02.0020','Penguatan Kapasitas Kawasan untuk Pencegahan dan Kesiapsiagaan Bencana',NULL,'2025-11-04 20:23:32','2025-11-04 20:23:32'),(538,79,'1.05.03.2.02.0021','Pengembangan Kapasitas Tim Reaksi Cepat (TRC) Bencana Kabupaten/Kota',NULL,'2025-11-04 20:23:32','2025-11-04 20:23:32'),(539,79,'1.05.03.2.02.0026','Pengendalian Operasi dan Penyediaan Sarana Prasarana Kesiapsiagaan Terhadap Bencana Kabupaten/Kota',NULL,'2025-11-04 20:23:32','2025-11-04 20:23:32'),(540,79,'1.05.03.2.02.0028','Pelatihan Pencegahan dan Mitigasi Bencana Kabupaten/Kota',NULL,'2025-11-04 20:23:32','2025-11-04 20:23:32'),(541,80,'1.05.03.2.03.0002','Respon Cepat Darurat Bencana Kabupaten/Kota',NULL,'2025-11-04 20:23:32','2025-11-04 20:23:32'),(542,80,'1.05.03.2.03.0009','Penyediaan Logistik Penyelamatan dan Evakuasi Korban Bencana Kabupaten/Kota',NULL,'2025-11-04 20:23:32','2025-11-04 20:23:32'),(543,81,'1.05.03.2.04.0005','Pembinaan dan Pengawasan Penyelenggaraan Penanggulangan Bencana',NULL,'2025-11-04 20:23:32','2025-11-04 20:23:32'),(544,81,'1.05.03.2.04.0010','Koordinasi penanganan Pascabencana Kabupaten/Kota',NULL,'2025-11-04 20:23:32','2025-11-04 20:23:32'),(545,82,'1.05.04.2.01.0001','Pencegahan Kebakaran dalam Daerah Kabupaten/Kota',NULL,'2025-11-04 20:23:32','2025-11-04 20:23:32'),(546,82,'1.05.04.2.01.0002','Pemadaman dan Pengendalian Kebakaran dalam Daerah Kabupaten/Kota',NULL,'2025-11-04 20:23:32','2025-11-04 20:23:32'),(547,82,'1.05.04.2.01.0003','Penyelamatan dan Evakuasi Korban Kebakaran dan Non Kebakaran',NULL,'2025-11-04 20:23:32','2025-11-04 20:23:32'),(548,82,'1.05.04.2.01.0007','Pembinaan Aparatur Pemadam Kebakaran',NULL,'2025-11-04 20:23:32','2025-11-04 20:23:32'),(549,82,'1.05.04.2.01.0017','Pengadaan Sarana dan Prasarana Pencegahan, Penanggulangan Kebakaran dan Alat Pelindung Diri',NULL,'2025-11-04 20:23:32','2025-11-04 20:23:32'),(550,83,'1.05.04.2.02.0001','Pendataan Sarana Prasarana Proteksi Kebakaran',NULL,'2025-11-04 20:23:32','2025-11-04 20:23:32'),(551,83,'1.05.04.2.02.0002','Penilaian Sarana Prasarana Proteksi Kebakaran',NULL,'2025-11-04 20:23:32','2025-11-04 20:23:32'),(552,84,'1.05.04.2.03.0001','Investigasi Kejadian Kebakaran, Meliputi Penelitian dan Pengujian Penyebab Kejadian Kebakaran',NULL,'2025-11-04 20:23:32','2025-11-04 20:23:32'),(553,85,'1.05.04.2.04.0003','Dukungan Pemberdayaan Masyarakat/Relawan Pemadam Kebakaran Melalui Penyediaan Sarana dan PraSarana',NULL,'2025-11-04 20:23:32','2025-11-04 20:23:32'),(554,86,'1.06.01.2.01.0001','Penyusunan Dokumen Perencanaan Perangkat Daerah',NULL,'2025-11-04 20:23:32','2025-11-04 20:23:32'),(555,86,'1.06.01.2.01.0002','Koordinasi dan Penyusunan Dokumen RKA-SKPD',NULL,'2025-11-04 20:23:32','2025-11-04 20:23:32'),(556,86,'1.06.01.2.01.0003','Koordinasi dan Penyusunan Dokumen Perubahan RKA-SKPD',NULL,'2025-11-04 20:23:32','2025-11-04 20:23:32'),(557,86,'1.06.01.2.01.0006','Koordinasi dan Penyusunan Laporan Capaian Kinerja dan Ikhtisar Realisasi Kinerja SKPD',NULL,'2025-11-04 20:23:32','2025-11-04 20:23:32'),(558,87,'1.06.01.2.02.0001','Penyediaan Gaji dan Tunjangan ASN',NULL,'2025-11-04 20:23:32','2025-11-04 20:23:32'),(559,87,'1.06.01.2.02.0007','Koordinasi dan Penyusunan Laporan Keuangan Bulanan/ Triwulanan/ Semesteran SKPD',NULL,'2025-11-04 20:23:32','2025-11-04 20:23:32'),(560,88,'1.06.01.2.06.0002','Penyediaan Peralatan dan Perlengkapan Kantor',NULL,'2025-11-04 20:23:32','2025-11-04 20:23:32'),(561,88,'1.06.01.2.06.0004','Penyediaan Bahan Logistik Kantor',NULL,'2025-11-04 20:23:32','2025-11-04 20:23:32'),(562,88,'1.06.01.2.06.0005','Penyediaan Barang Cetakan dan Penggandaan',NULL,'2025-11-04 20:23:32','2025-11-04 20:23:32'),(563,88,'1.06.01.2.06.0006','Penyediaan Bahan Bacaan dan Peraturan Perundang-undangan',NULL,'2025-11-04 20:23:32','2025-11-04 20:23:32'),(564,88,'1.06.01.2.06.0008','Fasilitasi Kunjungan Tamu',NULL,'2025-11-04 20:23:32','2025-11-04 20:23:32'),(565,88,'1.06.01.2.06.0009','Penyelenggaraan Rapat Koordinasi dan Konsultasi SKPD',NULL,'2025-11-04 20:23:32','2025-11-04 20:23:32'),(566,89,'1.06.01.2.08.0002','Penyediaan Jasa Komunikasi, Sumber Daya Air dan Listrik',NULL,'2025-11-04 20:23:32','2025-11-04 20:23:32'),(567,89,'1.06.01.2.08.0004','Penyediaan Jasa Pelayanan Umum Kantor',NULL,'2025-11-04 20:23:32','2025-11-04 20:23:32'),(568,90,'1.06.01.2.09.0001','Penyediaan Jasa Pemeliharaan, Biaya Pemeliharaan, dan Pajak Kendaraan Perorangan Dinas atau Kendaraan Dinas Jabatan',NULL,'2025-11-04 20:23:32','2025-11-04 20:23:32'),(569,90,'1.06.01.2.09.0002','Penyediaan Jasa Pemeliharaan, Biaya Pemeliharaan, Pajak dan Perizinan Kendaraan Dinas Operasional atau Lapangan',NULL,'2025-11-04 20:23:32','2025-11-04 20:23:32'),(570,90,'1.06.01.2.09.0006','Pemeliharaan Peralatan dan Mesin Lainnya',NULL,'2025-11-04 20:23:32','2025-11-04 20:23:32'),(571,90,'1.06.01.2.09.0011','Pemeliharaan/Rehabilitasi Sarana dan Prasarana Pendukung Gedung Kantor atau Bangunan Lainnya',NULL,'2025-11-04 20:23:32','2025-11-04 20:23:32'),(572,91,'1.06.02.2.02.0001','Koordinasi dan Sinkronisasi Penerbitan Izin Undian Gratis Berhadiah dan Pengumpulan Uang atau Barang',NULL,'2025-11-04 20:23:32','2025-11-04 20:23:32'),(573,92,'1.06.02.2.03.0001','Peningkatan Kemampuan Potensi Pekerja Sosial Masyarakat Kewenangan Kabupaten/Kota',NULL,'2025-11-04 20:23:32','2025-11-04 20:23:32'),(574,92,'1.06.02.2.03.0002','Peningkatan Kemampuan Potensi Tenaga Kesejahteraan Sosial Kecamatan Kewenangan Kabupaten/Kota',NULL,'2025-11-04 20:23:32','2025-11-04 20:23:32'),(575,92,'1.06.02.2.03.0003','Peningkatan Kemampuan Potensi Sumber Kesejahteraan Sosial Keluarga Kewenangan Kabupaten/Kota',NULL,'2025-11-04 20:23:32','2025-11-04 20:23:32'),(576,92,'1.06.02.2.03.0004','Peningkatan Kemampuan Potensi Sumber Kesejahteraan Sosial Kelembagaan Masyarakat Kewenangan Kabupaten/Kota',NULL,'2025-11-04 20:23:32','2025-11-04 20:23:32'),(577,93,'1.06.03.2.01.0001','Fasilitasi Pemulangan Warga Negara Migran Korban Tindak Kekerasan dari Titik Debarkasi di Daerah Kabupaten/Kota untuk dipulangkan ke Desa/Kelurahan Asal',NULL,'2025-11-04 20:23:32','2025-11-04 20:23:32'),(578,94,'1.06.04.2.01.0001','Penyediaan Permakanan',NULL,'2025-11-04 20:23:32','2025-11-04 20:23:32'),(579,94,'1.06.04.2.01.0002','Penyediaan Sandang',NULL,'2025-11-04 20:23:32','2025-11-04 20:23:32'),(580,94,'1.06.04.2.01.0003','Penyediaan Alat Bantu',NULL,'2025-11-04 20:23:32','2025-11-04 20:23:32'),(581,94,'1.06.04.2.01.0005','Pemberian Bimbingan Fisik, Mental, Spiritual, dan Sosial',NULL,'2025-11-04 20:23:32','2025-11-04 20:23:32'),(582,95,'1.06.04.2.02.0014','Kerja Sama antar Lembaga dan Kemitraan dalam Pelaksanaan Rehabilitasi Sosial Kabupaten/Kota',NULL,'2025-11-04 20:23:32','2025-11-04 20:23:32'),(583,96,'1.06.05.2.02.0002','Pengelolaan Data Fakir Miskin Cakupan Daerah Kabupaten/Kota',NULL,'2025-11-04 20:23:32','2025-11-04 20:23:32'),(584,96,'1.06.05.2.02.0004','Fasilitasi Bantuan Pengembangan Ekonomi Masyarakat',NULL,'2025-11-04 20:23:32','2025-11-04 20:23:32'),(585,97,'1.06.06.2.01.0001','Penyediaan Makanan',NULL,'2025-11-04 20:23:32','2025-11-04 20:23:32'),(586,97,'1.06.06.2.01.0002','Penyediaan Sandang',NULL,'2025-11-04 20:23:32','2025-11-04 20:23:32'),(587,97,'1.06.06.2.01.0005','Pelayanan Dukungan Psikososial',NULL,'2025-11-04 20:23:32','2025-11-04 20:23:32'),(588,98,'1.06.06.2.02.0002','Koordinasi, Sosialisasi dan Pelaksanaan Taruna Siaga Bencana',NULL,'2025-11-04 20:23:32','2025-11-04 20:23:32'),(589,99,'2.07.03.2.01.0001','Proses Pelaksanaan Pendidikan dan Pelatihan Keterampilan bagi Pencari Kerja berdasarkan Klaster Kompetensi',NULL,'2025-11-04 20:23:32','2025-11-04 20:23:32'),(590,100,'2.07.04.2.03.0002','Pelayanan dan Penyediaan Informasi Pasar Kerja Online',NULL,'2025-11-04 20:23:32','2025-11-04 20:23:32'),(591,101,'2.07.05.2.01.0003','Penyelenggaraan Pendataan dan Informasi Sarana Hubungan Industrial dan Jaminan Sosial Tenaga Kerja serta Pengupahan',NULL,'2025-11-04 20:23:32','2025-11-04 20:23:32'),(592,102,'2.07.05.2.02.0001','Pencegahan Perselisihan Hubungan Industrial, Mogok Kerja, dan Penutupan Perusahaan yang Berakibat/Berdampak pada Kepentingan di 1 (Satu) Daerah Kabupaten/Kota',NULL,'2025-11-04 20:23:32','2025-11-04 20:23:32'),(593,103,'2.08.01.2.01.0001','Penyusunan Dokumen Perencanaan Perangkat Daerah',NULL,'2025-11-04 20:23:32','2025-11-04 20:23:32'),(594,103,'2.08.01.2.01.0002','Koordinasi dan Penyusunan Dokumen RKA-SKPD',NULL,'2025-11-04 20:23:32','2025-11-04 20:23:32'),(595,103,'2.08.01.2.01.0003','Koordinasi dan Penyusunan Dokumen Perubahan RKA-SKPD',NULL,'2025-11-04 20:23:32','2025-11-04 20:23:32'),(596,103,'2.08.01.2.01.0006','Koordinasi dan Penyusunan Laporan Capaian Kinerja dan Ikhtisar Realisasi Kinerja SKPD',NULL,'2025-11-04 20:23:32','2025-11-04 20:23:32'),(597,104,'2.08.01.2.02.0001','Penyediaan Gaji dan Tunjangan ASN',NULL,'2025-11-04 20:23:32','2025-11-04 20:23:32'),(598,105,'2.08.01.2.06.0001','Penyediaan Komponen Instalasi\n\nListrik/Penerangan Bangunan Kantor',NULL,'2025-11-04 20:23:32','2025-11-04 20:23:32'),(599,105,'2.08.01.2.06.0002','Penyediaan Peralatan dan Perlengkapan Kantor',NULL,'2025-11-04 20:23:32','2025-11-04 20:23:32'),(600,105,'2.08.01.2.06.0004','Penyediaan Bahan Logistik Kantor',NULL,'2025-11-04 20:23:32','2025-11-04 20:23:32'),(601,105,'2.08.01.2.06.0005','Penyediaan Barang Cetakan dan Penggandaan',NULL,'2025-11-04 20:23:32','2025-11-04 20:23:32'),(602,105,'2.08.01.2.06.0006','Penyediaan Bahan Bacaan dan Peraturan Perundang-undangan',NULL,'2025-11-04 20:23:32','2025-11-04 20:23:32'),(603,105,'2.08.01.2.06.0008','Fasilitasi Kunjungan Tamu',NULL,'2025-11-04 20:23:32','2025-11-04 20:23:32'),(604,105,'2.08.01.2.06.0009','Penyelenggaraan Rapat Koordinasi dan Konsultasi SKPD',NULL,'2025-11-04 20:23:32','2025-11-04 20:23:32'),(605,106,'2.08.01.2.08.0002','Penyediaan Jasa Komunikasi, Sumber Daya Air dan Listrik',NULL,'2025-11-04 20:23:32','2025-11-04 20:23:32'),(606,106,'2.08.01.2.08.0004','Penyediaan Jasa Pelayanan Umum Kantor',NULL,'2025-11-04 20:23:32','2025-11-04 20:23:32'),(607,107,'2.08.01.2.09.0001','Penyediaan Jasa Pemeliharaan, Biaya Pemeliharaan, dan Pajak Kendaraan Perorangan Dinas atau Kendaraan Dinas Jabatan',NULL,'2025-11-04 20:23:32','2025-11-04 20:23:32'),(608,107,'2.08.01.2.09.0002','Penyediaan Jasa Pemeliharaan, Biaya Pemeliharaan, Pajak dan Perizinan Kendaraan Dinas Operasional atau Lapangan',NULL,'2025-11-04 20:23:32','2025-11-04 20:23:32'),(609,107,'2.08.01.2.09.0011','Pemeliharaan/Rehabilitasi Sarana dan Prasarana Pendukung Gedung Kantor atau Bangunan Lainnya',NULL,'2025-11-04 20:23:32','2025-11-04 20:23:32'),(610,108,'2.08.02.2.01.0006','Advokasi Kebijakan dan Pendampingan Penyelenggaraan PUG kewenangan Kab/Kota',NULL,'2025-11-04 20:23:32','2025-11-04 20:23:32'),(611,109,'2.08.02.2.03.0003','Pengembangan Komunikasi, Informasi dan Edukasi (KIE) Pemberdayaan Perempuan Kewenangan Kabupaten/Kota',NULL,'2025-11-04 20:23:32','2025-11-04 20:23:32'),(612,110,'2.08.03.2.01.0002','Advokasi Kebijakan dan Pendampingan Layanan Perlindungan Perempuan Kewenangan Kabupaten/Kota',NULL,'2025-11-04 20:23:32','2025-11-04 20:23:32'),(613,111,'2.08.03.2.02.0001','Penyediaan Layanan Pengaduan Masyarakat bagi Perempuan Korban Kekerasan Kewenangan Kabupaten/Kota',NULL,'2025-11-04 20:23:32','2025-11-04 20:23:32'),(614,112,'2.08.04.2.01.0001','Advokasi Kebijakan dan Pendampingan untuk Mewujudkan KG dan Perlindungan Anak Kewenangan Kabupaten/Kota',NULL,'2025-11-04 20:23:33','2025-11-04 20:23:33'),(615,112,'2.08.04.2.01.0003','Pengembangan Kegiatan Masyarakat untuk Peningkatan Kualitas Keluarga Kewenangan Kabupaten/Kota',NULL,'2025-11-04 20:23:33','2025-11-04 20:23:33'),(616,113,'2.08.04.2.02.0003','Penguatan Jejaring antar Lembaga Penyedia Layanan Peningkatan Kualitas Keluarga Tingkat Daerah Kabupaten/Kota',NULL,'2025-11-04 20:23:33','2025-11-04 20:23:33'),(617,114,'2.08.05.2.01.0001','Penyediaan Data Gender dan Anak di Kewenangan Kabupaten/Kota',NULL,'2025-11-04 20:23:33','2025-11-04 20:23:33'),(618,115,'2.08.06.2.01.0002','Koordinasi dan Sinkronisasi Pelembagaan Pemenuhan Hak Anak Kewenangan Kabupaten/Kota',NULL,'2025-11-04 20:23:33','2025-11-04 20:23:33'),(619,116,'2.08.06.2.02.0001','Penyediaan Layanan Peningkatan Kualitas Hidup Anak Kewenangan Kabupaten/Kota',NULL,'2025-11-04 20:23:33','2025-11-04 20:23:33'),(620,116,'2.08.06.2.02.0004','Penguatan Jejaring antar Lembaga Penyedia Layanan Peningkatan Kualitas Hidup Anak Tingkat Daerah Kabupaten/Kota',NULL,'2025-11-04 20:23:33','2025-11-04 20:23:33'),(621,117,'2.08.07.2.01.0004','Advokasi dan pendampingan Perangkat Daerah dalam pelaksanaan kebijakan /program/ kegiatan pencegahan KTA',NULL,'2025-11-04 20:23:33','2025-11-04 20:23:33'),(622,118,'2.09.01.2.02.0001','Penyediaan Gaji dan Tunjangan ASN',NULL,'2025-11-04 20:23:33','2025-11-04 20:23:33'),(623,118,'2.09.01.2.02.0005','Koordinasi dan Penyusunan Laporan Keuangan Akhir Tahun SKPD',NULL,'2025-11-04 20:23:33','2025-11-04 20:23:33'),(624,119,'2.09.01.2.06.0001','Penyediaan Komponen Instalasi\n\nListrik/Penerangan Bangunan Kantor',NULL,'2025-11-04 20:23:33','2025-11-04 20:23:33'),(625,119,'2.09.01.2.06.0002','Penyediaan Peralatan dan Perlengkapan Kantor',NULL,'2025-11-04 20:23:33','2025-11-04 20:23:33'),(626,119,'2.09.01.2.06.0004','Penyediaan Bahan Logistik Kantor',NULL,'2025-11-04 20:23:33','2025-11-04 20:23:33'),(627,119,'2.09.01.2.06.0005','Penyediaan Barang Cetakan dan Penggandaan',NULL,'2025-11-04 20:23:33','2025-11-04 20:23:33'),(628,119,'2.09.01.2.06.0006','Penyediaan Bahan Bacaan dan Peraturan Perundang-undangan',NULL,'2025-11-04 20:23:33','2025-11-04 20:23:33'),(629,119,'2.09.01.2.06.0008','Fasilitasi Kunjungan Tamu',NULL,'2025-11-04 20:23:33','2025-11-04 20:23:33'),(630,119,'2.09.01.2.06.0009','Penyelenggaraan Rapat Koordinasi dan Konsultasi SKPD',NULL,'2025-11-04 20:23:33','2025-11-04 20:23:33'),(631,120,'2.09.01.2.09.0011','Pemeliharaan/Rehabilitasi Sarana dan Prasarana Pendukung Gedung Kantor atau Bangunan Lainnya',NULL,'2025-11-04 20:23:33','2025-11-04 20:23:33'),(632,121,'2.09.03.2.01.0007','Peningkatan Ketahanan Pangan Keluarga',NULL,'2025-11-04 20:23:33','2025-11-04 20:23:33'),(633,121,'2.09.03.2.01.0011','Pemantauan Stok Pangan',NULL,'2025-11-04 20:23:33','2025-11-04 20:23:33'),(634,121,'2.09.03.2.01.0012','Penyediaan Informasi Harga Pangan Tingkat Produsen dan Konsumen Wilayah Kabupaten/Kota',NULL,'2025-11-04 20:23:33','2025-11-04 20:23:33'),(635,122,'2.09.03.2.02.0003','Pengadaan Cadangan Pangan Pemerintah Kabupaten/Kota',NULL,'2025-11-04 20:23:33','2025-11-04 20:23:33'),(636,123,'2.09.03.2.04.0002','Pemberdayaan Masyarakat dalam Penganekaragaman Konsumsi Pangan Berbasis Sumber Daya Lokal',NULL,'2025-11-04 20:23:33','2025-11-04 20:23:33'),(637,124,'2.09.04.2.02.0002','Pelaksanaan Pengadaan, Pengelolaan, dan Penyaluran Cadangan Pangan pada Kerawanan Pangan yang Mencakup dalam 1 (satu) Daerah Kabupaten/Kota',NULL,'2025-11-04 20:23:33','2025-11-04 20:23:33'),(638,125,'2.09.05.2.01.0004','Rekomendasi Keamanan Pangan Segar Asal Tumbuhan Daerah Kabupaten/Kota',NULL,'2025-11-04 20:23:33','2025-11-04 20:23:33'),(639,126,'2.10.04.2.01.0004','Mediasi Penyelesaian Kasus Pertanahan dalam 1 (satu) Daerah Kabupaten/Kota',NULL,'2025-11-04 20:23:33','2025-11-04 20:23:33'),(640,127,'2.10.05.2.01.0002','Koordinasi dan Sinkronisasi Penyelesaian Masalah Ganti Kerugian dan Santunan Tanah untuk Pembangunan oleh Pemerintah Daerah Kabupaten/Kota',NULL,'2025-11-04 20:23:33','2025-11-04 20:23:33'),(641,128,'2.10.10.2.01.0001','Koordinasi dan Sinkronisasi Perencanaan Penggunaan Tanah',NULL,'2025-11-04 20:23:33','2025-11-04 20:23:33'),(642,128,'2.10.10.2.01.0003','Koordinasi dan Sinkronisasi Pelaksanaan Konsolidasi Tanah Kabupaten/Kota',NULL,'2025-11-04 20:23:33','2025-11-04 20:23:33'),(643,129,'2.11.01.2.01.0001','Penyusunan Dokumen Perencanaan Perangkat Daerah',NULL,'2025-11-04 20:23:33','2025-11-04 20:23:33'),(644,129,'2.11.01.2.01.0002','Koordinasi dan Penyusunan Dokumen RKA-SKPD',NULL,'2025-11-04 20:23:33','2025-11-04 20:23:33'),(645,129,'2.11.01.2.01.0003','Koordinasi dan Penyusunan Dokumen Perubahan RKA-SKPD',NULL,'2025-11-04 20:23:33','2025-11-04 20:23:33'),(646,129,'2.11.01.2.01.0006','Koordinasi dan Penyusunan Laporan Capaian Kinerja dan Ikhtisar Realisasi Kinerja SKPD',NULL,'2025-11-04 20:23:33','2025-11-04 20:23:33'),(647,130,'2.11.01.2.02.0001','Penyediaan Gaji dan Tunjangan ASN',NULL,'2025-11-04 20:23:33','2025-11-04 20:23:33'),(648,130,'2.11.01.2.02.0007','Koordinasi dan Penyusunan Laporan Keuangan Bulanan/ Triwulanan/ Semesteran SKPD',NULL,'2025-11-04 20:23:33','2025-11-04 20:23:33'),(649,131,'2.11.01.2.06.0002','Penyediaan Peralatan dan Perlengkapan Kantor',NULL,'2025-11-04 20:23:33','2025-11-04 20:23:33'),(650,131,'2.11.01.2.06.0004','Penyediaan Bahan Logistik Kantor',NULL,'2025-11-04 20:23:33','2025-11-04 20:23:33'),(651,131,'2.11.01.2.06.0005','Penyediaan Barang Cetakan dan Penggandaan',NULL,'2025-11-04 20:23:33','2025-11-04 20:23:33'),(652,131,'2.11.01.2.06.0006','Penyediaan Bahan Bacaan dan Peraturan Perundang-undangan',NULL,'2025-11-04 20:23:33','2025-11-04 20:23:33'),(653,131,'2.11.01.2.06.0008','Fasilitasi Kunjungan Tamu',NULL,'2025-11-04 20:23:33','2025-11-04 20:23:33'),(654,131,'2.11.01.2.06.0009','Penyelenggaraan Rapat Koordinasi dan Konsultasi SKPD',NULL,'2025-11-04 20:23:33','2025-11-04 20:23:33'),(655,132,'2.11.01.2.07.0005','Pengadaan Mebel',NULL,'2025-11-04 20:23:33','2025-11-04 20:23:33'),(656,133,'2.11.01.2.08.0002','Penyediaan Jasa Komunikasi, Sumber Daya Air dan Listrik',NULL,'2025-11-04 20:23:33','2025-11-04 20:23:33'),(657,133,'2.11.01.2.08.0004','Penyediaan Jasa Pelayanan Umum Kantor',NULL,'2025-11-04 20:23:33','2025-11-04 20:23:33'),(658,134,'2.11.01.2.09.0001','Penyediaan Jasa Pemeliharaan, Biaya Pemeliharaan, dan Pajak Kendaraan Perorangan Dinas atau Kendaraan Dinas Jabatan',NULL,'2025-11-04 20:23:33','2025-11-04 20:23:33'),(659,134,'2.11.01.2.09.0002','Penyediaan Jasa Pemeliharaan, Biaya Pemeliharaan, Pajak dan Perizinan Kendaraan Dinas Operasional atau Lapangan',NULL,'2025-11-04 20:23:33','2025-11-04 20:23:33'),(660,134,'2.11.01.2.09.0006','Pemeliharaan Peralatan dan Mesin Lainnya',NULL,'2025-11-04 20:23:33','2025-11-04 20:23:33'),(661,134,'2.11.01.2.09.0010','Pemeliharaan/Rehabilitasi Sarana dan Prasarana Gedung Kantor atau Bangunan Lainnya',NULL,'2025-11-04 20:23:33','2025-11-04 20:23:33'),(662,135,'2.11.02.2.01.0002','Pengendalian Pelaksanaan RPPLH Kabupaten/Kota',NULL,'2025-11-04 20:23:33','2025-11-04 20:23:33'),(663,136,'2.11.03.2.01.0001','Koordinasi, Sinkronisasi, dan Pelaksanaan Pencegahan Pencemaran Lingkungan Hidup Dilaksanakan Terhadap Media Tanah, Air, Udara, dan Laut',NULL,'2025-11-04 20:23:33','2025-11-04 20:23:33'),(664,136,'2.11.03.2.01.0015','Pengelolaan Laboratorium Lingkungan Hidup kabupaten/kota',NULL,'2025-11-04 20:23:33','2025-11-04 20:23:33'),(665,137,'2.11.03.2.02.0003','Penghentian Pencemaran dan/atau Kerusakan Lingkungan Hidup',NULL,'2025-11-04 20:23:33','2025-11-04 20:23:33'),(666,138,'2.11.03.2.03.0001','Koordinasi dan Sinkronisasi Penghentian Sumber Pencemaran',NULL,'2025-11-04 20:23:33','2025-11-04 20:23:33'),(667,139,'2.11.04.2.01.0004','Pengelolaan Ruang Terbuka Hijau (RTH)',NULL,'2025-11-04 20:23:33','2025-11-04 20:23:33'),(668,139,'2.11.04.2.01.0008','Pengelolaan Taman Keanekaragaman Hayati Lainnya',NULL,'2025-11-04 20:23:33','2025-11-04 20:23:33'),(669,140,'2.11.06.2.01.0001','Fasilitasi Pemenuhan Ketentuan dan Kewajiban Izin Lingkungan dan/atau Izin PPLH',NULL,'2025-11-04 20:23:33','2025-11-04 20:23:33'),(670,140,'2.11.06.2.01.0009','Pengawasan Perizinan Berusaha atau Persetujuan Pemerintah terkait Persetujuan Lingkungan yang diterbitkan oleh Pemerintah Daerah Kabupaten/Kota dan Peraturan Perundang-undangan di bidang Perlindungan dan Pengelolaan Lingkungan Hidup',NULL,'2025-11-04 20:23:33','2025-11-04 20:23:33'),(671,141,'2.11.08.2.01.0005','Peningkatan Kapasitas dan Kompetensi Sumber Daya Manusia Bidang lingkungan hidup untuk Lembaga pendidikan formal/lembaga masyarakat/komunitas/kelompok masyarakat',NULL,'2025-11-04 20:23:33','2025-11-04 20:23:33'),(672,142,'2.11.11.2.01.0007','Penyediaan Sarana dan Prasarana Pengelolaan Persampahan di TPA/TPST/SPA Kabupaten/Kota',NULL,'2025-11-04 20:23:33','2025-11-04 20:23:33'),(673,142,'2.11.11.2.01.0017','Penanganan sampah melalui pemilahan dan pengolahan sampah di instalasi pengolahan sampah TPS3R, PDU, TPST, TPS, SPA, PSEL/PLTSa, RDF, pusat pengomposan, biodigester, Bank Sampah dan fasilitas lainnya sesuai dengan peraturan perundangan',NULL,'2025-11-04 20:23:33','2025-11-04 20:23:33'),(674,143,'2.12.01.2.01.0001','Penyusunan Dokumen Perencanaan Perangkat Daerah',NULL,'2025-11-04 20:23:33','2025-11-04 20:23:33'),(675,143,'2.12.01.2.01.0002','Koordinasi dan Penyusunan Dokumen RKA-SKPD',NULL,'2025-11-04 20:23:33','2025-11-04 20:23:33'),(676,143,'2.12.01.2.01.0003','Koordinasi dan Penyusunan Dokumen Perubahan RKA-SKPD',NULL,'2025-11-04 20:23:33','2025-11-04 20:23:33'),(677,143,'2.12.01.2.01.0006','Koordinasi dan Penyusunan Laporan Capaian Kinerja dan Ikhtisar Realisasi Kinerja SKPD',NULL,'2025-11-04 20:23:33','2025-11-04 20:23:33'),(678,144,'2.12.01.2.02.0001','Penyediaan Gaji dan Tunjangan ASN',NULL,'2025-11-04 20:23:33','2025-11-04 20:23:33'),(679,144,'2.12.01.2.02.0005','Koordinasi dan Penyusunan Laporan Keuangan Akhir Tahun SKPD',NULL,'2025-11-04 20:23:33','2025-11-04 20:23:33'),(680,145,'2.12.01.2.05.0011','Bimbingan Teknis Implementasi Peraturan Perundang-Undangan',NULL,'2025-11-04 20:23:33','2025-11-04 20:23:33'),(681,146,'2.12.01.2.06.0001','Penyediaan Komponen Instalasi\n\nListrik/Penerangan Bangunan Kantor',NULL,'2025-11-04 20:23:33','2025-11-04 20:23:33'),(682,146,'2.12.01.2.06.0002','Penyediaan Peralatan dan Perlengkapan Kantor',NULL,'2025-11-04 20:23:33','2025-11-04 20:23:33'),(683,146,'2.12.01.2.06.0004','Penyediaan Bahan Logistik Kantor',NULL,'2025-11-04 20:23:33','2025-11-04 20:23:33'),(684,146,'2.12.01.2.06.0005','Penyediaan Barang Cetakan dan Penggandaan',NULL,'2025-11-04 20:23:33','2025-11-04 20:23:33'),(685,146,'2.12.01.2.06.0006','Penyediaan Bahan Bacaan dan Peraturan Perundang-undangan',NULL,'2025-11-04 20:23:33','2025-11-04 20:23:33'),(686,146,'2.12.01.2.06.0008','Fasilitasi Kunjungan Tamu',NULL,'2025-11-04 20:23:33','2025-11-04 20:23:33'),(687,146,'2.12.01.2.06.0009','Penyelenggaraan Rapat Koordinasi dan Konsultasi SKPD',NULL,'2025-11-04 20:23:33','2025-11-04 20:23:33'),(688,147,'2.12.01.2.07.0005','Pengadaan Mebel',NULL,'2025-11-04 20:23:33','2025-11-04 20:23:33'),(689,148,'2.12.01.2.08.0002','Penyediaan Jasa Komunikasi, Sumber Daya Air dan Listrik',NULL,'2025-11-04 20:23:33','2025-11-04 20:23:33'),(690,148,'2.12.01.2.08.0004','Penyediaan Jasa Pelayanan Umum Kantor',NULL,'2025-11-04 20:23:33','2025-11-04 20:23:33'),(691,149,'2.12.01.2.09.0001','Penyediaan Jasa Pemeliharaan, Biaya Pemeliharaan, dan Pajak Kendaraan Perorangan Dinas atau Kendaraan Dinas Jabatan',NULL,'2025-11-04 20:23:33','2025-11-04 20:23:33'),(692,149,'2.12.01.2.09.0006','Pemeliharaan Peralatan dan Mesin Lainnya',NULL,'2025-11-04 20:23:33','2025-11-04 20:23:33'),(693,150,'2.12.02.2.01.0004','Peningkatan Pelayanan Pendaftaran Penduduk',NULL,'2025-11-04 20:23:33','2025-11-04 20:23:33'),(694,151,'2.12.03.2.01.0001','Pencatatan, Penatausahaan dan Penerbitan Dokumen Atas Pelaporan Peristiwa Penting',NULL,'2025-11-04 20:23:33','2025-11-04 20:23:33'),(695,151,'2.12.03.2.01.0002','Peningkatan dalam Pelayanan Pencatatan Sipil',NULL,'2025-11-04 20:23:33','2025-11-04 20:23:33'),(696,152,'2.12.04.2.01.0001','Pengolahan dan Penyajian Data Kependudukan',NULL,'2025-11-04 20:23:33','2025-11-04 20:23:33'),(697,152,'2.12.04.2.01.0002','Kerja Sama Pemanfaatan Data Kependudukan',NULL,'2025-11-04 20:23:33','2025-11-04 20:23:33'),(698,153,'2.12.04.2.03.0005','Sosialisasi Terkait Pengelolaan Informasi Administrasi Kependudukan',NULL,'2025-11-04 20:23:33','2025-11-04 20:23:33'),(699,154,'2.12.05.2.01.0002','Penyusunan Profil Data Perkembangan dan Proyeksi Kependudukan serta Kebutuhan yang Lain',NULL,'2025-11-04 20:23:33','2025-11-04 20:23:33'),(700,155,'2.14.01.2.01.0001','Penyusunan Dokumen Perencanaan Perangkat Daerah',NULL,'2025-11-04 20:23:33','2025-11-04 20:23:33'),(701,155,'2.14.01.2.01.0002','Koordinasi dan Penyusunan Dokumen RKA-SKPD',NULL,'2025-11-04 20:23:33','2025-11-04 20:23:33'),(702,155,'2.14.01.2.01.0003','Koordinasi dan Penyusunan Dokumen Perubahan RKA-SKPD',NULL,'2025-11-04 20:23:33','2025-11-04 20:23:33'),(703,155,'2.14.01.2.01.0006','Koordinasi dan Penyusunan Laporan Capaian Kinerja dan Ikhtisar Realisasi Kinerja SKPD',NULL,'2025-11-04 20:23:33','2025-11-04 20:23:33'),(704,156,'2.14.01.2.02.0001','Penyediaan Gaji dan Tunjangan ASN',NULL,'2025-11-04 20:23:33','2025-11-04 20:23:33'),(705,156,'2.14.01.2.02.0005','Koordinasi dan Penyusunan Laporan Keuangan Akhir Tahun SKPD',NULL,'2025-11-04 20:23:33','2025-11-04 20:23:33'),(706,156,'2.14.01.2.02.0007','Koordinasi dan Penyusunan Laporan Keuangan Bulanan/ Triwulanan/ Semesteran SKPD',NULL,'2025-11-04 20:23:33','2025-11-04 20:23:33'),(707,157,'2.14.01.2.06.0001','Penyediaan Komponen Instalasi\n\nListrik/Penerangan Bangunan Kantor',NULL,'2025-11-04 20:23:33','2025-11-04 20:23:33'),(708,157,'2.14.01.2.06.0002','Penyediaan Peralatan dan Perlengkapan Kantor',NULL,'2025-11-04 20:23:33','2025-11-04 20:23:33'),(709,157,'2.14.01.2.06.0004','Penyediaan Bahan Logistik Kantor',NULL,'2025-11-04 20:23:33','2025-11-04 20:23:33'),(710,157,'2.14.01.2.06.0005','Penyediaan Barang Cetakan dan Penggandaan',NULL,'2025-11-04 20:23:33','2025-11-04 20:23:33'),(711,157,'2.14.01.2.06.0006','Penyediaan Bahan Bacaan dan Peraturan Perundang-undangan',NULL,'2025-11-04 20:23:33','2025-11-04 20:23:33'),(712,157,'2.14.01.2.06.0009','Penyelenggaraan Rapat Koordinasi dan Konsultasi SKPD',NULL,'2025-11-04 20:23:33','2025-11-04 20:23:33'),(713,158,'2.14.01.2.07.0005','Pengadaan Mebel',NULL,'2025-11-04 20:23:33','2025-11-04 20:23:33'),(714,158,'2.14.01.2.07.0009','Pengadaan Gedung Kantor atau Bangunan Lainnya',NULL,'2025-11-04 20:23:33','2025-11-04 20:23:33'),(715,158,'2.14.01.2.07.0010','Pengadaan Sarana dan Prasarana Gedung Kantor atau Bangunan Lainnya',NULL,'2025-11-04 20:23:33','2025-11-04 20:23:33'),(716,159,'2.14.01.2.08.0002','Penyediaan Jasa Komunikasi, Sumber Daya Air dan Listrik',NULL,'2025-11-04 20:23:33','2025-11-04 20:23:33'),(717,159,'2.14.01.2.08.0004','Penyediaan Jasa Pelayanan Umum Kantor',NULL,'2025-11-04 20:23:33','2025-11-04 20:23:33'),(718,160,'2.14.01.2.09.0001','Penyediaan Jasa Pemeliharaan, Biaya Pemeliharaan, dan Pajak Kendaraan Perorangan Dinas atau Kendaraan Dinas Jabatan',NULL,'2025-11-04 20:23:33','2025-11-04 20:23:33'),(719,160,'2.14.01.2.09.0006','Pemeliharaan Peralatan dan Mesin Lainnya',NULL,'2025-11-04 20:23:33','2025-11-04 20:23:33'),(720,160,'2.14.01.2.09.0009','Pemeliharaan/Rehabilitasi Gedung Kantor dan Bangunan Lainnya',NULL,'2025-11-04 20:23:33','2025-11-04 20:23:33'),(721,160,'2.14.01.2.09.0011','Pemeliharaan/Rehabilitasi Sarana dan Prasarana Pendukung Gedung Kantor atau Bangunan Lainnya',NULL,'2025-11-04 20:23:33','2025-11-04 20:23:33'),(722,161,'2.14.02.2.01.0007','Penyediaan dan Pengembangan Materi Pendidikan Kependudukan Jalur Pendidikan Formal Sesuai Isu Lokal Kabupaten/Kota',NULL,'2025-11-04 20:23:33','2025-11-04 20:23:33'),(723,161,'2.14.02.2.01.0009','Advokasi, Sosialisasi dan Fasilitasi Pelaksanaan Pendidikan Kependudukan Jalur Formal di Satuan Pendidikan Jenjang SD/MI dan SLTP/MTS, Jalur Nonformal dan Informal',NULL,'2025-11-04 20:23:33','2025-11-04 20:23:33'),(724,161,'2.14.02.2.01.0023','Pelaksanaan Rapat Pengendalian Program Bangga Kencana',NULL,'2025-11-04 20:23:33','2025-11-04 20:23:33'),(725,162,'2.14.02.2.02.0009','Pembinaan dan Pengawasan Penyelenggaraan Sistem Informasi Keluarga',NULL,'2025-11-04 20:23:33','2025-11-04 20:23:33'),(726,162,'2.14.02.2.02.0012','Pencatatan dan Pengumpulan Data Keluarga',NULL,'2025-11-04 20:23:33','2025-11-04 20:23:33'),(727,162,'2.14.02.2.02.0013','Pengolahan dan Pelaporan Data Pengendalian Lapangan dan Pelayanan KB',NULL,'2025-11-04 20:23:33','2025-11-04 20:23:33'),(728,163,'2.14.03.2.01.0008','Pengendalian Program KKBPK',NULL,'2025-11-04 20:23:33','2025-11-04 20:23:33'),(729,163,'2.14.03.2.01.0010','Pengelolaan Operasional dan Sarana di Balai Penyuluhan Bangga Kencana',NULL,'2025-11-04 20:23:33','2025-11-04 20:23:33'),(730,163,'2.14.03.2.01.0011','Pelaksanaan Mekanisme Operasional Program Bangga Kencana melalui Rapat Koordinasi Kecamatan (Rakorcam), Rapat Koordinasi Desa (Rakordes), dan Mini Lokakarya (Minilok)',NULL,'2025-11-04 20:23:33','2025-11-04 20:23:33'),(731,163,'2.14.03.2.01.0012','Promosi dan KIE Program Bangga Kencana Melalui Media Massa Cetak dan Elektronik serta Media Luar Ruang',NULL,'2025-11-04 20:23:33','2025-11-04 20:23:33'),(732,163,'2.14.03.2.01.0013','Komunikasi, Informasi dan Edukasi (KIE) ProgramBangga Kencana sesuai Kearifan Budaya Lokal',NULL,'2025-11-04 20:23:33','2025-11-04 20:23:33'),(733,163,'2.14.03.2.01.0014','Advokasi Program Bangga kencana oleh pokja advokasi kepada Stakeholders dan Mitra Kerja',NULL,'2025-11-04 20:23:33','2025-11-04 20:23:33'),(734,164,'2.14.03.2.02.0004','Penggerakan Kader Institusi Masyarakat Pedesaan (IMP)',NULL,'2025-11-04 20:23:33','2025-11-04 20:23:33'),(735,165,'2.14.03.2.03.0001','Pengendalian Pendistribusian Alat dan Obat Kontrasepsi dan Sarana Penunjang Pelayanan KB ke Fasilitas Kesehatan Termasuk Jaringan dan Jejaringnya',NULL,'2025-11-04 20:23:33','2025-11-04 20:23:33'),(736,165,'2.14.03.2.03.0003','Peningkatan Kesertaan Penggunaan Metode Kontrasepsi Jangka Panjang (MKJP)',NULL,'2025-11-04 20:23:33','2025-11-04 20:23:33'),(737,165,'2.14.03.2.03.0005','Penyusunan Rencana Kebutuhan Alat dan Obat Kontrasepsi (Alokon) dan Sarana Penunjang Pelayanan KB',NULL,'2025-11-04 20:23:33','2025-11-04 20:23:33'),(738,165,'2.14.03.2.03.0006','Penyediaan Sarana Penunjang Pelayanan KB',NULL,'2025-11-04 20:23:33','2025-11-04 20:23:33'),(739,165,'2.14.03.2.03.0008','Pembinaan Pelayanan Keluarga Berencana dan Kesehatan Reproduksi di Fasilitas Kesehatan Termasuk Jaringan dan Jejaringnya',NULL,'2025-11-04 20:23:33','2025-11-04 20:23:33'),(740,165,'2.14.03.2.03.0011','Dukungan Operasional Pelayanan KB Bergerak',NULL,'2025-11-04 20:23:33','2025-11-04 20:23:33'),(741,166,'2.14.03.2.04.0001','Penguatan Peran Serta Organisasi Kemasyarakatan dan Mitra Kerja Lainnya dalam Pelaksanaan Pelayanan dan Pembinaan Kesertaan Ber-KB',NULL,'2025-11-04 20:23:33','2025-11-04 20:23:33'),(742,166,'2.14.03.2.04.0002','Integrasi Pembangunan Lintas Sektor di Kampung KB',NULL,'2025-11-04 20:23:33','2025-11-04 20:23:33'),(743,166,'2.14.03.2.04.0005','Fasilitasi Pengelolaan Dapur Sehat Atasi Stunting (DASHAT) di Kampung Keluarga Berkualitas',NULL,'2025-11-04 20:23:33','2025-11-04 20:23:33'),(744,166,'2.14.03.2.04.0006','Pelaksanaan dan Pengelolaan Program Bangga Kencana di Kampung Keluarga Berkualitas',NULL,'2025-11-04 20:23:33','2025-11-04 20:23:33'),(745,167,'2.14.04.2.01.0016','Pengelolaan Ketahanan Keluarga Melalui Pusat Pelayanan Keluarga Sejahtera (PPKS)',NULL,'2025-11-04 20:23:33','2025-11-04 20:23:33'),(746,167,'2.14.04.2.01.0018','Pengadaan Sarana Kelompok Kegiatan Ketahanan dan Kesejahteraan Keluarga (BKB, BKR, BKL, PPKS, PIK-R dan Usaha Peningkatan Pendapatan Keluarga Akseptor (UPPKA)',NULL,'2025-11-04 20:23:33','2025-11-04 20:23:33'),(747,167,'2.14.04.2.01.0021','Orientasi dan Pelatihan Teknis Pengelola Ketahanan dan Kesejahteraan Keluarga (BKB, BKR, BKL, PPKS, PIK-R dan Usaha Peningkatan Pendapatan Keluarga Akseptor (UPPKA)',NULL,'2025-11-04 20:23:33','2025-11-04 20:23:33'),(748,167,'2.14.04.2.01.0024','Penyediaan Biaya Operasional bagi Pengelola dan Pelaksana (Kader) Ketahanan dan Kesejaheraan Keluarga (BKB, BKR, BKL, PPKS, PIK-R dan Usaha Peningkatan Pendapatan Keluarga Akseptor (UPPKA)',NULL,'2025-11-04 20:23:33','2025-11-04 20:23:33'),(749,168,'2.14.04.2.02.0005','Pemantauan  Data dan Informasi Keluarga Berisiko Stunting (Termasuk remaja Calon Pengantin/Calon PUS, Ibu Hamil, Pasca salin/kelahiran, Baduta/Balita)',NULL,'2025-11-04 20:23:33','2025-11-04 20:23:33'),(750,168,'2.14.04.2.02.0006','Pendampingan Keluarga Berisiko Stunting (Termasuk remaja Calon Pengantin/Calon PUS, Ibu Hamil, Pasca salin/kelahiran, Baduta/Balita)',NULL,'2025-11-04 20:23:33','2025-11-04 20:23:33'),(751,169,'2.15.01.2.01.0001','Penyusunan Dokumen Perencanaan Perangkat Daerah',NULL,'2025-11-04 20:23:33','2025-11-04 20:23:33'),(752,169,'2.15.01.2.01.0002','Koordinasi dan Penyusunan Dokumen RKA-SKPD',NULL,'2025-11-04 20:23:33','2025-11-04 20:23:33'),(753,169,'2.15.01.2.01.0003','Koordinasi dan Penyusunan Dokumen Perubahan RKA-SKPD',NULL,'2025-11-04 20:23:33','2025-11-04 20:23:33'),(754,169,'2.15.01.2.01.0006','Koordinasi dan Penyusunan Laporan Capaian Kinerja dan Ikhtisar Realisasi Kinerja SKPD',NULL,'2025-11-04 20:23:33','2025-11-04 20:23:33'),(755,170,'2.15.01.2.02.0001','Penyediaan Gaji dan Tunjangan ASN',NULL,'2025-11-04 20:23:33','2025-11-04 20:23:33'),(756,170,'2.15.01.2.02.0007','Koordinasi dan Penyusunan Laporan Keuangan Bulanan/ Triwulanan/ Semesteran SKPD',NULL,'2025-11-04 20:23:33','2025-11-04 20:23:33'),(757,171,'2.15.01.2.05.0010','Sosialisasi Peraturan Perundang-Undangan',NULL,'2025-11-04 20:23:33','2025-11-04 20:23:33'),(758,171,'2.15.01.2.05.0011','Bimbingan Teknis Implementasi Peraturan Perundang-Undangan',NULL,'2025-11-04 20:23:33','2025-11-04 20:23:33'),(759,172,'2.15.01.2.06.0001','Penyediaan Komponen Instalasi\n\nListrik/Penerangan Bangunan Kantor',NULL,'2025-11-04 20:23:33','2025-11-04 20:23:33'),(760,172,'2.15.01.2.06.0002','Penyediaan Peralatan dan Perlengkapan Kantor',NULL,'2025-11-04 20:23:33','2025-11-04 20:23:33'),(761,172,'2.15.01.2.06.0004','Penyediaan Bahan Logistik Kantor',NULL,'2025-11-04 20:23:33','2025-11-04 20:23:33'),(762,172,'2.15.01.2.06.0005','Penyediaan Barang Cetakan dan Penggandaan',NULL,'2025-11-04 20:23:33','2025-11-04 20:23:33'),(763,172,'2.15.01.2.06.0006','Penyediaan Bahan Bacaan dan Peraturan Perundang-undangan',NULL,'2025-11-04 20:23:33','2025-11-04 20:23:33'),(764,172,'2.15.01.2.06.0008','Fasilitasi Kunjungan Tamu',NULL,'2025-11-04 20:23:33','2025-11-04 20:23:33'),(765,172,'2.15.01.2.06.0009','Penyelenggaraan Rapat Koordinasi dan Konsultasi SKPD',NULL,'2025-11-04 20:23:33','2025-11-04 20:23:33'),(766,173,'2.15.01.2.08.0002','Penyediaan Jasa Komunikasi, Sumber Daya Air dan Listrik',NULL,'2025-11-04 20:23:33','2025-11-04 20:23:33'),(767,173,'2.15.01.2.08.0004','Penyediaan Jasa Pelayanan Umum Kantor',NULL,'2025-11-04 20:23:33','2025-11-04 20:23:33'),(768,174,'2.15.01.2.09.0001','Penyediaan Jasa Pemeliharaan, Biaya Pemeliharaan, dan Pajak Kendaraan Perorangan Dinas atau Kendaraan Dinas Jabatan',NULL,'2025-11-04 20:23:33','2025-11-04 20:23:33'),(769,174,'2.15.01.2.09.0002','Penyediaan Jasa Pemeliharaan, Biaya Pemeliharaan, Pajak dan Perizinan Kendaraan Dinas Operasional atau Lapangan',NULL,'2025-11-04 20:23:33','2025-11-04 20:23:33'),(770,174,'2.15.01.2.09.0006','Pemeliharaan Peralatan dan Mesin Lainnya',NULL,'2025-11-04 20:23:33','2025-11-04 20:23:33'),(771,174,'2.15.01.2.09.0010','Pemeliharaan/Rehabilitasi Sarana dan Prasarana Gedung Kantor atau Bangunan Lainnya',NULL,'2025-11-04 20:23:33','2025-11-04 20:23:33'),(772,175,'2.15.02.2.02.0002','Penyediaan Perlengkapan Jalan di Jalan Kabupaten/Kota',NULL,'2025-11-04 20:23:33','2025-11-04 20:23:33'),(773,175,'2.15.02.2.02.0004','Rehabilitasi dan Pemeliharaan Perlengkapan Jalan',NULL,'2025-11-04 20:23:33','2025-11-04 20:23:33'),(774,176,'2.15.02.2.03.0006','Pengawasan Operasional Terminal Penumpang Tipe C',NULL,'2025-11-04 20:23:33','2025-11-04 20:23:33'),(775,177,'2.15.02.2.04.0002','Koordinasi dan Sinkronisasi Pengawasan Pelaksanaan Izin Penyelenggaraan dan Pembangunan Fasilitas Parkir Kewenangan Kabupaten/Kota',NULL,'2025-11-04 20:23:33','2025-11-04 20:23:33'),(776,178,'2.15.02.2.05.0001','Penyediaan Sarana dan Prasarana Pengujian Berkala Kendaraan Bermotor',NULL,'2025-11-04 20:23:33','2025-11-04 20:23:33'),(777,179,'2.15.02.2.06.0015','Forum Lalu Lintas dan Angkutan Jalan untuk Jaringan Jalan Kabupaten/Kota',NULL,'2025-11-04 20:23:33','2025-11-04 20:23:33'),(778,179,'2.15.02.2.06.0016','Pengadaan dan Pemasangan Perlengkapan Jalan dalam rangka Manajemen dan Rekayasa Lalu Lintas',NULL,'2025-11-04 20:23:33','2025-11-04 20:23:33'),(779,180,'2.15.02.2.07.0006','Pengawasan Pelaksanaan Rekomendasi Persetujuan Teknis Andalalin',NULL,'2025-11-04 20:23:33','2025-11-04 20:23:33'),(780,181,'2.15.02.2.08.0006','Pelaksanaan Inspeksi Keselamatan Angkutan pada Terminal Tipe C',NULL,'2025-11-04 20:23:33','2025-11-04 20:23:33'),(781,182,'2.15.02.2.09.0003','Penyediaan Angkutan Umum untuk Jasa Angkutan Orang dan/atau Barang Antar Kota dalam 1 (Satu) Daerah Kabupaten/Kota',NULL,'2025-11-04 20:23:33','2025-11-04 20:23:33'),(782,183,'2.15.02.2.11.0003','Pengendalian Pelaksanaan Rencana Umum Jaringan Trayek Perkotaan dalam 1 (Satu) Daerah Kabupaten/Kota',NULL,'2025-11-04 20:23:33','2025-11-04 20:23:33'),(783,184,'2.16.01.2.01.0001','Penyusunan Dokumen Perencanaan Perangkat Daerah',NULL,'2025-11-04 20:23:33','2025-11-04 20:23:33'),(784,184,'2.16.01.2.01.0002','Koordinasi dan Penyusunan Dokumen RKA-SKPD',NULL,'2025-11-04 20:23:33','2025-11-04 20:23:33'),(785,184,'2.16.01.2.01.0003','Koordinasi dan Penyusunan Dokumen Perubahan RKA-SKPD',NULL,'2025-11-04 20:23:33','2025-11-04 20:23:33'),(786,184,'2.16.01.2.01.0006','Koordinasi dan Penyusunan Laporan Capaian Kinerja dan Ikhtisar Realisasi Kinerja SKPD',NULL,'2025-11-04 20:23:33','2025-11-04 20:23:33'),(787,185,'2.16.01.2.02.0001','Penyediaan Gaji dan Tunjangan ASN',NULL,'2025-11-04 20:23:33','2025-11-04 20:23:33'),(788,185,'2.16.01.2.02.0005','Koordinasi dan Penyusunan Laporan Keuangan Akhir Tahun SKPD',NULL,'2025-11-04 20:23:33','2025-11-04 20:23:33'),(789,186,'2.16.01.2.06.0001','Penyediaan Komponen Instalasi\n\nListrik/Penerangan Bangunan Kantor',NULL,'2025-11-04 20:23:33','2025-11-04 20:23:33'),(790,186,'2.16.01.2.06.0002','Penyediaan Peralatan dan Perlengkapan Kantor',NULL,'2025-11-04 20:23:33','2025-11-04 20:23:33'),(791,186,'2.16.01.2.06.0004','Penyediaan Bahan Logistik Kantor',NULL,'2025-11-04 20:23:33','2025-11-04 20:23:33'),(792,186,'2.16.01.2.06.0005','Penyediaan Barang Cetakan dan Penggandaan',NULL,'2025-11-04 20:23:33','2025-11-04 20:23:33'),(793,186,'2.16.01.2.06.0006','Penyediaan Bahan Bacaan dan Peraturan Perundang-undangan',NULL,'2025-11-04 20:23:33','2025-11-04 20:23:33'),(794,186,'2.16.01.2.06.0008','Fasilitasi Kunjungan Tamu',NULL,'2025-11-04 20:23:33','2025-11-04 20:23:33'),(795,186,'2.16.01.2.06.0009','Penyelenggaraan Rapat Koordinasi dan Konsultasi SKPD',NULL,'2025-11-04 20:23:33','2025-11-04 20:23:33'),(796,187,'2.16.01.2.08.0002','Penyediaan Jasa Komunikasi, Sumber Daya Air dan Listrik',NULL,'2025-11-04 20:23:33','2025-11-04 20:23:33'),(797,187,'2.16.01.2.08.0004','Penyediaan Jasa Pelayanan Umum Kantor',NULL,'2025-11-04 20:23:33','2025-11-04 20:23:33'),(798,188,'2.16.01.2.09.0001','Penyediaan Jasa Pemeliharaan, Biaya Pemeliharaan, dan Pajak Kendaraan Perorangan Dinas atau Kendaraan Dinas Jabatan',NULL,'2025-11-04 20:23:33','2025-11-04 20:23:33'),(799,188,'2.16.01.2.09.0002','Penyediaan Jasa Pemeliharaan, Biaya Pemeliharaan, Pajak dan Perizinan Kendaraan Dinas Operasional atau Lapangan',NULL,'2025-11-04 20:23:33','2025-11-04 20:23:33'),(800,188,'2.16.01.2.09.0006','Pemeliharaan Peralatan dan Mesin Lainnya',NULL,'2025-11-04 20:23:33','2025-11-04 20:23:33'),(801,188,'2.16.01.2.09.0011','Pemeliharaan/Rehabilitasi Sarana dan Prasarana Pendukung Gedung Kantor atau Bangunan Lainnya',NULL,'2025-11-04 20:23:33','2025-11-04 20:23:33'),(802,189,'2.16.02.2.01.0014','Relasi Media',NULL,'2025-11-04 20:23:33','2025-11-04 20:23:33'),(803,189,'2.16.02.2.01.0019','Monitoring Informasi Kebijakan, Opini, dan Aspirasi Publik',NULL,'2025-11-04 20:23:33','2025-11-04 20:23:33'),(804,189,'2.16.02.2.01.0021','Pengelolaan Media Komunikasi Publik',NULL,'2025-11-04 20:23:33','2025-11-04 20:23:33'),(805,190,'2.16.03.2.02.0015','Fasilitasi penyelenggaraan SPBE di lingkungan Pemda',NULL,'2025-11-04 20:23:33','2025-11-04 20:23:33'),(806,190,'2.16.03.2.02.0024','Penyelenggaraan Jaringan Intra Pemerintah Daerah Kab/Kota',NULL,'2025-11-04 20:23:33','2025-11-04 20:23:33'),(807,191,'2.17.01.2.01.0001','Penyusunan Dokumen Perencanaan Perangkat Daerah',NULL,'2025-11-04 20:23:33','2025-11-04 20:23:33'),(808,191,'2.17.01.2.01.0002','Koordinasi dan Penyusunan Dokumen RKA-SKPD',NULL,'2025-11-04 20:23:33','2025-11-04 20:23:33'),(809,191,'2.17.01.2.01.0003','Koordinasi dan Penyusunan Dokumen Perubahan RKA-SKPD',NULL,'2025-11-04 20:23:33','2025-11-04 20:23:33'),(810,191,'2.17.01.2.01.0004','Koordinasi dan Penyusunan DPA-SKPD',NULL,'2025-11-04 20:23:33','2025-11-04 20:23:33'),(811,191,'2.17.01.2.01.0006','Koordinasi dan Penyusunan Laporan Capaian Kinerja dan Ikhtisar Realisasi Kinerja SKPD',NULL,'2025-11-04 20:23:33','2025-11-04 20:23:33'),(812,192,'2.17.01.2.02.0001','Penyediaan Gaji dan Tunjangan ASN',NULL,'2025-11-04 20:23:33','2025-11-04 20:23:33'),(813,192,'2.17.01.2.02.0005','Koordinasi dan Penyusunan Laporan Keuangan Akhir Tahun SKPD',NULL,'2025-11-04 20:23:33','2025-11-04 20:23:33'),(814,192,'2.17.01.2.02.0006','Pengelolaan dan Penyiapan Bahan Tanggapan Pemeriksaan',NULL,'2025-11-04 20:23:33','2025-11-04 20:23:33'),(815,193,'2.17.01.2.05.0003','Pendataan dan Pengolahan Administrasi Kepegawaian',NULL,'2025-11-04 20:23:33','2025-11-04 20:23:33'),(816,194,'2.17.01.2.06.0001','Penyediaan Komponen Instalasi\n\nListrik/Penerangan Bangunan Kantor',NULL,'2025-11-04 20:23:33','2025-11-04 20:23:33'),(817,194,'2.17.01.2.06.0002','Penyediaan Peralatan dan Perlengkapan Kantor',NULL,'2025-11-04 20:23:33','2025-11-04 20:23:33'),(818,194,'2.17.01.2.06.0004','Penyediaan Bahan Logistik Kantor',NULL,'2025-11-04 20:23:33','2025-11-04 20:23:33'),(819,194,'2.17.01.2.06.0005','Penyediaan Barang Cetakan dan Penggandaan',NULL,'2025-11-04 20:23:33','2025-11-04 20:23:33'),(820,194,'2.17.01.2.06.0006','Penyediaan Bahan Bacaan dan Peraturan Perundang-undangan',NULL,'2025-11-04 20:23:33','2025-11-04 20:23:33'),(821,194,'2.17.01.2.06.0008','Fasilitasi Kunjungan Tamu',NULL,'2025-11-04 20:23:33','2025-11-04 20:23:33'),(822,194,'2.17.01.2.06.0009','Penyelenggaraan Rapat Koordinasi dan Konsultasi SKPD',NULL,'2025-11-04 20:23:33','2025-11-04 20:23:33'),(823,195,'2.17.01.2.07.0002','Pengadaan Kendaraan Dinas Operasional atau Lapangan',NULL,'2025-11-04 20:23:33','2025-11-04 20:23:33'),(824,196,'2.17.01.2.08.0002','Penyediaan Jasa Komunikasi, Sumber Daya Air dan Listrik',NULL,'2025-11-04 20:23:33','2025-11-04 20:23:33'),(825,196,'2.17.01.2.08.0004','Penyediaan Jasa Pelayanan Umum Kantor',NULL,'2025-11-04 20:23:33','2025-11-04 20:23:33'),(826,197,'2.17.01.2.09.0001','Penyediaan Jasa Pemeliharaan, Biaya Pemeliharaan, dan Pajak Kendaraan Perorangan Dinas atau Kendaraan Dinas Jabatan',NULL,'2025-11-04 20:23:33','2025-11-04 20:23:33'),(827,197,'2.17.01.2.09.0006','Pemeliharaan Peralatan dan Mesin Lainnya',NULL,'2025-11-04 20:23:33','2025-11-04 20:23:33'),(828,197,'2.17.01.2.09.0010','Pemeliharaan/Rehabilitasi Sarana dan Prasarana Gedung Kantor atau Bangunan Lainnya',NULL,'2025-11-04 20:23:33','2025-11-04 20:23:33'),(829,198,'2.17.03.2.01.0004','Pelaksanaan Proses Pemeriksaan dan Pengawasan Koperasi yang Wilayah Keanggotaannya Daerah Kabupaten/Kota',NULL,'2025-11-04 20:23:33','2025-11-04 20:23:33'),(830,199,'2.17.04.2.01.0001','Pelaksanaan Penilaian Kesehatan KSP/USP Koperasi Kewenangan Kabupaten/Kota',NULL,'2025-11-04 20:23:33','2025-11-04 20:23:33'),(831,200,'2.17.05.2.01.0001','Peningkatan Pemahaman dan Pengetahuan Perkoperasian serta Kapasitas dan Kompetensi SDM Koperasi',NULL,'2025-11-04 20:23:33','2025-11-04 20:23:33'),(832,201,'2.17.07.2.01.0004','Pemberdayaan Kelembagaan Potensi dan Pengembangan Usaha Mikro',NULL,'2025-11-04 20:23:33','2025-11-04 20:23:33'),(833,201,'2.17.07.2.01.0015','Peningkatan Pemahaman dan Pengetahuan UMKM serta Kapasitas dan Kompetensi SDM UMKM dan Kewirausahaan melalui Pendidikan dan Pelatihan',NULL,'2025-11-04 20:23:33','2025-11-04 20:23:33'),(834,202,'2.17.08.2.01.0002','Pengembangan Usaha Mikro',NULL,'2025-11-04 20:23:33','2025-11-04 20:23:33'),(835,202,'2.17.08.2.01.0006','Produksi dan Pengolahan, Pemasaran, Sumber Daya Manusia, serta Desain dan Teknologi',NULL,'2025-11-04 20:23:33','2025-11-04 20:23:33'),(836,203,'2.18.01.2.01.0001','Penyusunan Dokumen Perencanaan Perangkat Daerah',NULL,'2025-11-04 20:23:33','2025-11-04 20:23:33'),(837,203,'2.18.01.2.01.0002','Koordinasi dan Penyusunan Dokumen RKA-SKPD',NULL,'2025-11-04 20:23:33','2025-11-04 20:23:33'),(838,203,'2.18.01.2.01.0003','Koordinasi dan Penyusunan Dokumen Perubahan RKA-SKPD',NULL,'2025-11-04 20:23:33','2025-11-04 20:23:33'),(839,203,'2.18.01.2.01.0006','Koordinasi dan Penyusunan Laporan Capaian Kinerja dan Ikhtisar Realisasi Kinerja SKPD',NULL,'2025-11-04 20:23:33','2025-11-04 20:23:33'),(840,204,'2.18.01.2.02.0001','Penyediaan Gaji dan Tunjangan ASN',NULL,'2025-11-04 20:23:33','2025-11-04 20:23:33'),(841,204,'2.18.01.2.02.0005','Koordinasi dan Penyusunan Laporan Keuangan Akhir Tahun SKPD',NULL,'2025-11-04 20:23:33','2025-11-04 20:23:33'),(842,204,'2.18.01.2.02.0007','Koordinasi dan Penyusunan Laporan Keuangan Bulanan/ Triwulanan/ Semesteran SKPD',NULL,'2025-11-04 20:23:33','2025-11-04 20:23:33'),(843,205,'2.18.01.2.05.0002','Pengadaan Pakaian Dinas beserta Atribut Kelengkapannya',NULL,'2025-11-04 20:23:33','2025-11-04 20:23:33'),(844,205,'2.18.01.2.05.0011','Bimbingan Teknis Implementasi Peraturan Perundang-Undangan',NULL,'2025-11-04 20:23:33','2025-11-04 20:23:33'),(845,206,'2.18.01.2.06.0001','Penyediaan Komponen Instalasi\n\nListrik/Penerangan Bangunan Kantor',NULL,'2025-11-04 20:23:33','2025-11-04 20:23:33'),(846,206,'2.18.01.2.06.0002','Penyediaan Peralatan dan Perlengkapan Kantor',NULL,'2025-11-04 20:23:33','2025-11-04 20:23:33'),(847,206,'2.18.01.2.06.0004','Penyediaan Bahan Logistik Kantor',NULL,'2025-11-04 20:23:33','2025-11-04 20:23:33'),(848,206,'2.18.01.2.06.0005','Penyediaan Barang Cetakan dan Penggandaan',NULL,'2025-11-04 20:23:33','2025-11-04 20:23:33'),(849,206,'2.18.01.2.06.0006','Penyediaan Bahan Bacaan dan Peraturan Perundang-undangan',NULL,'2025-11-04 20:23:33','2025-11-04 20:23:33'),(850,206,'2.18.01.2.06.0008','Fasilitasi Kunjungan Tamu',NULL,'2025-11-04 20:23:33','2025-11-04 20:23:33'),(851,206,'2.18.01.2.06.0009','Penyelenggaraan Rapat Koordinasi dan Konsultasi SKPD',NULL,'2025-11-04 20:23:33','2025-11-04 20:23:33'),(852,207,'2.18.01.2.07.0001','Pengadaan Kendaraan Perorangan Dinas atau Kendaraan Dinas Jabatan',NULL,'2025-11-04 20:23:33','2025-11-04 20:23:33'),(853,207,'2.18.01.2.07.0002','Pengadaan Kendaraan Dinas Operasional atau Lapangan',NULL,'2025-11-04 20:23:33','2025-11-04 20:23:33'),(854,207,'2.18.01.2.07.0005','Pengadaan Mebel',NULL,'2025-11-04 20:23:33','2025-11-04 20:23:33'),(855,207,'2.18.01.2.07.0011','Pengadaan Sarana dan Prasarana Pendukung Gedung Kantor atau Bangunan Lainnya',NULL,'2025-11-04 20:23:33','2025-11-04 20:23:33'),(856,208,'2.18.01.2.08.0002','Penyediaan Jasa Komunikasi, Sumber Daya Air dan Listrik',NULL,'2025-11-04 20:23:33','2025-11-04 20:23:33'),(857,208,'2.18.01.2.08.0004','Penyediaan Jasa Pelayanan Umum Kantor',NULL,'2025-11-04 20:23:33','2025-11-04 20:23:33'),(858,209,'2.18.01.2.09.0001','Penyediaan Jasa Pemeliharaan, Biaya Pemeliharaan, dan Pajak Kendaraan Perorangan Dinas atau Kendaraan Dinas Jabatan',NULL,'2025-11-04 20:23:33','2025-11-04 20:23:33'),(859,209,'2.18.01.2.09.0002','Penyediaan Jasa Pemeliharaan, Biaya Pemeliharaan, Pajak dan Perizinan Kendaraan Dinas Operasional atau Lapangan',NULL,'2025-11-04 20:23:33','2025-11-04 20:23:33'),(860,209,'2.18.01.2.09.0006','Pemeliharaan Peralatan dan Mesin Lainnya',NULL,'2025-11-04 20:23:33','2025-11-04 20:23:33'),(861,209,'2.18.01.2.09.0010','Pemeliharaan/Rehabilitasi Sarana dan Prasarana Gedung Kantor atau Bangunan Lainnya',NULL,'2025-11-04 20:23:33','2025-11-04 20:23:33'),(862,209,'2.18.01.2.09.0011','Pemeliharaan/Rehabilitasi Sarana dan Prasarana Pendukung Gedung Kantor atau Bangunan Lainnya',NULL,'2025-11-04 20:23:33','2025-11-04 20:23:33'),(863,210,'2.18.02.2.01.0001','Penetapan Kebijakan Daerah Mengenai Pemberian Fasilitas/Insentif dan Kemudahan Penanaman Modal',NULL,'2025-11-04 20:23:33','2025-11-04 20:23:33'),(864,210,'2.18.02.2.01.0003','Fasilitasi Kemitraan yang dilakukan oleh Pemerintah Kabupaten/Kota',NULL,'2025-11-04 20:23:33','2025-11-04 20:23:33'),(865,211,'2.18.02.2.02.0001','Penyusunan Rencana Umum Penanaman Modal Daerah Kabupaten/Kota',NULL,'2025-11-04 20:23:33','2025-11-04 20:23:33'),(866,211,'2.18.02.2.02.0004','Penyusunan Peta Potensi Investasi Kabupaten/Kota',NULL,'2025-11-04 20:23:33','2025-11-04 20:23:33'),(867,212,'2.18.03.2.01.0002','Pelaksanaan Kegiatan Promosi Penanaman Modal Daerah Kabupaten/Kota',NULL,'2025-11-04 20:23:33','2025-11-04 20:23:33'),(868,212,'2.18.03.2.01.0003','Penyusunan Strategi Promosi Penanaman Modal Kewenangan Kabupaten/Kota',NULL,'2025-11-04 20:23:33','2025-11-04 20:23:33'),(869,213,'2.18.04.2.01.0005','Koordinasi dan Sinkronisasi Penetapan Pemberian Fasilitas/Insentif Daerah',NULL,'2025-11-04 20:23:33','2025-11-04 20:23:33'),(870,213,'2.18.04.2.01.0006','Penyediaan Pelayanan Perizinan Berusaha melalui Sistem Perizinan Berusaha Berbasis Risiko Terintegrasi secara Elektronik',NULL,'2025-11-04 20:23:33','2025-11-04 20:23:33'),(871,213,'2.18.04.2.01.0007','Penyediaan dan pengelolaan Layanan konsultasi perizinan berusaha berbasis risiko',NULL,'2025-11-04 20:23:33','2025-11-04 20:23:33'),(872,213,'2.18.04.2.01.0008','Pemantauan, analisis, evaluasi, dan pelaporan di bidang perizinan berusaha berbasis risiko',NULL,'2025-11-04 20:23:33','2025-11-04 20:23:33'),(873,214,'2.18.05.2.01.0004','Penyelesaian Permasalahan dan Hambatan yang dihadapi Pelaku Usaha dalam merealisasikan Kegiatan Usahanya',NULL,'2025-11-04 20:23:33','2025-11-04 20:23:33'),(874,214,'2.18.05.2.01.0005','Bimbingan Teknis kepada Pelaku Usaha',NULL,'2025-11-04 20:23:33','2025-11-04 20:23:33'),(875,214,'2.18.05.2.01.0006','Pengawasan Penanaman Modal',NULL,'2025-11-04 20:23:33','2025-11-04 20:23:33'),(876,215,'2.18.06.2.01.0002','Pengolahan, Penyajian dan Pemanfaatan Data dan Informasi Perizinan Berbasis Sistem Pelayanan Perizinan Berusaha Terintegrasi secara Elektronik',NULL,'2025-11-04 20:23:33','2025-11-04 20:23:33'),(877,216,'2.19.01.2.01.0002','Koordinasi dan Penyusunan Dokumen RKA-SKPD',NULL,'2025-11-04 20:23:33','2025-11-04 20:23:33'),(878,216,'2.19.01.2.01.0003','Koordinasi dan Penyusunan Dokumen Perubahan RKA-SKPD',NULL,'2025-11-04 20:23:33','2025-11-04 20:23:33'),(879,216,'2.19.01.2.01.0006','Koordinasi dan Penyusunan Laporan Capaian Kinerja dan Ikhtisar Realisasi Kinerja SKPD',NULL,'2025-11-04 20:23:33','2025-11-04 20:23:33'),(880,217,'2.19.01.2.02.0001','Penyediaan Gaji dan Tunjangan ASN',NULL,'2025-11-04 20:23:33','2025-11-04 20:23:33'),(881,218,'2.19.01.2.06.0001','Penyediaan Komponen Instalasi\n\nListrik/Penerangan Bangunan Kantor',NULL,'2025-11-04 20:23:33','2025-11-04 20:23:33'),(882,218,'2.19.01.2.06.0002','Penyediaan Peralatan dan Perlengkapan Kantor',NULL,'2025-11-04 20:23:33','2025-11-04 20:23:33'),(883,218,'2.19.01.2.06.0003','Penyediaan Peralatan Rumah Tangga',NULL,'2025-11-04 20:23:33','2025-11-04 20:23:33'),(884,218,'2.19.01.2.06.0004','Penyediaan Bahan Logistik Kantor',NULL,'2025-11-04 20:23:33','2025-11-04 20:23:33'),(885,218,'2.19.01.2.06.0005','Penyediaan Barang Cetakan dan Penggandaan',NULL,'2025-11-04 20:23:33','2025-11-04 20:23:33'),(886,218,'2.19.01.2.06.0006','Penyediaan Bahan Bacaan dan Peraturan Perundang-undangan',NULL,'2025-11-04 20:23:33','2025-11-04 20:23:33'),(887,218,'2.19.01.2.06.0008','Fasilitasi Kunjungan Tamu',NULL,'2025-11-04 20:23:33','2025-11-04 20:23:33'),(888,218,'2.19.01.2.06.0009','Penyelenggaraan Rapat Koordinasi dan Konsultasi SKPD',NULL,'2025-11-04 20:23:33','2025-11-04 20:23:33'),(889,219,'2.19.01.2.07.0001','Pengadaan Kendaraan Perorangan Dinas atau Kendaraan Dinas Jabatan',NULL,'2025-11-04 20:23:33','2025-11-04 20:23:33'),(890,219,'2.19.01.2.07.0005','Pengadaan Mebel',NULL,'2025-11-04 20:23:33','2025-11-04 20:23:33'),(891,220,'2.19.01.2.08.0002','Penyediaan Jasa Komunikasi, Sumber Daya Air dan Listrik',NULL,'2025-11-04 20:23:33','2025-11-04 20:23:33'),(892,220,'2.19.01.2.08.0004','Penyediaan Jasa Pelayanan Umum Kantor',NULL,'2025-11-04 20:23:33','2025-11-04 20:23:33'),(893,221,'2.19.01.2.09.0001','Penyediaan Jasa Pemeliharaan, Biaya Pemeliharaan, dan Pajak Kendaraan Perorangan Dinas atau Kendaraan Dinas Jabatan',NULL,'2025-11-04 20:23:33','2025-11-04 20:23:33'),(894,221,'2.19.01.2.09.0006','Pemeliharaan Peralatan dan Mesin Lainnya',NULL,'2025-11-04 20:23:33','2025-11-04 20:23:33'),(895,222,'2.19.02.2.01.0010','Pelaksanaan Koordinasi Strategis Lintas Sektor Penyelenggaraan Pelayanan Kepemudaan melalui pembentukan tim koordinasi kabupaten/kota Penyelenggaraan Pelayanan Kepemudaan serta penyusunan dan implementasi Rencana Aksi Daerah/RAD Tingkat kabupaten/kota',NULL,'2025-11-04 20:23:33','2025-11-04 20:23:33'),(896,222,'2.19.02.2.01.0011','Koordinasi, Sinkronisasi, dan Penyelenggaraan Pengembangan Kewirausahaan Pemuda Bagi Wirausaha pemula Tingkat Kabupaten/kota',NULL,'2025-11-04 20:23:33','2025-11-04 20:23:33'),(897,222,'2.19.02.2.01.0015','Koordinasi, Sinkronisasi dan Penyelenggaraan Pengembangan Kepeloporan Pemuda bagi Pemuda Pelopor Tingkat Kabupaten/kota',NULL,'2025-11-04 20:23:33','2025-11-04 20:23:33'),(898,223,'2.19.03.2.01.0005','Koordinasi dan sinkronisasi penyediaan prasarana olahraga melalui perencanaan, pengadaan, pemanfaatan, pemeliharaan, dan pengawasan Prasarana Olahraga di tingkat kabupaten/kota',NULL,'2025-11-04 20:23:33','2025-11-04 20:23:33'),(899,223,'2.19.03.2.01.0006','Koordinasi, Sinkronisasi dan Pelaksanaan Pemberdayaan Perkumpulan Olahraga dan Penyelenggaraan Kompetisi oleh Satuan Pendidikan Dasar',NULL,'2025-11-04 20:23:33','2025-11-04 20:23:33'),(900,224,'2.19.03.2.02.0004','Penyelenggaraan Kejuaraan Olahraga Multi Event dan Single Event  Tingkat Kabupaten/Kota',NULL,'2025-11-04 20:23:33','2025-11-04 20:23:33'),(901,224,'2.19.03.2.02.0006','Keikutsertaan anggota kontingen kabupaten/kota dalam Penyelenggaraan pekan dan kejuaraan olahraga',NULL,'2025-11-04 20:23:33','2025-11-04 20:23:33'),(902,225,'2.19.03.2.04.0006','Peningkatan Kerja Sama Organisasi Keolahragaan Kabupaten/Kota dengan Lembaga Terkait',NULL,'2025-11-04 20:23:33','2025-11-04 20:23:33'),(903,226,'2.19.03.2.05.0009','Penyediaan prasarana dan sarana olahraga rekreasi melalui perencanaan, pengadaan, pemanfaatan, pemeliharaan, pengembangan, dan pengawasan',NULL,'2025-11-04 20:23:33','2025-11-04 20:23:33'),(904,226,'2.19.03.2.05.0010','Pemassalan olahraga dan penyelenggaraan festival Olahraga Rekreasi  yang berjenjang dan berkelanjutan pada tingkat daerah, nasional, dan internasional',NULL,'2025-11-04 20:23:33','2025-11-04 20:23:33'),(905,227,'2.19.04.2.01.0005','Penyelenggaraan Kegiatan Kepramukaan Tingkat Daerah',NULL,'2025-11-04 20:23:33','2025-11-04 20:23:33'),(906,228,'2.20.02.2.01.0007','Pengingkatan Kapasitas Kelembagaan Statistik Sektoral',NULL,'2025-11-04 20:23:33','2025-11-04 20:23:33'),(907,228,'2.20.02.2.01.0008','Peningkatan Peran Statistik Sektoral terhadap Sistem Statistik Nasional',NULL,'2025-11-04 20:23:33','2025-11-04 20:23:33'),(908,228,'2.20.02.2.01.0009','Peningkatan Kualitas Data Statistik Sektoral',NULL,'2025-11-04 20:23:33','2025-11-04 20:23:33'),(909,228,'2.20.02.2.01.0010','Penyelenggaraan Statistik Sektoral yang sesuai dengan Prinsip Satu Data Indonesia',NULL,'2025-11-04 20:23:33','2025-11-04 20:23:33'),(910,228,'2.20.02.2.01.0011','Pelaksanaan Proses Bisnis Statistik Sektoral Sesuai Standar',NULL,'2025-11-04 20:23:33','2025-11-04 20:23:33'),(911,229,'2.21.02.2.01.0001','Penetapan Kebijakan Tata Kelola Keamanan Informasi dan Jaring Komunikasi Sandi Pemerintah Daerah Kabupaten/Kota',NULL,'2025-11-04 20:23:33','2025-11-04 20:23:33'),(912,229,'2.21.02.2.01.0002','Pelaksanaan Analisis Kebutuhan dan Pengelolaan Sumber Daya Keamanan Informasi Pemerintah Daerah Kabupaten/Kota',NULL,'2025-11-04 20:23:33','2025-11-04 20:23:33'),(913,229,'2.21.02.2.01.0003','Pelaksanaan Keamanan Informasi Pemerintahan Daerah Kabupaten/Kota Berbasis Elektronik dan Non Elektronik',NULL,'2025-11-04 20:23:33','2025-11-04 20:23:33'),(914,230,'2.22.02.2.02.0002','Pembinaan Sumber Daya Manusia, Lembaga, dan Pranata Tradisional',NULL,'2025-11-04 20:23:33','2025-11-04 20:23:33'),(915,231,'2.22.03.2.01.0001','Peningkatan Pendidikan dan Pelatihan Sumber Daya Manusia Kesenian Tradisional',NULL,'2025-11-04 20:23:33','2025-11-04 20:23:33'),(916,232,'2.22.05.2.01.0002','Penetapan Cagar Budaya',NULL,'2025-11-04 20:23:33','2025-11-04 20:23:33'),(917,233,'2.22.05.2.02.0001','Pelindungan Cagar Budaya',NULL,'2025-11-04 20:23:33','2025-11-04 20:23:33'),(918,233,'2.22.05.2.02.0003','Pemanfaatan Cagar Budaya',NULL,'2025-11-04 20:23:33','2025-11-04 20:23:33'),(919,234,'2.23.01.2.01.0001','Penyusunan Dokumen Perencanaan Perangkat Daerah',NULL,'2025-11-04 20:23:33','2025-11-04 20:23:33'),(920,235,'2.23.02.2.01.0011','Pengembangan Perpustakaan di Tingkat Daerah Kabupaten/Kota',NULL,'2025-11-04 20:23:33','2025-11-04 20:23:33'),(921,235,'2.23.02.2.01.0013','Pembinaan Perpustakaan Umum dan Khusus Tingkat Kabupaten/Kota',NULL,'2025-11-04 20:23:33','2025-11-04 20:23:33'),(922,235,'2.23.02.2.01.0016','Peningkatan Kapasitas Tenaga Perpustakaan dan Pustakawan Tingkat Daerah Kabupaten/Kota',NULL,'2025-11-04 20:23:33','2025-11-04 20:23:33'),(923,235,'2.23.02.2.01.0018','Pengelolaan dan Pengembangan Bahan Perpustakaan',NULL,'2025-11-04 20:23:33','2025-11-04 20:23:33'),(924,235,'2.23.02.2.01.0020','Pengembangan dan Pemeliharaan Layanan Perpustakaan Elektronik',NULL,'2025-11-04 20:23:33','2025-11-04 20:23:33'),(925,236,'2.23.02.2.02.0006','Pemilihan Duta Baca/Bunda Baca/Bunda Literasi Tingkat  Daerah Kabupaten/Kota',NULL,'2025-11-04 20:23:33','2025-11-04 20:23:33'),(926,236,'2.23.02.2.02.0007','Pengembangan Literasi Berbasis Inklusi Sosial',NULL,'2025-11-04 20:23:33','2025-11-04 20:23:33'),(927,236,'2.23.02.2.02.0009','Pemberian Penghargaan Gerakan Budaya Gemar Membaca',NULL,'2025-11-04 20:23:33','2025-11-04 20:23:33'),(928,237,'2.23.03.2.01.0003','Peningkatan Peran Serta Masyarakat dalam Penyimpanan, Perawatan, Pelestarian, dan Pendaftaran Naskah Kuno',NULL,'2025-11-04 20:23:33','2025-11-04 20:23:33'),(929,238,'2.24.01.2.01.0002','Koordinasi dan Penyusunan Dokumen RKA-SKPD',NULL,'2025-11-04 20:23:33','2025-11-04 20:23:33'),(930,238,'2.24.01.2.01.0003','Koordinasi dan Penyusunan Dokumen Perubahan RKA-SKPD',NULL,'2025-11-04 20:23:33','2025-11-04 20:23:33');
INSERT INTO `sub_kegiatan` VALUES (931,238,'2.24.01.2.01.0006','Koordinasi dan Penyusunan Laporan Capaian Kinerja dan Ikhtisar Realisasi Kinerja SKPD',NULL,'2025-11-04 20:23:33','2025-11-04 20:23:33'),(932,239,'2.24.01.2.02.0001','Penyediaan Gaji dan Tunjangan ASN',NULL,'2025-11-04 20:23:33','2025-11-04 20:23:33'),(933,239,'2.24.01.2.02.0005','Koordinasi dan Penyusunan Laporan Keuangan Akhir Tahun SKPD',NULL,'2025-11-04 20:23:33','2025-11-04 20:23:33'),(934,239,'2.24.01.2.02.0007','Koordinasi dan Penyusunan Laporan Keuangan Bulanan/ Triwulanan/ Semesteran SKPD',NULL,'2025-11-04 20:23:33','2025-11-04 20:23:33'),(935,240,'2.24.01.2.06.0001','Penyediaan Komponen Instalasi\n\nListrik/Penerangan Bangunan Kantor',NULL,'2025-11-04 20:23:33','2025-11-04 20:23:33'),(936,240,'2.24.01.2.06.0002','Penyediaan Peralatan dan Perlengkapan Kantor',NULL,'2025-11-04 20:23:33','2025-11-04 20:23:33'),(937,240,'2.24.01.2.06.0004','Penyediaan Bahan Logistik Kantor',NULL,'2025-11-04 20:23:33','2025-11-04 20:23:33'),(938,240,'2.24.01.2.06.0005','Penyediaan Barang Cetakan dan Penggandaan',NULL,'2025-11-04 20:23:33','2025-11-04 20:23:33'),(939,240,'2.24.01.2.06.0006','Penyediaan Bahan Bacaan dan Peraturan Perundang-undangan',NULL,'2025-11-04 20:23:33','2025-11-04 20:23:33'),(940,240,'2.24.01.2.06.0008','Fasilitasi Kunjungan Tamu',NULL,'2025-11-04 20:23:33','2025-11-04 20:23:33'),(941,240,'2.24.01.2.06.0009','Penyelenggaraan Rapat Koordinasi dan Konsultasi SKPD',NULL,'2025-11-04 20:23:33','2025-11-04 20:23:33'),(942,241,'2.24.01.2.08.0002','Penyediaan Jasa Komunikasi, Sumber Daya Air dan Listrik',NULL,'2025-11-04 20:23:33','2025-11-04 20:23:33'),(943,241,'2.24.01.2.08.0004','Penyediaan Jasa Pelayanan Umum Kantor',NULL,'2025-11-04 20:23:33','2025-11-04 20:23:33'),(944,242,'2.24.01.2.09.0001','Penyediaan Jasa Pemeliharaan, Biaya Pemeliharaan, dan Pajak Kendaraan Perorangan Dinas atau Kendaraan Dinas Jabatan',NULL,'2025-11-04 20:23:33','2025-11-04 20:23:33'),(945,242,'2.24.01.2.09.0002','Penyediaan Jasa Pemeliharaan, Biaya Pemeliharaan, Pajak dan Perizinan Kendaraan Dinas Operasional atau Lapangan',NULL,'2025-11-04 20:23:33','2025-11-04 20:23:33'),(946,242,'2.24.01.2.09.0006','Pemeliharaan Peralatan dan Mesin Lainnya',NULL,'2025-11-04 20:23:33','2025-11-04 20:23:33'),(947,242,'2.24.01.2.09.0011','Pemeliharaan/Rehabilitasi Sarana dan Prasarana Pendukung Gedung Kantor atau Bangunan Lainnya',NULL,'2025-11-04 20:23:33','2025-11-04 20:23:33'),(948,243,'2.24.02.2.01.0001','Penciptaan dan Penggunaan Arsip Dinamis',NULL,'2025-11-04 20:23:33','2025-11-04 20:23:33'),(949,243,'2.24.02.2.01.0002','Pemeliharaan dan Penyusutan Arsip Dinamis',NULL,'2025-11-04 20:23:33','2025-11-04 20:23:33'),(950,243,'2.24.02.2.01.0003','Pengawasan Arsip Dinamis Kewenangan Kabupaten/Kota',NULL,'2025-11-04 20:23:33','2025-11-04 20:23:33'),(951,244,'2.24.02.2.02.0001','Pengumpulan dan Penyampaian Salinan Otentik Naskah Asli Arsip Terjaga kepada ANRI',NULL,'2025-11-04 20:23:33','2025-11-04 20:23:33'),(952,244,'2.24.02.2.02.0004','Akuisisi, Pengolahan, Preservasi, dan Akses Arsip Statis',NULL,'2025-11-04 20:23:33','2025-11-04 20:23:33'),(953,245,'2.24.02.2.03.0001','Penyediaan Informasi, Akses dan Layanan Kearsipan Tingkat Daerah Kabupaten/Kota Melalui JIKN',NULL,'2025-11-04 20:23:33','2025-11-04 20:23:33'),(954,245,'2.24.02.2.03.0002','Pemberdayaan Kapasitas Unit Kearsipan dan Lembaga Kearsipan Daerah Kabupaten/Kota',NULL,'2025-11-04 20:23:33','2025-11-04 20:23:33'),(955,246,'2.24.03.2.01.0004','Penilaian, Penetapan dan Pelaksanaan Pemusnahan Arsip yang Memiliki Retensi di Bawah 10 (Sepuluh) Tahun',NULL,'2025-11-04 20:23:33','2025-11-04 20:23:33'),(956,247,'2.24.03.2.03.0004','Pendampingan Penyelamatan Arsip bagi Pemekaran Desa/Kelurahan',NULL,'2025-11-04 20:23:33','2025-11-04 20:23:33'),(957,248,'2.24.03.2.05.0003','Penetapan dan Pengumuman Daftar Pencarian Arsip (DPA)',NULL,'2025-11-04 20:23:33','2025-11-04 20:23:33'),(958,249,'2.24.04.2.01.0003','Penyusunan dan Penetapan SOP Penggunaan Arsip yang Bersifat Tertutup',NULL,'2025-11-04 20:23:33','2025-11-04 20:23:33'),(959,250,'3.25.03.2.01.0004','Penyediaan Sarana Usaha Perikanan Tangkap',NULL,'2025-11-04 20:23:33','2025-11-04 20:23:33'),(960,251,'3.25.04.2.04.0002','Penyediaan Prasarana Pembudidayaan Ikan dalam 1 (Satu) Daerah Kabupaten/Kota',NULL,'2025-11-04 20:23:33','2025-11-04 20:23:33'),(961,251,'3.25.04.2.04.0009','Penjaminan Ketersediaan Sarana Pembudidayaan Ikan dalam 1 (Satu) Daerah Kabupaten/Kota',NULL,'2025-11-04 20:23:33','2025-11-04 20:23:33'),(962,252,'3.25.06.2.03.0002','Pemberian Fasilitas bagi Pelaku Usaha Perikanan Skala Mikro dan Kecil dalam 1 (Satu) Daerah Kabupaten/Kota',NULL,'2025-11-04 20:23:33','2025-11-04 20:23:33'),(963,253,'3.26.01.2.01.0001','Penyusunan Dokumen Perencanaan Perangkat Daerah',NULL,'2025-11-04 20:23:33','2025-11-04 20:23:33'),(964,253,'3.26.01.2.01.0002','Koordinasi dan Penyusunan Dokumen RKA-SKPD',NULL,'2025-11-04 20:23:33','2025-11-04 20:23:33'),(965,253,'3.26.01.2.01.0003','Koordinasi dan Penyusunan Dokumen Perubahan RKA-SKPD',NULL,'2025-11-04 20:23:33','2025-11-04 20:23:33'),(966,253,'3.26.01.2.01.0006','Koordinasi dan Penyusunan Laporan Capaian Kinerja dan Ikhtisar Realisasi Kinerja SKPD',NULL,'2025-11-04 20:23:33','2025-11-04 20:23:33'),(967,254,'3.26.01.2.02.0001','Penyediaan Gaji dan Tunjangan ASN',NULL,'2025-11-04 20:23:33','2025-11-04 20:23:33'),(968,254,'3.26.01.2.02.0007','Koordinasi dan Penyusunan Laporan Keuangan Bulanan/ Triwulanan/ Semesteran SKPD',NULL,'2025-11-04 20:23:33','2025-11-04 20:23:33'),(969,255,'3.26.01.2.06.0002','Penyediaan Peralatan dan Perlengkapan Kantor',NULL,'2025-11-04 20:23:33','2025-11-04 20:23:33'),(970,255,'3.26.01.2.06.0004','Penyediaan Bahan Logistik Kantor',NULL,'2025-11-04 20:23:33','2025-11-04 20:23:33'),(971,255,'3.26.01.2.06.0005','Penyediaan Barang Cetakan dan Penggandaan',NULL,'2025-11-04 20:23:33','2025-11-04 20:23:33'),(972,255,'3.26.01.2.06.0006','Penyediaan Bahan Bacaan dan Peraturan Perundang-undangan',NULL,'2025-11-04 20:23:33','2025-11-04 20:23:33'),(973,255,'3.26.01.2.06.0008','Fasilitasi Kunjungan Tamu',NULL,'2025-11-04 20:23:33','2025-11-04 20:23:33'),(974,255,'3.26.01.2.06.0009','Penyelenggaraan Rapat Koordinasi dan Konsultasi SKPD',NULL,'2025-11-04 20:23:33','2025-11-04 20:23:33'),(975,256,'3.26.01.2.07.0001','Pengadaan Kendaraan Perorangan Dinas atau Kendaraan Dinas Jabatan',NULL,'2025-11-04 20:23:33','2025-11-04 20:23:33'),(976,257,'3.26.01.2.08.0002','Penyediaan Jasa Komunikasi, Sumber Daya Air dan Listrik',NULL,'2025-11-04 20:23:33','2025-11-04 20:23:33'),(977,257,'3.26.01.2.08.0004','Penyediaan Jasa Pelayanan Umum Kantor',NULL,'2025-11-04 20:23:33','2025-11-04 20:23:33'),(978,258,'3.26.01.2.09.0001','Penyediaan Jasa Pemeliharaan, Biaya Pemeliharaan, dan Pajak Kendaraan Perorangan Dinas atau Kendaraan Dinas Jabatan',NULL,'2025-11-04 20:23:33','2025-11-04 20:23:33'),(979,258,'3.26.01.2.09.0006','Pemeliharaan Peralatan dan Mesin Lainnya',NULL,'2025-11-04 20:23:33','2025-11-04 20:23:33'),(980,259,'3.26.02.2.02.0002','Perencanaan Kawasan Strategis Pariwisata Kabupaten/Kota',NULL,'2025-11-04 20:23:33','2025-11-04 20:23:33'),(981,260,'3.26.02.2.03.0004','Pengadaan/Pemeliharaan/Rehabilitasi Sarana dan Prasarana dalam Pengelolaan Destinasi Pariwisata Kabupaten/Kota',NULL,'2025-11-04 20:23:33','2025-11-04 20:23:33'),(982,260,'3.26.02.2.03.0006','Pemberdayaan Masyarakat dalam Pengelolaan Destinasi Pariwisata Kabupaten/Kota',NULL,'2025-11-04 20:23:33','2025-11-04 20:23:33'),(983,261,'3.26.02.2.04.0012','Pengelolaan Investasi Pariwisata Kab/Kota',NULL,'2025-11-04 20:23:33','2025-11-04 20:23:33'),(984,262,'3.26.03.2.01.0003','Penyediaan Data dan Penyebaran Informasi Pariwisata Kabupaten/Kota, Baik Dalam dan Luar Negeri',NULL,'2025-11-04 20:23:33','2025-11-04 20:23:33'),(985,262,'3.26.03.2.01.0006','Fasilitasi Kegiatan Pemasaran Pariwisata Baik Dalam dan Luar Negeri Pariwisata Kabupaten/Kota',NULL,'2025-11-04 20:23:33','2025-11-04 20:23:33'),(986,262,'3.26.03.2.01.0007','Penguatan Promosi Melalui Media Cetak, Elektronik, dan Media Lainnya Baik Dalam dan Luar Negeri',NULL,'2025-11-04 20:23:33','2025-11-04 20:23:33'),(987,263,'3.26.05.2.01.0006','Fasilitasi Pengembangan Kompetensi Sumber Daya Manusia Ekonomi Kreatif',NULL,'2025-11-04 20:23:33','2025-11-04 20:23:33'),(988,263,'3.26.05.2.01.0010','Fasilitasi Sertifikasi Kompetensi bagi Tenaga Kerja Bidang Pariwisata',NULL,'2025-11-04 20:23:33','2025-11-04 20:23:33'),(989,264,'3.26.05.2.02.0001','Pelatihan, Bimbingan Teknis, dan Pendampingan Ekonomi Kreatif',NULL,'2025-11-04 20:23:33','2025-11-04 20:23:33'),(990,265,'3.27.01.2.01.0001','Penyusunan Dokumen Perencanaan Perangkat Daerah',NULL,'2025-11-04 20:23:33','2025-11-04 20:23:33'),(991,265,'3.27.01.2.01.0002','Koordinasi dan Penyusunan Dokumen RKA-SKPD',NULL,'2025-11-04 20:23:33','2025-11-04 20:23:33'),(992,265,'3.27.01.2.01.0003','Koordinasi dan Penyusunan Dokumen Perubahan RKA-SKPD',NULL,'2025-11-04 20:23:33','2025-11-04 20:23:33'),(993,265,'3.27.01.2.01.0006','Koordinasi dan Penyusunan Laporan Capaian Kinerja dan Ikhtisar Realisasi Kinerja SKPD',NULL,'2025-11-04 20:23:33','2025-11-04 20:23:33'),(994,266,'3.27.01.2.07.0005','Pengadaan Mebel',NULL,'2025-11-04 20:23:33','2025-11-04 20:23:33'),(995,267,'3.27.01.2.08.0002','Penyediaan Jasa Komunikasi, Sumber Daya Air dan Listrik',NULL,'2025-11-04 20:23:33','2025-11-04 20:23:33'),(996,267,'3.27.01.2.08.0004','Penyediaan Jasa Pelayanan Umum Kantor',NULL,'2025-11-04 20:23:33','2025-11-04 20:23:33'),(997,268,'3.27.01.2.09.0001','Penyediaan Jasa Pemeliharaan, Biaya Pemeliharaan, dan Pajak Kendaraan Perorangan Dinas atau Kendaraan Dinas Jabatan',NULL,'2025-11-04 20:23:33','2025-11-04 20:23:33'),(998,268,'3.27.01.2.09.0002','Penyediaan Jasa Pemeliharaan, Biaya Pemeliharaan, Pajak dan Perizinan Kendaraan Dinas Operasional atau Lapangan',NULL,'2025-11-04 20:23:33','2025-11-04 20:23:33'),(999,268,'3.27.01.2.09.0006','Pemeliharaan Peralatan dan Mesin Lainnya',NULL,'2025-11-04 20:23:33','2025-11-04 20:23:33'),(1000,269,'3.27.02.2.02.0002','Peningkatan Kualitas SDG Hewan/Tanaman',NULL,'2025-11-04 20:23:33','2025-11-04 20:23:33'),(1001,269,'3.27.02.2.02.0003','Pemanfaatan SDG Hewan/Tanaman',NULL,'2025-11-04 20:23:33','2025-11-04 20:23:33'),(1002,269,'3.27.02.2.02.0005','Penjaminan Kemurnian dan Kelestarian SDG Hewan',NULL,'2025-11-04 20:23:33','2025-11-04 20:23:33'),(1003,270,'3.27.02.2.06.0003','Pengadaan Bibit Ternak yang Sumbernya dari Daerah Kabupaten/Kota Lain',NULL,'2025-11-04 20:23:33','2025-11-04 20:23:33'),(1004,271,'3.27.03.2.01.0010','Peningkatan pascapanen dan pengolahan hasil perkebunan',NULL,'2025-11-04 20:23:33','2025-11-04 20:23:33'),(1005,271,'3.27.03.2.01.0015','Pengelolaan Lahan Pertanian Pangan Berkelanjutan/LP2B, Kawasan Pertanian Pangan Berkelanjutan/KP2B dan Lahan Cadangan Pertanian Pangan Berkelanjutan/LCP2B di Kabupaten/Kota',NULL,'2025-11-04 20:23:33','2025-11-04 20:23:33'),(1006,272,'3.27.04.2.01.0008','Pemberantasan Penyakit Hewan Menular dan Zoonosis dalam 1 (satu) Daerah Kabupaten/Kota',NULL,'2025-11-04 20:23:33','2025-11-04 20:23:33'),(1007,273,'3.27.04.2.04.0005','Pembinaan Penerapan persyaratan higiene sanitasi pada unit usaha produk hewan',NULL,'2025-11-04 20:23:33','2025-11-04 20:23:33'),(1008,274,'3.27.06.2.01.0005','Pembinaan  dan  Pengawasan  Penerapan standar dan Izin Usaha Pertanian',NULL,'2025-11-04 20:23:33','2025-11-04 20:23:33'),(1009,275,'3.27.07.2.01.0002','Pengembangan Kapasitas Kelembagaan Petani di Kecamatan dan Desa',NULL,'2025-11-04 20:23:33','2025-11-04 20:23:33'),(1010,275,'3.27.07.2.01.0003','Penyediaan dan Pemanfaatan Sarana dan Prasarana Penyuluhan Pertanian',NULL,'2025-11-04 20:23:33','2025-11-04 20:23:33'),(1011,275,'3.27.07.2.01.0005','Pembentukan dan Penyelenggaraan Sekolah Lapang Kelompok Tani Tingkat Kabupaten/Kota',NULL,'2025-11-04 20:23:33','2025-11-04 20:23:33'),(1012,275,'3.27.07.2.01.0007','Penguatan Kelembagaan penyuluhan pertanian di Tingkat Kabupaten/Kota',NULL,'2025-11-04 20:23:33','2025-11-04 20:23:33'),(1013,276,'3.30.01.2.01.0001','Penyusunan Dokumen Perencanaan Perangkat Daerah',NULL,'2025-11-04 20:23:33','2025-11-04 20:23:33'),(1014,276,'3.30.01.2.01.0002','Koordinasi dan Penyusunan Dokumen RKA-SKPD',NULL,'2025-11-04 20:23:33','2025-11-04 20:23:33'),(1015,276,'3.30.01.2.01.0003','Koordinasi dan Penyusunan Dokumen Perubahan RKA-SKPD',NULL,'2025-11-04 20:23:33','2025-11-04 20:23:33'),(1016,276,'3.30.01.2.01.0006','Koordinasi dan Penyusunan Laporan Capaian Kinerja dan Ikhtisar Realisasi Kinerja SKPD',NULL,'2025-11-04 20:23:33','2025-11-04 20:23:33'),(1017,277,'3.30.01.2.02.0001','Penyediaan Gaji dan Tunjangan ASN',NULL,'2025-11-04 20:23:33','2025-11-04 20:23:33'),(1018,277,'3.30.01.2.02.0007','Koordinasi dan Penyusunan Laporan Keuangan Bulanan/ Triwulanan/ Semesteran SKPD',NULL,'2025-11-04 20:23:33','2025-11-04 20:23:33'),(1019,278,'3.30.01.2.06.0002','Penyediaan Peralatan dan Perlengkapan Kantor',NULL,'2025-11-04 20:23:33','2025-11-04 20:23:33'),(1020,278,'3.30.01.2.06.0004','Penyediaan Bahan Logistik Kantor',NULL,'2025-11-04 20:23:33','2025-11-04 20:23:33'),(1021,278,'3.30.01.2.06.0005','Penyediaan Barang Cetakan dan Penggandaan',NULL,'2025-11-04 20:23:33','2025-11-04 20:23:33'),(1022,278,'3.30.01.2.06.0006','Penyediaan Bahan Bacaan dan Peraturan Perundang-undangan',NULL,'2025-11-04 20:23:33','2025-11-04 20:23:33'),(1023,278,'3.30.01.2.06.0008','Fasilitasi Kunjungan Tamu',NULL,'2025-11-04 20:23:33','2025-11-04 20:23:33'),(1024,278,'3.30.01.2.06.0009','Penyelenggaraan Rapat Koordinasi dan Konsultasi SKPD',NULL,'2025-11-04 20:23:33','2025-11-04 20:23:33'),(1025,279,'3.30.01.2.07.0005','Pengadaan Mebel',NULL,'2025-11-04 20:23:33','2025-11-04 20:23:33'),(1026,280,'3.30.01.2.08.0002','Penyediaan Jasa Komunikasi, Sumber Daya Air dan Listrik',NULL,'2025-11-04 20:23:33','2025-11-04 20:23:33'),(1027,280,'3.30.01.2.08.0004','Penyediaan Jasa Pelayanan Umum Kantor',NULL,'2025-11-04 20:23:33','2025-11-04 20:23:33'),(1028,281,'3.30.01.2.09.0001','Penyediaan Jasa Pemeliharaan, Biaya Pemeliharaan, dan Pajak Kendaraan Perorangan Dinas atau Kendaraan Dinas Jabatan',NULL,'2025-11-04 20:23:33','2025-11-04 20:23:33'),(1029,281,'3.30.01.2.09.0002','Penyediaan Jasa Pemeliharaan, Biaya Pemeliharaan, Pajak dan Perizinan Kendaraan Dinas Operasional atau Lapangan',NULL,'2025-11-04 20:23:33','2025-11-04 20:23:33'),(1030,281,'3.30.01.2.09.0006','Pemeliharaan Peralatan dan Mesin Lainnya',NULL,'2025-11-04 20:23:33','2025-11-04 20:23:33'),(1031,281,'3.30.01.2.09.0009','Pemeliharaan/Rehabilitasi Gedung Kantor dan Bangunan Lainnya',NULL,'2025-11-04 20:23:33','2025-11-04 20:23:33'),(1032,282,'3.30.02.2.02.0001','Fasilitasi Penerbitan Tanda Daftar Gudang',NULL,'2025-11-04 20:23:33','2025-11-04 20:23:33'),(1033,283,'3.30.02.2.05.0001','Fasilitasi Penerbitan Surat Izin Usaha Perdagangan Minuman Beralkohol Golongan B dan C',NULL,'2025-11-04 20:23:33','2025-11-04 20:23:33'),(1034,284,'3.30.03.2.01.0001','Penyediaan Sarana Distribusi Perdagangan',NULL,'2025-11-04 20:23:33','2025-11-04 20:23:33'),(1035,284,'3.30.03.2.01.0002','Fasilitasi Pengelolaan Sarana Distribusi Perdagangan',NULL,'2025-11-04 20:23:33','2025-11-04 20:23:33'),(1036,285,'3.30.03.2.02.0001','Pembinaan dan Pengendalian Pengelola Sarana Distribusi Perdagangan',NULL,'2025-11-04 20:23:33','2025-11-04 20:23:33'),(1037,286,'3.30.04.2.01.0003','Pengendalian Ketersediaan Barang Kebutuhan Pokok dan Barang Penting di Tingkat Agen dan Pasar Rakyat',NULL,'2025-11-04 20:23:33','2025-11-04 20:23:33'),(1038,287,'3.30.04.2.02.0001','Pemantauan Harga dan Stok Barang Kebutuhan Pokok dan Barang Penting pada Pelaku Usaha Distribusi Barang dalam 1 (Satu) Kabupaten/Kota',NULL,'2025-11-04 20:23:33','2025-11-04 20:23:33'),(1039,288,'3.30.06.2.01.0001','Pelaksanaan Metrologi Legal, Berupa Tera, Tera Ulang',NULL,'2025-11-04 20:23:33','2025-11-04 20:23:33'),(1040,288,'3.30.06.2.01.0002','Pengawasan/Penyuluhan Metrologi Legal',NULL,'2025-11-04 20:23:33','2025-11-04 20:23:33'),(1041,289,'3.31.02.2.01.0002','Koordinasi, Sinkronisasi, dan Pelaksanaan Kebijakan Percepatan Pengembangan, Penyebaran dan Perwilayahan Industri',NULL,'2025-11-04 20:23:33','2025-11-04 20:23:33'),(1042,289,'3.31.02.2.01.0003','Koordinasi, Sinkronisasi, dan Pelaksanaan Pembangunan Sumber Daya Industri',NULL,'2025-11-04 20:23:33','2025-11-04 20:23:33'),(1043,289,'3.31.02.2.01.0005','Koordinasi, Sinkronisasi, dan Pelaksanaan Pemberdayaan Industri dan Peran Serta Masyarakat',NULL,'2025-11-04 20:23:33','2025-11-04 20:23:33'),(1044,289,'3.31.02.2.01.0006','Evaluasi Terhadap Pelaksanaan Rencana Pembangunan Industri',NULL,'2025-11-04 20:23:33','2025-11-04 20:23:33'),(1045,290,'3.31.03.2.01.0004','Fasilitasi verifikasi pemenuhan persyaratan/standar kegiatan usaha sektor perindustrian dalam rangka penerbitan perizinan berusaha berbasis risiko melalui Sistem Informasi Industri Nasional (SIINas) yang terintegrasi dengan Sistem Online Single Submission Risk Base Approach (OSS RBA)',NULL,'2025-11-04 20:23:33','2025-11-04 20:23:33'),(1046,291,'3.31.04.2.01.0002','Diseminasi, Publikasi Data Informasi dan Analisa Industri Kabupaten/Kota Melalui SIINas',NULL,'2025-11-04 20:23:33','2025-11-04 20:23:33'),(1047,292,'4.01.01.2.01.0001','Penyusunan Dokumen Perencanaan Perangkat Daerah',NULL,'2025-11-04 20:23:33','2025-11-04 20:23:33'),(1048,292,'4.01.01.2.01.0002','Koordinasi dan Penyusunan Dokumen RKA-SKPD',NULL,'2025-11-04 20:23:33','2025-11-04 20:23:33'),(1049,292,'4.01.01.2.01.0003','Koordinasi dan Penyusunan Dokumen Perubahan RKA-SKPD',NULL,'2025-11-04 20:23:33','2025-11-04 20:23:33'),(1050,292,'4.01.01.2.01.0006','Koordinasi dan Penyusunan Laporan Capaian Kinerja dan Ikhtisar Realisasi Kinerja SKPD',NULL,'2025-11-04 20:23:33','2025-11-04 20:23:33'),(1051,293,'4.01.01.2.02.0001','Penyediaan Gaji dan Tunjangan ASN',NULL,'2025-11-04 20:23:33','2025-11-04 20:23:33'),(1052,293,'4.01.01.2.02.0005','Koordinasi dan Penyusunan Laporan Keuangan Akhir Tahun SKPD',NULL,'2025-11-04 20:23:33','2025-11-04 20:23:33'),(1053,293,'4.01.01.2.02.0007','Koordinasi dan Penyusunan Laporan Keuangan Bulanan/ Triwulanan/ Semesteran SKPD',NULL,'2025-11-04 20:23:33','2025-11-04 20:23:33'),(1054,294,'4.01.01.2.03.0002','Pengamanan Barang Milik Daerah SKPD',NULL,'2025-11-04 20:23:33','2025-11-04 20:23:33'),(1055,295,'4.01.01.2.05.0005','Monitoring, Evaluasi, dan Penilaian Kinerja Pegawai',NULL,'2025-11-04 20:23:33','2025-11-04 20:23:33'),(1056,296,'4.01.01.2.06.0001','Penyediaan Komponen Instalasi\n\nListrik/Penerangan Bangunan Kantor',NULL,'2025-11-04 20:23:33','2025-11-04 20:23:33'),(1057,296,'4.01.01.2.06.0004','Penyediaan Bahan Logistik Kantor',NULL,'2025-11-04 20:23:33','2025-11-04 20:23:33'),(1058,296,'4.01.01.2.06.0005','Penyediaan Barang Cetakan dan Penggandaan',NULL,'2025-11-04 20:23:33','2025-11-04 20:23:33'),(1059,296,'4.01.01.2.06.0008','Fasilitasi Kunjungan Tamu',NULL,'2025-11-04 20:23:33','2025-11-04 20:23:33'),(1060,296,'4.01.01.2.06.0009','Penyelenggaraan Rapat Koordinasi dan Konsultasi SKPD',NULL,'2025-11-04 20:23:33','2025-11-04 20:23:33'),(1061,297,'4.01.01.2.07.0010','Pengadaan Sarana dan Prasarana Gedung Kantor atau Bangunan Lainnya',NULL,'2025-11-04 20:23:33','2025-11-04 20:23:33'),(1062,298,'4.01.01.2.08.0001','Penyediaan Jasa Surat Menyurat',NULL,'2025-11-04 20:23:33','2025-11-04 20:23:33'),(1063,298,'4.01.01.2.08.0002','Penyediaan Jasa Komunikasi, Sumber Daya Air dan Listrik',NULL,'2025-11-04 20:23:33','2025-11-04 20:23:33'),(1064,298,'4.01.01.2.08.0003','Penyediaan Jasa Peralatan dan Perlengkapan Kantor',NULL,'2025-11-04 20:23:33','2025-11-04 20:23:33'),(1065,298,'4.01.01.2.08.0004','Penyediaan Jasa Pelayanan Umum Kantor',NULL,'2025-11-04 20:23:33','2025-11-04 20:23:33'),(1066,299,'4.01.01.2.09.0001','Penyediaan Jasa Pemeliharaan, Biaya Pemeliharaan, dan Pajak Kendaraan Perorangan Dinas atau Kendaraan Dinas Jabatan',NULL,'2025-11-04 20:23:33','2025-11-04 20:23:33'),(1067,299,'4.01.01.2.09.0006','Pemeliharaan Peralatan dan Mesin Lainnya',NULL,'2025-11-04 20:23:33','2025-11-04 20:23:33'),(1068,299,'4.01.01.2.09.0009','Pemeliharaan/Rehabilitasi Gedung Kantor dan Bangunan Lainnya',NULL,'2025-11-04 20:23:33','2025-11-04 20:23:33'),(1069,299,'4.01.01.2.09.0011','Pemeliharaan/Rehabilitasi Sarana dan Prasarana Pendukung Gedung Kantor atau Bangunan Lainnya',NULL,'2025-11-04 20:23:33','2025-11-04 20:23:33'),(1070,300,'4.01.01.2.11.0001','Penyediaan Gaji dan Tunjangan Kepala Daerah dan Wakil Kepala Daerah',NULL,'2025-11-04 20:23:33','2025-11-04 20:23:33'),(1071,300,'4.01.01.2.11.0002','Penyediaan Pakaian Dinas dan Atribut Kelengkapan Kepala Daerah dan Wakil Kepala Daerah',NULL,'2025-11-04 20:23:33','2025-11-04 20:23:33'),(1072,300,'4.01.01.2.11.0003','Pelaksanaan Medical Check Up Kepala Daerah dan Wakil Kepala Daerah',NULL,'2025-11-04 20:23:33','2025-11-04 20:23:33'),(1073,301,'4.01.01.2.12.0001','Penyediaan Kebutuhan Rumah Tangga Kepala Daerah',NULL,'2025-11-04 20:23:33','2025-11-04 20:23:33'),(1074,301,'4.01.01.2.12.0002','Penyediaan Kebutuhan Rumah Tangga Wakil Kepala Daerah',NULL,'2025-11-04 20:23:33','2025-11-04 20:23:33'),(1075,301,'4.01.01.2.12.0003','Penyediaan Kebutuhan Rumah Tangga Sekretariat Daerah',NULL,'2025-11-04 20:23:33','2025-11-04 20:23:33'),(1076,302,'4.01.01.2.13.0001','Pengelolaan Kelembagaan dan Analisis Jabatan',NULL,'2025-11-04 20:23:33','2025-11-04 20:23:33'),(1077,302,'4.01.01.2.13.0002','Fasilitasi Pelayanan Publik dan Tata Laksana',NULL,'2025-11-04 20:23:33','2025-11-04 20:23:33'),(1078,302,'4.01.01.2.13.0003','Peningkatan Kinerja dan Reformasi Birokrasi',NULL,'2025-11-04 20:23:33','2025-11-04 20:23:33'),(1079,302,'4.01.01.2.13.0005','Koordinasi dan Penyusunan Laporan Kinerja Pemerintah Daerah',NULL,'2025-11-04 20:23:33','2025-11-04 20:23:33'),(1080,303,'4.01.01.2.14.0001','Fasilitasi Keprotokolan',NULL,'2025-11-04 20:23:33','2025-11-04 20:23:33'),(1081,303,'4.01.01.2.14.0002','Fasilitasi Komunikasi Pimpinan',NULL,'2025-11-04 20:23:33','2025-11-04 20:23:33'),(1082,303,'4.01.01.2.14.0003','Pendokumentasian Tugas Pimpinan',NULL,'2025-11-04 20:23:33','2025-11-04 20:23:33'),(1083,304,'4.01.02.2.01.0001','Penataan Administrasi Pemerintahan',NULL,'2025-11-04 20:23:33','2025-11-04 20:23:33'),(1084,304,'4.01.02.2.01.0002','Pengelolaan Administrasi Kewilayahan',NULL,'2025-11-04 20:23:33','2025-11-04 20:23:33'),(1085,304,'4.01.02.2.01.0003','Fasilitasi Pelaksanaan Otonomi Daerah',NULL,'2025-11-04 20:23:33','2025-11-04 20:23:33'),(1086,305,'4.01.02.2.02.0001','Fasilitasi Pengelolaan Bina Mental Spiritual',NULL,'2025-11-04 20:23:33','2025-11-04 20:23:33'),(1087,305,'4.01.02.2.02.0002','Pelaksanaan Kebijakan, Evaluasi, dan Capaian Kinerja Terkait Kesejahteraan Sosial',NULL,'2025-11-04 20:23:33','2025-11-04 20:23:33'),(1088,305,'4.01.02.2.02.0003','Pelaksanaan Kebijakan, Evaluasi, dan Capaian Kinerja Terkait Kesejahteraan Masyarakat',NULL,'2025-11-04 20:23:33','2025-11-04 20:23:33'),(1089,305,'4.01.02.2.02.0004','Peningkatan Kesadaran Keluarga dalam Membangun Kerja Sama antar-Keluarga, Warga, dan Kelompok Masyarakat',NULL,'2025-11-04 20:23:33','2025-11-04 20:23:33'),(1090,305,'4.01.02.2.02.0006','Peningkatan Kesadaran Keluarga dalam Peningkatan Pendidikan dan Keterampilan untuk Mewujudkan Sumber Daya Manusia yang Berkualitas dan Berdaya Saing',NULL,'2025-11-04 20:23:33','2025-11-04 20:23:33'),(1091,306,'4.01.02.2.03.0001','Fasilitasi Penyusunan Produk Hukum Daerah',NULL,'2025-11-04 20:23:33','2025-11-04 20:23:33'),(1092,306,'4.01.02.2.03.0002','Fasilitasi Bantuan Hukum',NULL,'2025-11-04 20:23:33','2025-11-04 20:23:33'),(1093,306,'4.01.02.2.03.0003','Pendokumentasian Produk Hukum dan\n\nPengelolaan Informasi Hukum',NULL,'2025-11-04 20:23:33','2025-11-04 20:23:33'),(1094,307,'4.01.03.2.01.0001','Koordinasi, Sinkronisasi, Monitoring dan Evaluasi Kebijakan Pengelolaan BUMD dan BLUD',NULL,'2025-11-04 20:23:33','2025-11-04 20:23:33'),(1095,307,'4.01.03.2.01.0002','Pengendalian dan Distribusi Perekonomian',NULL,'2025-11-04 20:23:33','2025-11-04 20:23:33'),(1096,308,'4.01.03.2.02.0001','Fasilitasi Penyusunan Program Pembangunan',NULL,'2025-11-04 20:23:33','2025-11-04 20:23:33'),(1097,308,'4.01.03.2.02.0002','Pengendalian dan Evaluasi Program Pembangunan',NULL,'2025-11-04 20:23:33','2025-11-04 20:23:33'),(1098,308,'4.01.03.2.02.0003','Pengelolaan Evaluasi dan Pelaporan Pelaksanaan Pembangunan',NULL,'2025-11-04 20:23:33','2025-11-04 20:23:33'),(1099,309,'4.01.03.2.03.0001','Pengelolaan Pengadaan Barang dan Jasa',NULL,'2025-11-04 20:23:33','2025-11-04 20:23:33'),(1100,309,'4.01.03.2.03.0002','Pengelolaan Layanan Pengadaan Secara Elektronik',NULL,'2025-11-04 20:23:33','2025-11-04 20:23:33'),(1101,309,'4.01.03.2.03.0003','Pembinaan dan Advokasi Pengadaan Barang dan Jasa',NULL,'2025-11-04 20:23:33','2025-11-04 20:23:33'),(1102,310,'4.01.03.2.04.0001','Koordinasi, Sinkronisasi dan Evaluasi Kebijakan Pertanian, Kehutanan, Kelautan, dan Perikanan',NULL,'2025-11-04 20:23:33','2025-11-04 20:23:33'),(1103,310,'4.01.03.2.04.0003','Koordinasi, Sinkronisasi dan Evaluasi Kebijakan Energi dan Air',NULL,'2025-11-04 20:23:33','2025-11-04 20:23:33'),(1104,311,'4.02.01.2.01.0001','Penyusunan Dokumen Perencanaan Perangkat Daerah',NULL,'2025-11-04 20:23:33','2025-11-04 20:23:33'),(1105,311,'4.02.01.2.01.0002','Koordinasi dan Penyusunan Dokumen RKA-SKPD',NULL,'2025-11-04 20:23:33','2025-11-04 20:23:33'),(1106,311,'4.02.01.2.01.0003','Koordinasi dan Penyusunan Dokumen Perubahan RKA-SKPD',NULL,'2025-11-04 20:23:33','2025-11-04 20:23:33'),(1107,311,'4.02.01.2.01.0006','Koordinasi dan Penyusunan Laporan Capaian Kinerja dan Ikhtisar Realisasi Kinerja SKPD',NULL,'2025-11-04 20:23:33','2025-11-04 20:23:33'),(1108,312,'4.02.01.2.02.0001','Penyediaan Gaji dan Tunjangan ASN',NULL,'2025-11-04 20:23:33','2025-11-04 20:23:33'),(1109,312,'4.02.01.2.02.0005','Koordinasi dan Penyusunan Laporan Keuangan Akhir Tahun SKPD',NULL,'2025-11-04 20:23:33','2025-11-04 20:23:33'),(1110,313,'4.02.01.2.05.0011','Bimbingan Teknis Implementasi Peraturan Perundang-Undangan',NULL,'2025-11-04 20:23:33','2025-11-04 20:23:33'),(1111,314,'4.02.01.2.06.0001','Penyediaan Komponen Instalasi\n\nListrik/Penerangan Bangunan Kantor',NULL,'2025-11-04 20:23:33','2025-11-04 20:23:33'),(1112,314,'4.02.01.2.06.0002','Penyediaan Peralatan dan Perlengkapan Kantor',NULL,'2025-11-04 20:23:33','2025-11-04 20:23:33'),(1113,314,'4.02.01.2.06.0003','Penyediaan Peralatan Rumah Tangga',NULL,'2025-11-04 20:23:33','2025-11-04 20:23:33'),(1114,314,'4.02.01.2.06.0004','Penyediaan Bahan Logistik Kantor',NULL,'2025-11-04 20:23:33','2025-11-04 20:23:33'),(1115,314,'4.02.01.2.06.0005','Penyediaan Barang Cetakan dan Penggandaan',NULL,'2025-11-04 20:23:33','2025-11-04 20:23:33'),(1116,314,'4.02.01.2.06.0006','Penyediaan Bahan Bacaan dan Peraturan Perundang-undangan',NULL,'2025-11-04 20:23:33','2025-11-04 20:23:33'),(1117,314,'4.02.01.2.06.0008','Fasilitasi Kunjungan Tamu',NULL,'2025-11-04 20:23:33','2025-11-04 20:23:33'),(1118,314,'4.02.01.2.06.0009','Penyelenggaraan Rapat Koordinasi dan Konsultasi SKPD',NULL,'2025-11-04 20:23:33','2025-11-04 20:23:33'),(1119,315,'4.02.01.2.07.0002','Pengadaan Kendaraan Dinas Operasional atau Lapangan',NULL,'2025-11-04 20:23:33','2025-11-04 20:23:33'),(1120,315,'4.02.01.2.07.0011','Pengadaan Sarana dan Prasarana Pendukung Gedung Kantor atau Bangunan Lainnya',NULL,'2025-11-04 20:23:33','2025-11-04 20:23:33'),(1121,316,'4.02.01.2.08.0001','Penyediaan Jasa Surat Menyurat',NULL,'2025-11-04 20:23:33','2025-11-04 20:23:33'),(1122,316,'4.02.01.2.08.0002','Penyediaan Jasa Komunikasi, Sumber Daya Air dan Listrik',NULL,'2025-11-04 20:23:33','2025-11-04 20:23:33'),(1123,316,'4.02.01.2.08.0004','Penyediaan Jasa Pelayanan Umum Kantor',NULL,'2025-11-04 20:23:33','2025-11-04 20:23:33'),(1124,317,'4.02.01.2.09.0001','Penyediaan Jasa Pemeliharaan, Biaya Pemeliharaan, dan Pajak Kendaraan Perorangan Dinas atau Kendaraan Dinas Jabatan',NULL,'2025-11-04 20:23:33','2025-11-04 20:23:33'),(1125,317,'4.02.01.2.09.0002','Penyediaan Jasa Pemeliharaan, Biaya Pemeliharaan, Pajak dan Perizinan Kendaraan Dinas Operasional atau Lapangan',NULL,'2025-11-04 20:23:33','2025-11-04 20:23:33'),(1126,317,'4.02.01.2.09.0006','Pemeliharaan Peralatan dan Mesin Lainnya',NULL,'2025-11-04 20:23:33','2025-11-04 20:23:33'),(1127,317,'4.02.01.2.09.0011','Pemeliharaan/Rehabilitasi Sarana dan Prasarana Pendukung Gedung Kantor atau Bangunan Lainnya',NULL,'2025-11-04 20:23:33','2025-11-04 20:23:33'),(1128,318,'4.02.01.2.15.0001','Penyelenggaraan Administrasi Keuangan DPRD',NULL,'2025-11-04 20:23:33','2025-11-04 20:23:33'),(1129,318,'4.02.01.2.15.0002','Penyediaan Pakaian Dinas dan Atribut DPRD',NULL,'2025-11-04 20:23:33','2025-11-04 20:23:33'),(1130,318,'4.02.01.2.15.0003','Pelaksanaan Medical Check Up DPRD',NULL,'2025-11-04 20:23:33','2025-11-04 20:23:33'),(1131,319,'4.02.02.2.01.0002','Pembahasan Rancangan Peraturan Daerah',NULL,'2025-11-04 20:23:33','2025-11-04 20:23:33'),(1132,320,'4.02.02.2.02.0001','Pembahasan KUA dan PPAS',NULL,'2025-11-04 20:23:33','2025-11-04 20:23:33'),(1133,320,'4.02.02.2.02.0002','Pembahasan Perubahan KUA dan Perubahan PPAS',NULL,'2025-11-04 20:23:33','2025-11-04 20:23:33'),(1134,320,'4.02.02.2.02.0003','Pembahasan APBD',NULL,'2025-11-04 20:23:33','2025-11-04 20:23:33'),(1135,320,'4.02.02.2.02.0004','Pembahasan APBD Perubahan',NULL,'2025-11-04 20:23:33','2025-11-04 20:23:33'),(1136,320,'4.02.02.2.02.0005','Pembahasan Laporan Semester',NULL,'2025-11-04 20:23:33','2025-11-04 20:23:33'),(1137,321,'4.02.02.2.03.0007','Pengawasan Penggunaan Anggaran',NULL,'2025-11-04 20:23:33','2025-11-04 20:23:33'),(1138,322,'4.02.02.2.04.0004','Penyediaan Kelompok Pakar dan Tim Ahli',NULL,'2025-11-04 20:23:33','2025-11-04 20:23:33'),(1139,322,'4.02.02.2.04.0005','Penyediaan Tenaga Ahli Fraksi',NULL,'2025-11-04 20:23:33','2025-11-04 20:23:33'),(1140,322,'4.02.02.2.04.0008','Publikasi dan Dokumentasi DPRD',NULL,'2025-11-04 20:23:33','2025-11-04 20:23:33'),(1141,323,'4.02.02.2.05.0001','Kunjungan Kerja dalam Daerah',NULL,'2025-11-04 20:23:33','2025-11-04 20:23:33'),(1142,323,'4.02.02.2.05.0003','Pelaksanaan Reses',NULL,'2025-11-04 20:23:33','2025-11-04 20:23:33'),(1143,324,'4.02.02.2.08.0001','Koordinasi dan Konsultasi Pelaksanaan Tugas DPRD',NULL,'2025-11-04 20:23:33','2025-11-04 20:23:33'),(1144,324,'4.02.02.2.08.0002','Penyusunan Laporan Kinerja DPRD',NULL,'2025-11-04 20:23:33','2025-11-04 20:23:33'),(1145,325,'5.01.01.2.01.0001','Penyusunan Dokumen Perencanaan Perangkat Daerah',NULL,'2025-11-04 20:23:33','2025-11-04 20:23:33'),(1146,325,'5.01.01.2.01.0002','Koordinasi dan Penyusunan Dokumen RKA-SKPD',NULL,'2025-11-04 20:23:33','2025-11-04 20:23:33'),(1147,325,'5.01.01.2.01.0003','Koordinasi dan Penyusunan Dokumen Perubahan RKA-SKPD',NULL,'2025-11-04 20:23:33','2025-11-04 20:23:33'),(1148,325,'5.01.01.2.01.0006','Koordinasi dan Penyusunan Laporan Capaian Kinerja dan Ikhtisar Realisasi Kinerja SKPD',NULL,'2025-11-04 20:23:33','2025-11-04 20:23:33'),(1149,326,'5.01.01.2.02.0001','Penyediaan Gaji dan Tunjangan ASN',NULL,'2025-11-04 20:23:33','2025-11-04 20:23:33'),(1150,326,'5.01.01.2.02.0007','Koordinasi dan Penyusunan Laporan Keuangan Bulanan/ Triwulanan/ Semesteran SKPD',NULL,'2025-11-04 20:23:33','2025-11-04 20:23:33'),(1151,327,'5.01.01.2.06.0001','Penyediaan Komponen Instalasi\n\nListrik/Penerangan Bangunan Kantor',NULL,'2025-11-04 20:23:33','2025-11-04 20:23:33'),(1152,327,'5.01.01.2.06.0002','Penyediaan Peralatan dan Perlengkapan Kantor',NULL,'2025-11-04 20:23:33','2025-11-04 20:23:33'),(1153,327,'5.01.01.2.06.0004','Penyediaan Bahan Logistik Kantor',NULL,'2025-11-04 20:23:33','2025-11-04 20:23:33'),(1154,327,'5.01.01.2.06.0005','Penyediaan Barang Cetakan dan Penggandaan',NULL,'2025-11-04 20:23:33','2025-11-04 20:23:33'),(1155,327,'5.01.01.2.06.0006','Penyediaan Bahan Bacaan dan Peraturan Perundang-undangan',NULL,'2025-11-04 20:23:33','2025-11-04 20:23:33'),(1156,327,'5.01.01.2.06.0008','Fasilitasi Kunjungan Tamu',NULL,'2025-11-04 20:23:33','2025-11-04 20:23:33'),(1157,327,'5.01.01.2.06.0009','Penyelenggaraan Rapat Koordinasi dan Konsultasi SKPD',NULL,'2025-11-04 20:23:33','2025-11-04 20:23:33'),(1158,328,'5.01.01.2.07.0001','Pengadaan Kendaraan Perorangan Dinas atau Kendaraan Dinas Jabatan',NULL,'2025-11-04 20:23:33','2025-11-04 20:23:33'),(1159,329,'5.01.01.2.08.0002','Penyediaan Jasa Komunikasi, Sumber Daya Air dan Listrik',NULL,'2025-11-04 20:23:33','2025-11-04 20:23:33'),(1160,329,'5.01.01.2.08.0004','Penyediaan Jasa Pelayanan Umum Kantor',NULL,'2025-11-04 20:23:33','2025-11-04 20:23:33'),(1161,330,'5.01.01.2.09.0001','Penyediaan Jasa Pemeliharaan, Biaya Pemeliharaan, dan Pajak Kendaraan Perorangan Dinas atau Kendaraan Dinas Jabatan',NULL,'2025-11-04 20:23:33','2025-11-04 20:23:33'),(1162,330,'5.01.01.2.09.0006','Pemeliharaan Peralatan dan Mesin Lainnya',NULL,'2025-11-04 20:23:33','2025-11-04 20:23:33'),(1163,330,'5.01.01.2.09.0010','Pemeliharaan/Rehabilitasi Sarana dan Prasarana Gedung Kantor atau Bangunan Lainnya',NULL,'2025-11-04 20:23:33','2025-11-04 20:23:33'),(1164,331,'5.01.02.2.01.0001','Analisis Kondisi Daerah, Permasalahan, dan Isu Strategis Pembangunan Daerah',NULL,'2025-11-04 20:23:33','2025-11-04 20:23:33'),(1165,331,'5.01.02.2.01.0002','Koordinasi Penelaahan Dokumen Perencanaan Pembangunan Daerah dengan Dokumen Kebijakan Lainnya',NULL,'2025-11-04 20:23:33','2025-11-04 20:23:33'),(1166,331,'5.01.02.2.01.0003','Pelaksanaan Konsultasi Publik',NULL,'2025-11-04 20:23:33','2025-11-04 20:23:33'),(1167,331,'5.01.02.2.01.0004','Koordinasi Pelaksanaan Forum Perangkat Daerah/Lintas Perangkat Daerah',NULL,'2025-11-04 20:23:33','2025-11-04 20:23:33'),(1168,331,'5.01.02.2.01.0005','Pelaksanaan Musrenbang Kabupaten/Kota',NULL,'2025-11-04 20:23:33','2025-11-04 20:23:33'),(1169,331,'5.01.02.2.01.0006','Penyiapan Bahan Koordinasi Musrenbang Kecamatan',NULL,'2025-11-04 20:23:33','2025-11-04 20:23:33'),(1170,331,'5.01.02.2.01.0007','Koordinasi Penyusunan dan Penetapan Dokumen Perencanaan Pembangunan Daerah Kabupaten/Kota',NULL,'2025-11-04 20:23:33','2025-11-04 20:23:33'),(1171,332,'5.01.02.2.02.0001','Analisis Data dan Informasi Perencanaan Pembangunan Daerah',NULL,'2025-11-04 20:23:33','2025-11-04 20:23:33'),(1172,332,'5.01.02.2.02.0002','Pembinaan dan Pemanfaatan Data dan Informasi Perencanaan Pembangunan Perangkat Daerah',NULL,'2025-11-04 20:23:33','2025-11-04 20:23:33'),(1173,332,'5.01.02.2.02.0003','Penyusunan Profil Pembangunan Daerah Kabupaten/Kota',NULL,'2025-11-04 20:23:33','2025-11-04 20:23:33'),(1174,333,'5.01.02.2.03.0001','Koordinasi Pengendalian Perencanaan dan Pelaksanaan Pembangunan Daerah di Kabupaten/Kota',NULL,'2025-11-04 20:23:33','2025-11-04 20:23:33'),(1175,333,'5.01.02.2.03.0002','Pengendalian Pelaksanaan Kerja Sama Daerah',NULL,'2025-11-04 20:23:33','2025-11-04 20:23:33'),(1176,333,'5.01.02.2.03.0003','Monitoring, Evaluasi dan Penyusunan Laporan Berkala Pelaksanaan Pembangunan Daerah',NULL,'2025-11-04 20:23:33','2025-11-04 20:23:33'),(1177,334,'5.02.01.2.01.0001','Penyusunan Dokumen Perencanaan Perangkat Daerah',NULL,'2025-11-04 20:23:33','2025-11-04 20:23:33'),(1178,334,'5.02.01.2.01.0002','Koordinasi dan Penyusunan Dokumen RKA-SKPD',NULL,'2025-11-04 20:23:33','2025-11-04 20:23:33'),(1179,334,'5.02.01.2.01.0003','Koordinasi dan Penyusunan Dokumen Perubahan RKA-SKPD',NULL,'2025-11-04 20:23:33','2025-11-04 20:23:33'),(1180,334,'5.02.01.2.01.0006','Koordinasi dan Penyusunan Laporan Capaian Kinerja dan Ikhtisar Realisasi Kinerja SKPD',NULL,'2025-11-04 20:23:33','2025-11-04 20:23:33'),(1181,335,'5.02.01.2.02.0001','Penyediaan Gaji dan Tunjangan ASN',NULL,'2025-11-04 20:23:33','2025-11-04 20:23:33'),(1182,335,'5.02.01.2.02.0005','Koordinasi dan Penyusunan Laporan Keuangan Akhir Tahun SKPD',NULL,'2025-11-04 20:23:33','2025-11-04 20:23:33'),(1183,335,'5.02.01.2.02.0007','Koordinasi dan Penyusunan Laporan Keuangan Bulanan/ Triwulanan/ Semesteran SKPD',NULL,'2025-11-04 20:23:33','2025-11-04 20:23:33'),(1184,336,'5.02.01.2.05.0011','Bimbingan Teknis Implementasi Peraturan Perundang-Undangan',NULL,'2025-11-04 20:23:33','2025-11-04 20:23:33'),(1185,337,'5.02.01.2.06.0001','Penyediaan Komponen Instalasi\n\nListrik/Penerangan Bangunan Kantor',NULL,'2025-11-04 20:23:33','2025-11-04 20:23:33'),(1186,337,'5.02.01.2.06.0002','Penyediaan Peralatan dan Perlengkapan Kantor',NULL,'2025-11-04 20:23:33','2025-11-04 20:23:33'),(1187,337,'5.02.01.2.06.0004','Penyediaan Bahan Logistik Kantor',NULL,'2025-11-04 20:23:33','2025-11-04 20:23:33'),(1188,337,'5.02.01.2.06.0005','Penyediaan Barang Cetakan dan Penggandaan',NULL,'2025-11-04 20:23:33','2025-11-04 20:23:33'),(1189,337,'5.02.01.2.06.0006','Penyediaan Bahan Bacaan dan Peraturan Perundang-undangan',NULL,'2025-11-04 20:23:33','2025-11-04 20:23:33'),(1190,337,'5.02.01.2.06.0008','Fasilitasi Kunjungan Tamu',NULL,'2025-11-04 20:23:33','2025-11-04 20:23:33'),(1191,337,'5.02.01.2.06.0009','Penyelenggaraan Rapat Koordinasi dan Konsultasi SKPD',NULL,'2025-11-04 20:23:33','2025-11-04 20:23:33'),(1192,337,'5.02.01.2.06.0011','Dukungan Pelaksanaan Sistem Pemerintahan Berbasis Elektronik pada SKPD',NULL,'2025-11-04 20:23:33','2025-11-04 20:23:33'),(1193,338,'5.02.01.2.08.0002','Penyediaan Jasa Komunikasi, Sumber Daya Air dan Listrik',NULL,'2025-11-04 20:23:33','2025-11-04 20:23:33'),(1194,338,'5.02.01.2.08.0004','Penyediaan Jasa Pelayanan Umum Kantor',NULL,'2025-11-04 20:23:33','2025-11-04 20:23:33'),(1195,339,'5.02.01.2.09.0001','Penyediaan Jasa Pemeliharaan, Biaya Pemeliharaan, dan Pajak Kendaraan Perorangan Dinas atau Kendaraan Dinas Jabatan',NULL,'2025-11-04 20:23:33','2025-11-04 20:23:33'),(1196,339,'5.02.01.2.09.0002','Penyediaan Jasa Pemeliharaan, Biaya Pemeliharaan, Pajak dan Perizinan Kendaraan Dinas Operasional atau Lapangan',NULL,'2025-11-04 20:23:33','2025-11-04 20:23:33'),(1197,339,'5.02.01.2.09.0006','Pemeliharaan Peralatan dan Mesin Lainnya',NULL,'2025-11-04 20:23:33','2025-11-04 20:23:33'),(1198,339,'5.02.01.2.09.0009','Pemeliharaan/Rehabilitasi Gedung Kantor dan Bangunan Lainnya',NULL,'2025-11-04 20:23:33','2025-11-04 20:23:33'),(1199,339,'5.02.01.2.09.0010','Pemeliharaan/Rehabilitasi Sarana dan Prasarana Gedung Kantor atau Bangunan Lainnya',NULL,'2025-11-04 20:23:33','2025-11-04 20:23:33'),(1200,339,'5.02.01.2.09.0011','Pemeliharaan/Rehabilitasi Sarana dan Prasarana Pendukung Gedung Kantor atau Bangunan Lainnya',NULL,'2025-11-04 20:23:33','2025-11-04 20:23:33'),(1201,340,'5.02.02.2.01.0001','Koordinasi dan Penyusunan KUA dan PPAS',NULL,'2025-11-04 20:23:33','2025-11-04 20:23:33'),(1202,340,'5.02.02.2.01.0002','Koordinasi dan Penyusunan Perubahan KUA dan Perubahan PPAS',NULL,'2025-11-04 20:23:33','2025-11-04 20:23:33'),(1203,340,'5.02.02.2.01.0003','Koordinasi, Penyusunan dan Verifikasi RKA-SKPD',NULL,'2025-11-04 20:23:33','2025-11-04 20:23:33'),(1204,340,'5.02.02.2.01.0004','Koordinasi, Penyusunan dan Verifikasi Perubahan RKA-SKPD',NULL,'2025-11-04 20:23:33','2025-11-04 20:23:33'),(1205,340,'5.02.02.2.01.0005','Koordinasi, Penyusunan dan Verifikasi DPA-SKPD',NULL,'2025-11-04 20:23:33','2025-11-04 20:23:33'),(1206,340,'5.02.02.2.01.0007','Koordinasi dan Penyusunan Peraturan Daerah tentang APBD dan Peraturan Kepala Daerah tentang Penjabaran APBD',NULL,'2025-11-04 20:23:33','2025-11-04 20:23:33'),(1207,340,'5.02.02.2.01.0008','Koordinasi dan Penyusunan Peraturan Daerah tentang Perubahan APBD dan Peraturan Kepala Daerah tentang Penjabaran Perubahan APBD',NULL,'2025-11-04 20:23:33','2025-11-04 20:23:33'),(1208,340,'5.02.02.2.01.0009','Koordinasi dan Penyusunan Regulasi serta Kebijakan Bidang Anggaran',NULL,'2025-11-04 20:23:33','2025-11-04 20:23:33'),(1209,340,'5.02.02.2.01.0011','Koordinasi Perencanaan Anggaran Belanja Daerah',NULL,'2025-11-04 20:23:33','2025-11-04 20:23:33'),(1210,340,'5.02.02.2.01.0013','Pembinaan Perencanaan Penganggaran Daerah Pemerintah Kabupaten/Kota',NULL,'2025-11-04 20:23:33','2025-11-04 20:23:33'),(1211,341,'5.02.02.2.02.0001','Koordinasi dan Pengelolaan Kas Daerah',NULL,'2025-11-04 20:23:33','2025-11-04 20:23:33'),(1212,341,'5.02.02.2.02.0003','Penyiapan, Pelaksanaan Pengendalian dan Penerbitan Anggaran Kas dan SPD',NULL,'2025-11-04 20:23:33','2025-11-04 20:23:33'),(1213,341,'5.02.02.2.02.0005','Koordinasi, Fasilitasi, Asistensi, Sinkronisasi, Supervisi, Monitoring dan Evaluasi Pengelolaan Dana Perimbangan dan Dana Transfer Lainnya',NULL,'2025-11-04 20:23:33','2025-11-04 20:23:33'),(1214,341,'5.02.02.2.02.0007','Koordinasi dan Penyusunan Laporan Realisasi Penerimaan dan Pengeluaran Kas Daerah, Laporan Aliran Kas, dan Pelaksanaan Pemungutan/ Pemotongan dan Penyetoran Perhitungan Fihak Ketiga (PFK)',NULL,'2025-11-04 20:23:33','2025-11-04 20:23:33'),(1215,341,'5.02.02.2.02.0009','Rekonsiliasi Data Penerimaan dan Pengeluaran Kas serta Pemungutan dan Pemotongan atas SP2D dengan Instansi Terkait',NULL,'2025-11-04 20:23:33','2025-11-04 20:23:33'),(1216,342,'5.02.02.2.03.0001','Koordinasi Pelaksanaan Akuntansi Penerimaan dan Pengeluaran Kas Daerah',NULL,'2025-11-04 20:23:33','2025-11-04 20:23:33'),(1217,342,'5.02.02.2.03.0002','Rekonsiliasi dan Verifikasi Aset, Kewajiban, Ekuitas, Pendapatan, Belanja, Pembiayaan, Pendapatan-LO dan Beban',NULL,'2025-11-04 20:23:33','2025-11-04 20:23:33'),(1218,342,'5.02.02.2.03.0003','Koordinasi Penyusunan Laporan Pertanggungjawaban Pelaksanaan APBD Bulanan, Triwulanan dan Semesteran',NULL,'2025-11-04 20:23:33','2025-11-04 20:23:33'),(1219,342,'5.02.02.2.03.0004','Konsolidasi Laporan Keuangan SKPD, BLUD dan Laporan Keuangan Pemerintah Daerah',NULL,'2025-11-04 20:23:33','2025-11-04 20:23:33'),(1220,342,'5.02.02.2.03.0005','Koordinasi dan Penyusunan Rancangan Peraturan Daerah tentang Pertanggungjawaban Pelaksanaan APBD Kabupaten/Kota dan Rancangan Peraturan Kepala Daerah tentang Penjabaran Pertanggungjawaban Pelaksanaan APBD Kabupaten/Kota',NULL,'2025-11-04 20:23:33','2025-11-04 20:23:33'),(1221,342,'5.02.02.2.03.0007','Koordinasi, Sinkronisasi, dan Penyelesaian Tuntutan Perbendaharaan dan Tuntutan Kerugian Daerah',NULL,'2025-11-04 20:23:33','2025-11-04 20:23:33'),(1222,343,'5.02.02.2.04.0009','Pengelolaan Dana Darurat dan Mendesak',NULL,'2025-11-04 20:23:33','2025-11-04 20:23:33'),(1223,344,'5.02.03.2.01.0001','Penyusunan Standar Harga',NULL,'2025-11-04 20:23:33','2025-11-04 20:23:33'),(1224,344,'5.02.03.2.01.0002','Penyusunan Standar Barang Milik Daerah dan Standar Kebutuhan Barang Milik Daerah',NULL,'2025-11-04 20:23:33','2025-11-04 20:23:33'),(1225,344,'5.02.03.2.01.0003','Penyusunan Perencanaan Kebutuhan Barang Milik Daerah',NULL,'2025-11-04 20:23:33','2025-11-04 20:23:33'),(1226,344,'5.02.03.2.01.0004','Penyusunan Kebijakan Pengelolaan Barang Milik Daerah',NULL,'2025-11-04 20:23:33','2025-11-04 20:23:33'),(1227,344,'5.02.03.2.01.0005','Penatausahaan Barang Milik Daerah',NULL,'2025-11-04 20:23:33','2025-11-04 20:23:33'),(1228,344,'5.02.03.2.01.0006','Inventarisasi Barang Milik Daerah',NULL,'2025-11-04 20:23:33','2025-11-04 20:23:33'),(1229,344,'5.02.03.2.01.0007','Pengamanan Barang Milik Daerah',NULL,'2025-11-04 20:23:33','2025-11-04 20:23:33'),(1230,344,'5.02.03.2.01.0008','Penilaian Barang Milik Daerah',NULL,'2025-11-04 20:23:33','2025-11-04 20:23:33'),(1231,344,'5.02.03.2.01.0009','Pengawasan dan Pengendalian Pengelolaan Barang Milik Daerah',NULL,'2025-11-04 20:23:33','2025-11-04 20:23:33'),(1232,344,'5.02.03.2.01.0010','Optimalisasi Penggunaan, Pemanfaatan, Pemindahtanganan, Pemusnahan, dan Penghapusan Barang Milik Daerah',NULL,'2025-11-04 20:23:33','2025-11-04 20:23:33'),(1233,344,'5.02.03.2.01.0011','Rekonsiliasi dalam rangka Penyusunan Laporan Barang Milik Daerah',NULL,'2025-11-04 20:23:33','2025-11-04 20:23:33'),(1234,344,'5.02.03.2.01.0013','Pembinaan Pengelolaan Barang Milik Daerah Pemerintah Kabupaten/Kota',NULL,'2025-11-04 20:23:33','2025-11-04 20:23:33'),(1235,345,'5.02.04.2.01.0001','Perencanaan Pengelolaan Pajak Daerah',NULL,'2025-11-04 20:23:33','2025-11-04 20:23:33'),(1236,345,'5.02.04.2.01.0005','Pendataan dan Pendaftaran Objek Pajak Daerah',NULL,'2025-11-04 20:23:33','2025-11-04 20:23:33'),(1237,345,'5.02.04.2.01.0006','Pengolahan, Pemeliharaan, dan Pelaporan Basis Data Pajak Daerah',NULL,'2025-11-04 20:23:33','2025-11-04 20:23:33'),(1238,345,'5.02.04.2.01.0007','Penilaian Pajak Bumi dan Bangunan Perdesaan dan Perkotaan (PBBP2) serta Bea Perolehan Hak atas Tanah dan Bangunan (BPHTB)',NULL,'2025-11-04 20:23:33','2025-11-04 20:23:33'),(1239,345,'5.02.04.2.01.0008','Penetapan Wajib Pajak Daerah',NULL,'2025-11-04 20:23:33','2025-11-04 20:23:33'),(1240,345,'5.02.04.2.01.0009','Pelayanan dan Konsultasi Pajak Daerah',NULL,'2025-11-04 20:23:33','2025-11-04 20:23:33'),(1241,345,'5.02.04.2.01.0010','Penelitian dan Verifikasi Data Pelaporan Pajak Daerah',NULL,'2025-11-04 20:23:33','2025-11-04 20:23:33'),(1242,345,'5.02.04.2.01.0011','Penagihan Pajak Daerah',NULL,'2025-11-04 20:23:33','2025-11-04 20:23:33'),(1243,345,'5.02.04.2.01.0012','Penyelesaian Keberatan Pajak Daerah',NULL,'2025-11-04 20:23:33','2025-11-04 20:23:33'),(1244,345,'5.02.04.2.01.0013','Pengendalian, Pemeriksaan dan Pengawasan Pajak Daerah',NULL,'2025-11-04 20:23:33','2025-11-04 20:23:33');

#
# Structure for table "users"
#

CREATE TABLE `users` (
  `id` int(20) unsigned NOT NULL AUTO_INCREMENT,
  `id_opd` varchar(255) DEFAULT NULL,
  `fullname` varchar(255) DEFAULT NULL,
  `email` varchar(255) DEFAULT NULL,
  `email_verified_at` timestamp NULL DEFAULT NULL,
  `password` varchar(255) DEFAULT NULL,
  `role` enum('Admin','User','Otorisasi','Verifikasi','Pegawai') DEFAULT 'User',
  `gambar` varchar(255) DEFAULT NULL,
  `is_active` varchar(255) DEFAULT NULL,
  `verify_key` varchar(255) DEFAULT NULL,
  `remember_token` text DEFAULT NULL,
  `created_at` timestamp NULL DEFAULT NULL,
  `updated_at` timestamp NULL DEFAULT NULL,
  `token_sipd` text DEFAULT NULL,
  `nama_opd` varchar(255) CHARACTER SET utf8mb4 COLLATE utf8mb4_general_ci DEFAULT NULL,
  `nip` varchar(255) DEFAULT NULL,
  `alamat` varchar(255) DEFAULT NULL,
  `no_hp` varchar(12) DEFAULT NULL,
  `hobi` varchar(255) DEFAULT NULL,
  `nama_pa_kpa` varchar(255) DEFAULT NULL,
  `nip_pa_kpa` varchar(255) DEFAULT NULL,
  `tahun` varchar(255) DEFAULT NULL,
  `id_unit` varchar(255) DEFAULT NULL,
  PRIMARY KEY (`id`),
  UNIQUE KEY `users_email_unique` (`email`)
) ENGINE=InnoDB AUTO_INCREMENT=85 DEFAULT CHARSET=utf8mb4 COLLATE=utf8mb4_unicode_ci ROW_FORMAT=DYNAMIC;

#
# Data for table "users"
#

INSERT INTO `users` VALUES (22,'3','Santy','pu@gmail.com','2024-08-13 23:46:56','$2y$10$QYUQtf.QkGUN41znMRWD8.J1D0JZ9PzZCPr.L1h.VM6CxiVVDYPPG','User','20250206060147.jpg','Aktif','z0ndeCiShIGPXhTK5Tvs37ir1qRJnqolooVyikUHiFXpivved2Km7OxGQit5NSvCxv1dAzBFFFPAZIwTkaqo9QHjyDgSKTmnEnjw','K9xjPu8t8jEk5tg3Pd24BhXqIlYu4DqSxlEcuDgUtjTFYYsX1wcZE04abhvI','2024-08-13 23:46:23','2025-08-27 03:37:55','eyJhbGciOiJIUzI1NiIsInR5cCI6IkpXVCJ9.eyJpc3MiOiJTSVBEX0FVVEhfU0VSVklDRSIsInN1YiI6IjEzNTY2Ny4zNDIiLCJleHAiOjE3MjYxNTc5OTIsImlhdCI6MTcyNTk0MTk5MiwidGFodW4iOjIwMjQsImlkX3VzZXIiOjEzNTY2NywiaWRfZGFlcmFoIjozNDIsImtvZGVfcHJvdmluc2kiOiI3MiIsImlkX3NrcGQiOjMyNiwiaWRfcm9sZSI6NCwiaWRfcGVnYXdhaSI6MTI4MDU1LCJzdWJfZG9tYWluX2RhZXJhaCI6InBhbHUifQ.Be07EaLpTzGkEzTWtHa9sULtq8KFE2EBbrbsMl7kAf8','Dinas Pekerjaan Umum','19850830 202311 1 014','Jl. Palu Barat 1','085342157722','Makan','ISMAYADIN DJ. PARIGADE, S.T., M.T','197309052007011024',NULL,NULL),(25,'18','Mohammad Iful','ipoellasiso86@gmail.com','2024-08-14 08:46:17','$2y$10$VeKs6jCudmvCis1yzHcGNerrHL0o0VQ8rYvDrxZVtjSD1fOFwvYeK','Admin','a1.jpeg','Aktif','a1PjMUCHl8TS9LWVobuYhlYzBZmYn3jPYHLfUtIEqilvyGr90TAgmFEpTQu9MzRda44TvFzMt2ySdhG9mUwvSWrX6g5DlY1lY16x',NULL,'2024-08-14 00:12:16','2024-11-05 22:18:47',NULL,'Super Admin','19850830 202311 1 015','Jl. Poros Palu Bangga','085342157723','Olahraga',NULL,NULL,'2025',NULL),(40,'1','Vonika','pendidikan@gmail.com','2024-08-18 04:04:43','$2y$10$ZsRh9GUOQPa6zPIMcZ9.jeVA38mfbr/OXpnOLW3aHYuLXOXn5Gbcy','User','20250206070438.jpg','Aktif','vuGWORmDVOyAILMlzY0wMajT81oXQFiTLBiEN1P1nX80HvjvKBud8Zwo1dbi7mZtCjfzkWFwOAUq2wSOHGtcxbTRszd58JSztwGU',NULL,'2024-08-14 05:56:23','2025-02-21 01:38:54',NULL,'Dinas Pendidikan','19850830 202311 1 013','Jl. Palu Barat 12','085342157724','Bernyanyi',NULL,NULL,NULL,NULL),(41,'2','Kiki','dinkes11@gmail.com','2024-08-20 08:06:31','$2y$10$bwU5JwRVJh86ZY9kAeeA6Ozt4l8lYK20l2UkDGGOOXxZ9H9Mckk.S','User','20250221073917.jpg','Aktif','3mMMHTcrFV3L0f3uiwBLxObxIyHLdBR6dugJoIEr9WrTBrSoP95xHGrg911H5ydT28K5nugqctGc64EpITQE3AgbfUmKI9nk5pDq',NULL,'2024-08-20 08:06:10','2025-05-04 20:19:46','eyJhbGciOiJIUzI1NiIsInR5cCI6IkpXVCJ9.eyJpc3MiOiJTSVBEX0FVVEhfU0VSVklDRSIsInN1YiI6IjEzNTY2Ny4zNDIiLCJleHAiOjE3MjYxNTc5OTIsImlhdCI6MTcyNTk0MTk5MiwidGFodW4iOjIwMjQsImlkX3VzZXIiOjEzNTY2NywiaWRfZGFlcmFoIjozNDIsImtvZGVfcHJvdmluc2kiOiI3MiIsImlkX3NrcGQiOjMyNiwiaWRfcm9sZSI6NCwiaWRfcGVnYXdhaSI6MTI4MDU1LCJzdWJfZG9tYWluX2RhZXJhaCI6InBhbHUifQ.Be07EaLpTzGkEzTWtHa9sULtq8KFE2EBbrbsMl7kAf8','Dinas Kesehatan','19850830 202311 1 012','Jl. Palu Barat 13','085342157725','Musisi','dr. ROCHMAT JASIN MOENAWAR','196912032006041008','2025',NULL),(47,'14','Taufik','sosial@gmail.com',NULL,'$2y$10$cTyZM3/ip3DMjKN78Mf4DOpzwuJ5s1bCox7ZCCUa29vXC8Oe/..Di','User','20241106075423.jpg','Aktif',NULL,NULL,'2024-11-06 00:54:23','2025-05-04 22:02:01',NULL,'Dinas Sosial','19850830 202311 1 011','Jl. Palu Barat 14','085342157726','Senam','SUSIK, S.K.M., M.Si','198008102006041015','2025',NULL),(48,'17','Irawati','palut@gmail.com','2025-02-06 07:54:34','$2y$10$uxKdEXK/4YHCXFOKmvOcSOTwKMao6IXEcem8CaxzHheT/BZffTeyi','User','20250206065327.jpg','Aktif',NULL,NULL,'2025-02-05 23:53:27','2025-05-04 22:15:17',NULL,'Kecamatan Palu Utara','-','-','-','-','MOHAMAD AZHAR, S.STP','198105211999121001','2025',NULL),(49,'4','Inul','bpkad@gmail.com',NULL,'$2y$10$25bvWPXmwoPdC8ItZpEoTO.HS16K2ko8Q4VmlknDdEGppUa0vjsf6','User','20250210053547.jpg','Aktif',NULL,NULL,'2025-02-09 23:35:47','2025-05-04 22:13:31',NULL,'Badan Pengelola Keuangan dan Aset Daerah','-','-','-','-','ROMY SANDI AGUNG, S.H, M.Adm.KP','197402271999031004','2025','28'),(50,'18','Vahri Moh Vaisal','Vahrivaisal12@gmail.com',NULL,'$2y$10$i5RKvkiRJDAtAd4td/gpD.NZlv0qorxHYJqTkMXo6bXL7zlt8Fp5a','Admin','20250214083328.jpg','Aktif',NULL,NULL,'2025-02-14 02:33:28','2025-02-20 04:22:15',NULL,'Admin 2',NULL,NULL,NULL,NULL,NULL,NULL,NULL,NULL),(51,'19','Santy','palbar@gmail.com',NULL,'$2y$10$PxUvipLMWYkP9PW.LFE8y.GA5abD9s1c6hk6J8ZawvBixY9ZGp.Zi','User','20250220102207.jpg','Aktif',NULL,NULL,'2025-02-20 04:22:07','2025-05-04 22:17:40',NULL,'Kecamatan Palu Barat','-','-','-','-','KHOMAENI, S.Sos','197901122008011005','2025',NULL),(52,'20','Cici Megawati','palsel@gmail.com',NULL,'$2y$10$.jFTHWoSYTY85h.KmUXK8e4W3tRtiGaFtHmZw/0NghnNalrYGEwvK','User','20250221063200.jpg','Aktif',NULL,NULL,'2025-02-21 00:32:00','2025-05-04 22:19:43',NULL,'Kecamatan Palu Selatan','-','-','-','-','GOENAWAN, S.STP','198105051999121001',NULL,NULL),(53,'21','Ainun','paltim@gmail.com',NULL,'$2y$10$vKf1NAM5EaBv3jMrOxgRse8Ad.ewBEzoBFiJuV7qX73h2tFiT0qay','User','20250221081643.jpg','Aktif',NULL,NULL,'2025-02-21 02:16:43','2025-05-04 22:16:40',NULL,'Kecamatan Palu Timur','-','-','-','-','GUNAWAN, SKM, M.KES','197708091996031001',NULL,NULL),(54,'23','Yuliana','mantikulore@gmail.com',NULL,'$2y$10$kOW6DUD8GKF0Srcz/cgGnO8cLsYcKnyCZiIO8vNEsCGLB2Ojviiq2','User','20250304030329.jpg','Aktif',NULL,NULL,'2025-03-03 21:03:29','2025-03-03 21:03:36',NULL,'Kecamatan Mantikulore','197502202010012005','Jl. Ramba','081242295611','Belanja','RISDIANTO, S.H., M.H','197507072008011018',NULL,NULL),(55,'24','198402132014072004','pertanian@gmail.com',NULL,'$2y$10$MMBANDJz1/mDADlIpYiS5e4aUp5SxzsJ8iNIseLAL7Kpj1KO3ZlQ2','User','20250307020537.jpg','Aktif',NULL,NULL,'2025-03-06 20:05:37','2025-03-06 20:05:43',NULL,'Dinas Pertanian dan Ketahanan Pangan','198402132014072004','Jl. Undata No. 3','-','Membaca','ASHARRINI MASTURA, S.E., M.Si','197502212002122005','2025','23'),(56,'25','Didi Mulyadi','setda@gmail.com',NULL,'$2y$10$WVw8gbw0gTo7wglLPVcct./oXRhh8aI0SyaAyAwsn6d5jKWcuJ0Si','User','20250307032101.png','Aktif',NULL,NULL,'2025-03-06 21:21:01','2025-03-06 21:21:06',NULL,'Sekretariat Daerah','198212262008011014','Jl. Balaikota Selatan','-','Membaca','IRMAYANTI, S.Sos., M.M','196910011997032010',NULL,NULL),(57,'26','Ziaul Ishak','kek@gmail.com',NULL,'$2y$10$3I78ruP/s6JA3Datd2P0DucHP/hPr4I0/3nlm74DCLTknqK.fpRKi','User','20250310064049.jpg','Aktif',NULL,NULL,'2025-03-10 00:40:49','2025-03-10 00:40:55',NULL,'Administrator Kawasan Ekonomi Khusus','197708012014071002','Pantoloan','-','Membaca','HERMAN FARID, S.E., M.M','196909222003121007',NULL,NULL),(58,'27','Ismail','polpp@gmail.com',NULL,'$2y$10$ojF6dMG3xDvgpCv5lZ9d0OSxU1jXXMvCSK3Tkhd9mJ3f.AUK9ys7e','User','20250310064634.jpg','Aktif',NULL,NULL,'2025-03-10 00:46:34','2025-03-10 00:46:40',NULL,'Satuan Polisi Pamong Praja','198509232012121003','Jl. Balaikota','-','Olahraga','NATHAN PAGASONGAN, S.Sos., M.Si','197212251993031005',NULL,NULL),(59,'5','Elma Azhari, A.Md.T','tataruang@gmail.com',NULL,'$2y$10$jFOyRQseMSEDIE8PWR6Jbez.Di96MYvtZWCWvUO1SjIVB5XLFMrR6','User','20250311021310.jpg','Aktif',NULL,NULL,'2025-03-10 20:13:10','2025-03-10 20:13:15',NULL,'Dinas Penataan Ruang dan Pertanahan','199808292022032014','Jl. Balaikota Selatan','-','Olahraga','Achmad Arwien Afries, S.T.,M.T','197409072000031004',NULL,NULL),(60,'28','Ekka','bkd@gmail.com',NULL,'$2y$10$Zr06y4fwKne3IUl/4gcIs.VD5gR6LS5OUP6uV./fX8jrsfx/RNFgi','User','20250312024407.jpg','Aktif',NULL,NULL,'2025-03-11 20:44:07','2025-03-11 20:44:11',NULL,'Badan Kepegawaian dan Pengembangan Sumber Daya Manusia Daerah','198504132015032002','Jl. Balaikota Selatan','-','Olahraga','ABIDIN, S.IP','197005241990031003',NULL,NULL),(61,'15','Asniyah','pariwisata@gmail.com',NULL,'$2y$10$y5qkUnU7cBY8AFeXXCxQk.OKD4Pc7eQQ4WtoolJURvjZlFFanKixq','User','20250313024442.jpeg','Aktif',NULL,NULL,'2025-03-12 20:44:42','2025-03-12 20:44:47',NULL,'Dinas Pariwisata','198306132010012007','Jl. Balaikota','-','Olahraga','RIDWAN MUSTAPA, S.Sos., M.Adm.KP','197203062005011010',NULL,NULL),(62,'29','Mohammad Irwansyah, A.Md','dlh@gmail.com',NULL,'$2y$10$.USX4zdarxwv.TXggSieMeJPwycg6.BJELBftxvBCDkLCaib08v.K','User','20250313080130.jpg','Aktif',NULL,NULL,'2025-03-13 02:01:30','2025-03-13 02:01:39',NULL,'Dinas Lingkungan Hidup','-','Jl. Pipit','-','Olahraga','MOHAMAD ARIF, S.STP.,M.Si','197808181996121001',NULL,NULL),(63,'30','Salsabil','dprd@gmail.com',NULL,'$2y$10$CrDY8Wx77HdizWWjfW0IXO3eHvwM5IXNl4XtI6VoCoYT7lpGGGh4S','User','20250318053325.jpg','Aktif',NULL,NULL,'2025-03-17 23:33:25','2025-03-17 23:33:31',NULL,'Sekretariat DPRD','-','-','-','-','MULIATI, S.H., M.M., M.H','196508051992032014',NULL,NULL),(64,'31','Telly','kominfo@gmail.com',NULL,'$2y$10$aPf20laQuqUX52qu9x8TAOUFex68YZT5qV6gcK75Qf8d7Tur1pLhm','User','20250319064126.png','Aktif',NULL,NULL,'2025-03-19 00:41:26','2025-05-04 22:05:50',NULL,'Dinas Komunikasi, Informatika, Persandian, dan Statistik','-','-','-','-','Mohammad Ridwan Karim,S.SOS.,M.Si','197308191993021002','2025',NULL),(65,'32','Sisfani,A.Md','Tawaeli@gmail.com',NULL,'$2y$10$bVDKoHNf52Z1ttSFMwpAV.9jizSDkiEz3chWNRex2CP3a72SmAKqy','User','20250326061855.jpeg','Aktif',NULL,NULL,'2025-03-26 00:18:55','2025-03-26 00:19:09',NULL,'Kecamatan Tawaeli','198701222019082001','Djaelangkara','085340437099','Menari','Dr. HENDRA OKTO UTAMA, S.Hut.,M.Si','198210222010011010',NULL,NULL),(66,'33','Desy','ulujadi@gmail.com',NULL,'$2y$10$KTNCYf4RJ2CA.PqPqfU8WOPkPp0l9Crt1X25mEd/yGPDKyv87DDeu','User','20250409022532.png','Aktif',NULL,NULL,'2025-04-08 20:25:32','2025-05-04 22:18:26',NULL,'Kecamatan Ulujadi','-','-','-','-','AMSAR, S.Sos','196707071992031017','2025','40'),(67,'34','Aisah','perdagind@gmail.com',NULL,'$2y$10$JB/SO8Bg0HE4aGwkDxAev.YPKuq2K/.t7LBoM9HyUheCegE6xolFq','User','20250409022620.png','Aktif',NULL,NULL,'2025-04-08 20:26:20','2025-05-04 22:08:55',NULL,'Dinas Perdagangan dan Perindustrian','-','-','-','-','ZULKIFLI, S.Sos., M.Si','197106242000121004','2025',NULL),(68,'35','Syaifudin','perumahan@gmail.com',NULL,'$2y$10$6xe8a3rgoaeAkV3PMA.z2uqcGGx7TfBW0bJ19OVW2cQ9UVoN4JZtq','User','20250409022647.png','Aktif',NULL,NULL,'2025-04-08 20:26:47','2025-05-04 20:22:38',NULL,'Dinas Perumahan dan Kawasan Permukiman','-','-','-','-','LUKMAN, S.Pt., M.M','197102021991031008','2025',NULL),(69,'36','Mery','disdukcapil@gmail.com',NULL,'$2y$10$eTJWWuyob6tERQDiDkYRV.a6CPecDBbh/5LhqqI6gPyQ2koBzVo4W','User','20250409034911.png','Aktif',NULL,NULL,'2025-04-08 21:49:11','2025-05-04 22:03:34',NULL,'Dinas Kependudukan dan Pencatatan Sipil','-','-','-','-','WALAWATI, SE','196911151998032004',NULL,NULL),(70,'37','Wulan','bappeda@gmail.com',NULL,'$2y$10$O9BqFl3BURMmaVVUqbDHYeui9r5cKq2KgFzPd/ChvmmOPZfqDY6w2','User','20250409060716.png','Aktif',NULL,NULL,'2025-04-09 00:07:16','2025-05-04 22:12:05',NULL,'Badan Perencanaan Pembangunan daerah','-','-','-','-','Drs. Arfan., M.Si','197204141992031004',NULL,NULL),(71,'38','Fatma','arsip@gmail.com',NULL,'$2y$10$0uX9edsIGHHDEvuRflV.e.5cSA3LJu59EV4P8y89Ecgc0VHIUhEoK','User','20250410013036.png','Aktif',NULL,NULL,'2025-04-09 19:30:36','2025-05-04 22:08:02',NULL,'Dinas Kearsipan dan Perpustakaan','-','-','-','-','Drs. SYAMSUL SAIFUDIN, M.M','196512201992021001','2025',NULL),(72,'40','Lestari','p3a@gmail.com',NULL,'$2y$10$VZSPKyZJ4f1kbvpM6VU/2euXK.qscwBB0T0qQ3trecJ5GAFBxKAOa','User','20250410020407.jpg','Aktif',NULL,NULL,'2025-04-09 20:04:07','2025-05-04 22:04:23',NULL,'Dinas Pemberdayaan Perempuan dan Perlindungan Anak','-','-','-','-','YUDHI RIYANI FIRMAN, S.Sos., M.Si','197209101990122001',NULL,NULL),(73,'39','Ratih','dispora@gmail.com',NULL,'$2y$10$sR615/l9.4rizWPOOHQS9eGNI5RNtbQRDDMPAYxDG9yy7q7StbPdO','User','20250410020438.jpg','Aktif',NULL,NULL,'2025-04-09 20:04:38','2025-05-04 22:06:47',NULL,'Dinas Pemuda dan Olahraga','-','-','-','-','AMIRUDDIN, S.H., M.M','196811171994031010',NULL,NULL),(74,'41','Ayu Sulistianingsih','damkar@gmail.com',NULL,'$2y$10$lVipF.9Zi3cbYaJdOx/Z2.L4fIYAlxkqQtXLN14MUZUeKBoFhVZzm','User','20250410022741.jpeg','Aktif',NULL,NULL,'2025-04-09 20:27:41','2025-05-04 20:24:12',NULL,'Dinas Pemadam Kebakaran dan Penyelamatan','-','-','-','-','HASAN, S.Sos., M.A.dm.KP','196808101990121001','2025',NULL),(75,'42','Herpandian','brida@gmail.com',NULL,'$2y$10$3nhF6N01ZmzsuIL2Qh3/oux/TzHkxRd.fYblKoTDFZxArqrDSm6G.','User','20250411011653.jpg','Aktif',NULL,NULL,'2025-04-10 19:16:53','2025-04-10 19:16:57',NULL,'Badan Riset dan Inovasi Daerah','-','-','-','-','MUHAMAD AKHIR ARMANSYAH, S.Sos, M.Si','197411251994021002',NULL,NULL),(76,'43','Rahman','bapenda@gmail.com',NULL,'$2y$10$l0cCr.3yJ8jMu.dczVuq0u5k5M9a25/jy9AwZ.h.zM00qsiM57y2G','User','20250416015822.jpg','Aktif',NULL,NULL,'2025-04-15 19:58:22','2025-05-04 22:14:12',NULL,'Badan Pendapatan Daerah','-','-','-','-','EKA KOMALASARI, S.E.Ak., M.M','197307012000122002',NULL,NULL),(77,'44','Adri','kesbang@gmail.com',NULL,'$2y$10$.q1j5JtjuI7brKmbOKfgvu.MR9YJPoRB4ROpfi3jUl7kCtPVlTiv6','User','20250417042936.jpg','Aktif',NULL,NULL,'2025-04-16 22:29:36','2025-05-04 22:00:44',NULL,'BADAN KESATUAN BANGSA DAN POLITIK','-','-','-','-','ANSYAR SUTIADI, S.Sos., M.Si','197212131992031004',NULL,NULL),(78,'45','Iswan','bencana@gmail.com',NULL,'$2y$10$0ClJuDWJF9seM.ZFPKLG7u1ndzPc9aYixhdMgmF6ebz3erI5Dey1u','User','20250417061433.jpg','Aktif',NULL,NULL,'2025-04-17 00:14:33','2025-05-04 22:10:52',NULL,'Badan Penanggulangan Bencana Daerah','-','-','-','-','PRESLY TAMPUBOLON, S.E','196708281993031008',NULL,NULL),(79,'46','-','koperasi@gmail.com',NULL,'$2y$10$CciduEdv5PDNrKaetRst0.f/GM7FMecyT0KyaWqMa3phQBoljH2gG','User','20250430041627.jpeg','Aktif',NULL,NULL,'2025-04-29 22:16:27','2025-05-04 22:09:41',NULL,'Dinas Koperasi, UMKM dan Tenaga Kerja','-','-','-','-','SETYO SUSANTO, ATD','197104151994031010','2025',NULL),(80,'47','Novi','kb@gmail.com',NULL,'$2y$10$o5XGZdn8YZDUhcZZafWGv.kWg7uS3V7uRoJDtmmrocOrt2kQJlQlu','User','20250515023939.jpg','Aktif',NULL,NULL,'2025-05-14 20:39:39','2025-05-14 20:39:46',NULL,'Dinas Pengendalian Penduduk dan Keluarga Berencana','-','-','-','-','dr. ROYKE ABRAHAM, M.A.P','197104062000121005',NULL,NULL),(81,'48','Muji','tatanga@gmail.com',NULL,'$2y$10$A9HxV3fO0h96tyXAkFoUAOr9tK6bJ1fHPuMqo4W8pUVe/2EmnPU1u','User','20250601034948.png','Aktif',NULL,NULL,'2025-05-31 21:49:48','2025-05-31 21:49:53',NULL,'Kecamatan Tatanga','-','-','-','-','-','-',NULL,NULL),(82,'49','Taufik','sintap@gmail.com',NULL,'$2y$10$ceIdCXlG///44M20BoZV.O/NKbRf4fBfvvnJ8mS9hK07gTVZEhFEi','User','20250602003055.png','Aktif',NULL,NULL,'2025-06-01 18:30:55','2025-06-01 18:30:59',NULL,'Dinas Penanaman Modal dan Pelayanan Terpadu Satu Pintu','-','-','-','-','-','-',NULL,NULL),(83,'50','Wiwin','dishub@gmail.com',NULL,'$2y$10$K4XR/Dgr/GPGi3cOHutT3uLpQh5DKOoBsnHjCtZyie/AGdl/Lteum','User','20250623012728.jpg','Aktif',NULL,NULL,'2025-06-23 02:27:28','2025-06-23 02:27:32',NULL,'Dinas Perhubungan','-','-','-','-','-','-','2025',NULL),(84,'51','Sarwoto','inspektorat@gmail.com',NULL,'$2y$10$QrACmk3v5GcB9wC7Bu1bGOPH/IvH.OZL/ylQK5w//9AWKy88HZ8bO','User','20250711021717.png','Aktif',NULL,NULL,'2025-07-11 03:17:17','2025-07-11 03:33:14',NULL,'Inspektorat','-','-','-','-','-','-',NULL,NULL);
